1|20
260  94.6675  
1927  95.0941  
804  83.6874  
3  82.8459  
1009  83.1039  
2406  87.8541  
1587  84.7333  
3671  94.8848  
2617  80.3001  
3053  94.9783  
2571  92.6447  
1222  98.3537  
2137  88.3038  
1377  80.1105  
2395  85.8883  
2761  96.9836  
2641  78.8633  
2872  90.22  
1258  96.561  
2700  92.6041  
2|6
333  73.7338  
122882  74.7373  
71535  75.1054  
46970  67.3229  
58559  80.8462  
80489  74.8726  
3|8
5764  42.9096  
647  29.0718  
6835  42.9096  
5919  56.3124  
2851  27.6888  
2288  45.1986  
5048  16.477  
4518  55.1787  
4|20
106  64.6613  
1291  77.1163  
3408  62.7477  
265  63.6403  
52  72.8613  
4347  74.3531  
2467  72.1588  
908  84.6196  
345  69.9113  
1304  80.1201  
1923  64.5854  
2959  73.5391  
368  55.8648  
1219  80.256  
4765  68.9158  
1199  72.3939  
4166  64.2634  
1732  72.7685  
21  59.9452  
2858  69.0604  
5|9
515  72.9989  
1  78.2452  
364  78.7304  
608  81.5341  
290  78.8506  
261  73.58  
34  70.581  
318  85.9958  
21  66.7583  
6|20
349  78.1862  
318  89.3853  
775  73.5875  
141  76.2264  
348  73.2125  
104  78.5587  
327  65.3947  
410  72.4257  
165  80.8121  
87  69.9529  
366  68.2168  
17  81.3393  
1084  86.9531  
222  80.8141  
16  75.6413  
416  57.0527  
277  72.1088  
460  73.4255  
867  64.4828  
316  74.5591  
7|20
8528  69.7432  
3623  48.0115  
8636  69.7497  
8360  71.4158  
1517  67.9925  
466  51.2084  
8373  43.406  
1220  74.2522  
7155  47.929  
8808  45.9533  
6863  65.0025  
31878  66.866  
1610  72.8432  
1219  77.7439  
4700  53.2725  
45668  50.3965  
8970  66.1683  
27741  68.4874  
6333  69.8926  
8865  47.2491  
8|10
356  82.5262  
47  80.0305  
231  63.4344  
318  88.7721  
454  72.6537  
292  67.6428  
32  81.1088  
141  69.9126  
380  70.2891  
252  66.7781  
9|10
5451  56.8697  
923  84.7247  
5890  88.8959  
2901  59.9842  
922  83.7057  
6044  65.0573  
1987  65.0573  
5378  69.8428  
3735  71.4011  
5447  55.045  
10|20
597  56.0501  
33679  67.1771  
8533  70.4063  
8969  64.9843  
72720  66.112  
88810  75.8506  
136020  55.9786  
6377  66.7626  
5943  55.6584  
109374  70.5041  
113394  63.892  
61250  53.6304  
82167  60.6458  
140110  64.5316  
5377  71.0695  
77841  63.892  
6942  70.029  
1028  68.4879  
72330  63.892  
66203  59.6984  
11|13
733  78.8918  
1584  80.2815  
1210  88.0949  
170  69.3826  
1438  59.7425  
648  76.4342  
1918  64.3541  
493  79.88  
10  74.7647  
457  84.6519  
1693  77.6929  
150  82.4672  
1923  78.8264  
12|7
2717  78.8418  
2100  79.1305  
838  95.4018  
2072  79.0318  
1876  78.4355  
2581  81.6794  
6942  95.1097  
13|7
3717  71.0161  
3624  71.7495  
3798  68.668  
2174  79.5348  
47  87.0633  
3893  76.587  
305  63.1009  
14|10
344  59.4703  
477  73.505  
110  75.9317  
540  61.2384  
597  69.0561  
153  58.2923  
592  66.6254  
4  54.0341  
539  70.6616  
105  70.3333  
15|20
91529  62.8309  
7438  69.4321  
111759  64.7449  
2329  82.0519  
1  76.8906  
1909  72.9248  
1240  79.7448  
115713  65.6644  
1200  82.2772  
293  80.0867  
2571  80.4323  
3949  67.3949  
120466  61.8391  
1198  81.7532  
2028  83.5785  
2011  73.6372  
158  50.3121  
160980  67.8535  
4306  72.2977  
4022  70.87  
16|20
1230  73.4896  
78499  74.8756  
913  76.97  
1136  74.4182  
1299  73.4809  
1617  73.2956  
1203  76.7494  
3429  79.019  
2858  69.121  
608  73.1005  
3683  77.0203  
4002  68.0433  
1199  78.9756  
912  75.7263  
2707  58.8618  
5782  73.2724  
1260  69.3108  
319  70.5547  
27773  75.4745  
2109  63.9937  
17|20
260  91.7684  
64839  79.8053  
296  91.8564  
5952  87.3686  
527  92.4472  
1193  88.4402  
3681  83.9087  
1240  84.5777  
2717  67.0719  
2858  88.4068  
1093  70.6177  
81932  79.1848  
5618  89.2187  
50  91.2408  
5971  83.7147  
2959  93.009  
1201  85.3344  
541  89.7337  
82459  79.7879  
1  86.5216  
18|20
8117  70.0409  
65596  70.0409  
88094  70.0409  
145283  70.0409  
157110  70.0409  
166015  70.0409  
171023  70.0409  
103253  62.2722  
60684  78.178  
44199  78.8595  
2  64.9108  
86628  70.877  
59784  69.7187  
2918  77.7919  
109374  79.5644  
4226  85.7736  
53129  82.6068  
139385  77.4204  
47  78.2399  
1291  83.0387  
19|20
3692  56.2249  
3662  49.6269  
54  43.1028  
2733  47.0826  
1702  44.9087  
1240  70.483  
1270  75.7902  
3712  52.9378  
1881  53.7982  
216  56.3693  
3  49.549  
1834  60.3565  
2184  51.996  
3017  50.3519  
2044  47.7154  
2354  46.9496  
2005  60.0822  
3146  39.7898  
3387  47.9998  
2694  49.1754  
20|20
1566  79.852  
5419  56.7344  
4014  76.0307  
2140  70.9309  
586  75.4676  
661  78.9343  
3189  75.3941  
5014  84.4484  
1333  84.7145  
4161  56.3905  
3784  63.3543  
1030  71.9642  
5313  39.2719  
2804  91.3836  
2054  69.4187  
34  85.6038  
1097  85.0982  
6358  72.712  
4519  65.1501  
1722  55.5983  
21|20
107013  65.0828  
117922  65.0828  
140301  65.0828  
57640  76.8481  
2985  65.0991  
2990  80.6153  
2717  62.6661  
5418  70.5753  
31433  61.6411  
112175  78.4969  
7153  73.4765  
30793  62.4422  
4446  74.9092  
52973  70.4279  
45186  75.0594  
2023  70.3055  
79185  67.4328  
1721  63.6285  
102125  71.0296  
5459  62.5574  
22|20
8961  48.3157  
2723  51.3552  
60950  31.8799  
64575  37.8  
1193  65.2211  
70286  46.1185  
4993  62.1839  
2160  68.7513  
39183  44.669  
7147  50.3854  
3996  58.7881  
3481  57.49  
55765  42.5459  
48780  51.9139  
7361  58.7114  
51540  42.9974  
6711  55.8234  
2968  67.4609  
3949  54.6452  
48394  46.226  
23|20
6234  64.1757  
3996  67.6153  
293  72.5508  
1206  74.5976  
1136  74.0433  
1960  68.7861  
7587  72.633  
3424  74.7635  
3181  75.4393  
2467  69.7125  
1248  83.3661  
1617  75.1873  
6807  72.7131  
1952  75.6661  
6440  74.4686  
1258  74.6397  
1243  76.368  
1080  69.6918  
8228  66.5751  
1711  56.0277  
24|20
1784  71.7493  
2617  63.0353  
111759  75.6211  
134853  76.086  
58998  73.5976  
1265  76.2196  
1198  81.4126  
3147  78.9294  
1197  83.0835  
1220  74.9154  
2424  64.0975  
5418  73.7139  
72011  70.6876  
54286  71.5244  
27773  77.057  
64957  67.6961  
356  79.8418  
44191  75.0242  
1682  75.6102  
68358  74.8111  
25|6
58559  100.0  
60069  97.2612  
74458  95.4148  
79132  98.4622  
527  100.0  
260  100.0  
26|21
10  69.4435  
34  72.5476  
47  78.0404  
150  74.8214  
153  58.8024  
165  71.7956  
185  60.9624  
208  59.2365  
225  69.7918  
288  66.7649  
296  82.1358  
300  70.742  
344  61.8168  
349  70.7056  
356  81.1498  
380  69.3335  
434  60.8338  
454  71.485  
457  77.5844  
592  68.266  
593  82.9275  
27|20
1196  78.9169  
2478  64.1598  
2640  71.8543  
3508  82.72  
3555  64.0565  
1201  76.1149  
3519  64.6944  
969  77.9771  
2080  72.1769  
673  60.1027  
2886  55.7544  
2529  72.9665  
1387  77.1094  
1101  64.1321  
1947  75.9467  
1250  81.0209  
1276  79.199  
3114  80.1647  
1083  63.8284  
3809  67.7372  
28|20
27450  58.5672  
60943  58.5672  
61011  58.5672  
63033  58.5672  
5617  60.7048  
59369  61.0446  
60046  58.5672  
507  53.4919  
3300  57.3635  
55094  57.4393  
59018  58.5672  
26695  58.5672  
2951  65.4164  
3006  59.9759  
2231  62.2103  
5418  69.1223  
26812  56.2939  
2058  52.1996  
353  62.7819  
61167  58.5672  
29|17
98961  86.324  
7379  78.6578  
1250  88.1898  
1201  88.4697  
111362  83.5377  
48516  90.2361  
1100  56.9201  
26554  79.1919  
3441  70.0605  
4327  79.2765  
2872  78.1455  
2301  81.56  
1617  86.7556  
3681  88.2726  
55820  85.7135  
4223  79.6775  
99114  83.574  
30|7
5952  96.9699  
108932  97.1507  
1200  94.471  
91529  98.4092  
116823  94.2762  
112852  99.7914  
1198  99.2659  
31|10
1198  88.1191  
1200  84.5581  
648  76.5466  
1363  71.2457  
1073  83.8676  
1036  83.0695  
1197  88.5627  
377  75.9067  
1246  84.7519  
1270  85.9181  
32|20
236  72.0727  
314  82.723  
1356  77.228  
357  75.903  
224  77.1551  
627  78.3801  
1079  81.7967  
1084  81.0247  
318  91.482  
761  57.4309  
1197  87.6914  
849  60.8143  
912  87.0622  
880  56.167  
1198  86.4511  
58  85.5191  
203  69.3914  
608  85.5371  
497  84.0695  
410  64.5223  
33|20
110  87.2418  
17  79.7237  
2396  80.5155  
2272  75.4757  
448  65.9045  
428  72.1264  
265  77.1225  
1280  86.7602  
1177  83.4865  
1617  86.2564  
50  86.4429  
261  77.3365  
11  80.4722  
452  62.0174  
345  81.0411  
608  85.9287  
150  82.731  
1188  76.4946  
800  82.6339  
2690  77.397  
34|18
780  63.3086  
2273  61.9118  
3717  66.4182  
26606  73.2502  
45499  69.4324  
3996  77.0787  
4310  65.5433  
3624  65.1017  
31685  66.0446  
1721  67.3892  
5146  70.6294  
7090  84.753  
70  66.0569  
2006  63.9457  
3000  81.834  
4306  74.6165  
27728  63.5045  
3997  49.2784  
35|5
11  84.3612  
185  72.2084  
595  86.4345  
21  80.7546  
300  82.3951  
36|12
5171  35.9596  
3066  63.5194  
552  39.6079  
4025  36.5509  
1262  58.0498  
2735  40.9341  
2359  52.5542  
1372  45.6614  
1278  57.3195  
2194  54.304  
3347  65.6254  
1704  54.5423  
37|5
344  73.4408  
356  91.5814  
661  79.8171  
329  78.5043  
457  88.0189  
38|16
434  54.0939  
39  59.2292  
223  67.5397  
161  66.2901  
246  79.0462  
168  54.2787  
273  55.2299  
480  67.9047  
356  76.216  
457  72.0894  
364  72.4123  
50  77.4452  
500  63.5275  
300  65.1543  
551  65.8652  
21  64.3048  
39|20
2571  90.6268  
2391  80.4352  
1921  85.2783  
1862  49.7994  
1219  85.3794  
1907  71.7881  
2081  69.76  
2459  65.5116  
924  85.6626  
2529  77.2423  
1729  76.0728  
47  87.0497  
260  93.5083  
2080  62.7466  
592  74.3534  
296  90.6161  
3213  83.4997  
610  71.9579  
589  86.5062  
596  65.172  
40|20
440  77.1998  
454  74.5932  
588  77.6324  
339  73.4287  
158  60.1184  
432  54.4727  
431  77.8709  
186  56.8438  
616  78.9302  
514  77.3729  
21  75.2005  
592  70.9245  
1  81.3227  
223  82.3883  
585  62.5581  
216  74.6839  
104  71.5908  
371  81.6876  
111  85.3946  
267  66.6522  
41|20
96829  74.3767  
64839  71.7801  
122882  60.4436  
6287  58.0295  
1569  57.4928  
106920  67.7708  
86781  81.7478  
3160  65.7061  
1721  55.4558  
2028  61.2383  
6763  44.0432  
5418  68.7796  
53519  57.1121  
122904  60.237  
55247  74.3112  
924  58.8441  
4011  69.3477  
2324  74.3679  
35836  64.1548  
5995  81.9006  
42|20
3869  80.3831  
4654  68.8892  
1021  57.3386  
2423  74.5077  
3248  50.1241  
4477  58.7519  
2500  51.8774  
1431  53.8983  
195  69.1664  
3326  73.5938  
2407  69.4835  
1090  78.9613  
2735  67.1909  
3693  62.006  
1020  73.1898  
4545  71.746  
4132  62.8464  
2263  63.2028  
3535  84.4767  
2805  60.6873  
43|20
225  85.6652  
296  95.6726  
596  95.9512  
588  89.2089  
587  86.013  
420  76.3949  
158  82.7453  
631  98.556  
5  81.9446  
597  85.1519  
168  80.8086  
355  75.0719  
47  92.5143  
367  82.2376  
519  76.7855  
594  94.9989  
236  85.4003  
1  95.5696  
60  95.1739  
259  92.7431  
44|10
36  73.6096  
663  74.4367  
12  52.1058  
661  65.8122  
94  79.6628  
1  78.0383  
104  68.4909  
112  66.1159  
494  69.5017  
889  70.715  
45|20
2718  73.7921  
1036  86.5968  
2028  92.7338  
1653  86.3947  
1682  89.7075  
2396  81.4275  
3249  66.037  
261  80.1964  
4308  86.8698  
329  75.7148  
1367  66.8107  
2890  74.9328  
593  94.6795  
1127  73.8757  
2431  71.9541  
6377  96.7554  
569  59.2209  
1197  89.7861  
1060  82.0275  
2858  91.8182  
46|9
590  85.1637  
588  86.3949  
315  73.0445  
208  71.2012  
1  88.3788  
432  65.0488  
225  80.8092  
434  71.8859  
339  78.9134  
47|20
508  61.2305  
68932  66.5965  
72395  65.6393  
2420  53.9332  
597  52.5722  
148626  63.9919  
5989  56.6354  
96588  61.8146  
69122  53.4068  
6155  50.094  
4975  52.057  
30749  62.0744  
106100  66.2808  
45950  66.2348  
2028  62.2376  
4018  48.6556  
1259  60.2046  
6373  48.0937  
33166  58.2548  
2407  50.5651  
48|7
4886  87.786  
1320  77.3197  
1527  86.0212  
1193  92.7884  
3793  84.5594  
48  76.2725  
1653  89.3598  
49|5
2028  88.8379  
1214  85.9859  
139385  85.0361  
318  93.5059  
527  89.5073  
50|20
8143  53.9597  
114335  53.9597  
136564  53.9597  
142074  53.9597  
171759  53.9597  
175693  53.9597  
179073  53.9597  
175707  53.9597  
71264  45.6853  
82848  53.9597  
1377  51.9156  
44555  67.0254  
8157  62.0927  
6807  66.5364  
95543  38.7804  
8253  59.003  
96610  44.872  
924  69.5478  
32875  53.9597  
4896  55.3276  
51|20
7040  76.4998  
5620  66.0585  
2613  61.918  
4437  91.5699  
2023  73.9921  
1500  82.1995  
522  83.4142  
858  90.8792  
4508  84.4749  
2951  90.3947  
1014  79.3284  
1407  67.6777  
2282  64.1452  
2420  82.3347  
3388  56.9692  
260  87.6048  
3186  80.3318  
3994  64.6428  
3501  72.1015  
2371  74.2714  
52|20
152081  90.4217  
51255  93.6229  
74458  91.8709  
1923  82.5666  
7438  91.5902  
40583  86.612  
59784  82.767  
55765  93.7002  
112852  94.9656  
86892  85.0516  
55363  94.1502  
112138  87.5088  
49272  93.9886  
52245  79.846  
69481  96.5015  
50794  76.9642  
1704  91.1736  
54736  91.6842  
44665  93.9542  
47200  81.9614  
53|5
481  96.1514  
1100  85.8244  
249  100.0  
1125  100.0  
916  100.0  
54|7
296  68.8243  
593  69.6825  
639  48.5326  
1  64.5842  
205  52.6428  
161  59.8292  
500  54.9993  
55|5
2407  40.963  
673  43.2003  
3275  75.4627  
2890  55.2766  
4011  72.6712  
56|10
786  73.0484  
253  82.469  
165  82.7532  
110  89.5608  
589  88.9481  
370  73.4785  
434  70.9553  
410  74.69  
69  84.7759  
185  71.5992  
57|20
2140  67.6037  
942  80.6228  
920  78.078  
3175  74.0348  
1784  76.7703  
3429  79.5788  
933  87.0035  
1193  91.2764  
3446  54.7882  
160  49.0886  
1499  28.2667  
2640  71.0002  
892  67.419  
11  71.1401  
2947  75.4104  
6  75.4673  
2478  55.6468  
2291  78.941  
1688  64.7912  
2301  66.9378  
58|20
588  87.0795  
282  73.0906  
185  67.5843  
419  62.4897  
367  75.9292  
277  74.1395  
48  73.7451  
280  86.827  
337  80.3986  
345  83.4796  
3  74.7703  
357  79.4533  
527  95.1584  
587  77.5447  
218  75.5706  
500  78.5437  
508  82.0365  
368  78.8216  
364  89.7382  
353  79.5526  
59|20
1696  74.9853  
6460  99.9053  
3489  69.4525  
1188  86.3181  
1222  84.6381  
2076  87.4781  
3448  82.0029  
1263  89.4109  
1247  84.5023  
527  83.8965  
1244  91.2979  
904  91.2246  
903  92.6781  
965  88.8224  
2616  70.0035  
1953  85.5614  
608  83.6767  
105  78.0604  
912  89.9299  
3471  83.0409  
60|5
832  67.923  
58559  80.263  
805  69.8165  
455  51.8039  
858  81.5623  
61|8
266  73.6664  
1101  73.2213  
7438  83.6067  
173  60.4772  
555  80.5906  
2012  74.5719  
4878  84.6371  
3949  82.8658  
62|20
99114  87.7619  
176371  82.462  
3793  82.5379  
56757  81.2716  
73017  86.9822  
30793  74.3317  
179819  69.0407  
68554  75.8814  
185135  81.8834  
168248  88.7762  
5903  88.0238  
4878  95.3144  
2028  93.3117  
5502  78.2795  
6058  64.8644  
344  72.4755  
1721  77.4414  
45499  77.4247  
41566  80.8582  
78105  63.863  
63|20
5669  67.9481  
4246  61.5242  
48780  75.9122  
500  65.4359  
6016  78.9344  
31658  76.2613  
2858  73.6914  
64285  80.0619  
85414  74.1717  
1221  81.4831  
106696  75.1177  
4963  67.5658  
50  83.9079  
1097  70.2941  
260  81.3879  
110  77.0032  
1222  75.6807  
4979  63.8499  
5952  72.9329  
77561  69.5456  
64|20
5878  86.3125  
3101  68.5285  
2640  73.9523  
2959  86.6358  
8784  77.9836  
2054  59.0016  
4239  79.3345  
4025  61.2584  
5026  79.8009  
40819  80.5815  
266  72.1137  
2699  62.1952  
27266  83.1668  
3969  69.3564  
1805  64.7333  
6296  82.9192  
4776  76.7962  
3148  78.8787  
4262  81.4272  
356  82.6932  
65|7
1246  81.2567  
33660  83.3027  
7458  72.381  
2329  85.1819  
4993  83.7018  
91542  75.8023  
3147  83.3323  
66|20
593  86.7491  
47  81.6445  
5418  85.1737  
922  92.4915  
2139  83.4172  
2956  75.37  
3745  78.234  
1956  90.21  
4581  76.1348  
5349  78.9706  
1210  80.893  
1094  76.8097  
2001  68.1953  
380  74.0975  
6539  86.9849  
671  77.5399  
1  82.1075  
6378  83.7256  
7766  86.666  
296  88.2457  
67|8
99114  78.4076  
4306  76.9992  
27193  87.6485  
79132  79.9334  
60069  79.8471  
2012  70.838  
4886  76.555  
4993  79.0781  
68|20
47978  65.9999  
95218  65.9999  
6534  50.4185  
48696  60.9463  
67267  77.3293  
30825  65.9814  
1799  65.4237  
3556  65.8569  
8622  65.7993  
4351  62.7753  
63113  70.611  
58295  70.1516  
7151  61.2594  
2413  66.4759  
6287  64.4109  
653  58.2347  
41566  72.6367  
5541  55.832  
260  80.1891  
48043  66.2806  
69|10
4370  83.9422  
4848  95.3479  
3671  94.2552  
2476  93.547  
1193  98.3542  
356  96.5099  
553  91.8293  
4022  89.778  
260  99.3901  
3994  86.9074  
70|13
1193  88.4066  
1097  82.5283  
1914  82.1404  
1269  86.9144  
4995  85.9484  
318  92.6154  
8949  82.9375  
1968  82.8837  
1210  87.6074  
89492  83.7796  
1250  90.9815  
1235  95.3548  
2366  77.2842  
71|7
494  73.6251  
647  73.7794  
736  69.12  
95  63.6702  
733  75.4067  
589  80.8609  
7  65.2899  
72|9
1047  74.0059  
150  82.7396  
858  93.2213  
2490  78.4775  
1357  87.4421  
260  91.9312  
50  91.0265  
1198  91.4078  
1196  89.4993  
73|20
1193  84.173  
45720  71.8913  
105037  59.3078  
6333  81.4063  
59315  83.7166  
76293  68.622  
138204  64.4146  
2706  71.6478  
152081  85.8204  
45221  58.5886  
68135  74.6839  
150  77.6822  
8376  73.7293  
93510  81.2557  
59784  78.8084  
116823  85.9827  
106072  80.4763  
1682  81.3917  
52245  70.7768  
35836  72.5834  
74|20
31522  77.7097  
2594  81.2306  
2908  81.8068  
30749  85.9884  
6870  83.5965  
3006  80.5187  
52281  81.8249  
49772  82.2547  
55118  86.4639  
2997  89.2863  
6305  82.8257  
608  94.0701  
4546  85.5911  
41863  84.4134  
27773  88.8365  
6001  85.6296  
1251  95.0796  
6552  81.5232  
46976  80.9625  
44555  94.6178  
75|14
5445  65.9817  
1240  66.2839  
5952  72.1656  
2193  61.7749  
6870  64.5249  
2529  69.2641  
168  47.4541  
541  72.0837  
3176  60.5571  
1962  61.1636  
2078  67.2145  
1889  61.0915  
1266  74.5338  
1374  67.8176  
76|20
48877  57.1509  
5956  56.6813  
2918  67.635  
58803  62.1765  
1247  69.635  
74458  61.0632  
7669  67.238  
79132  63.3846  
8957  48.5483  
858  79.5975  
55820  66.2021  
1258  75.8121  
63436  66.5189  
1201  74.1541  
1208  77.4812  
48  34.0335  
288  55.9278  
34405  64.7288  
1  60.8238  
1196  73.9494  
77|6
3996  79.3334  
4973  85.62  
7361  84.1653  
8636  78.6552  
3578  81.4502  
33794  78.1331  
78|13
296  79.4966  
165  71.5498  
3809  64.6909  
589  77.3883  
546  41.491  
27904  67.0005  
260  82.0872  
590  71.8013  
480  71.3311  
68791  64.2785  
344  60.8336  
44974  64.2534  
380  67.4507  
79|13
3266  98.012  
3029  78.0358  
589  86.8337  
1916  82.5552  
307  89.1475  
4005  76.8566  
260  92.6038  
1189  94.1111  
1345  78.1618  
2000  81.8297  
1374  85.9067  
2659  78.6383  
2076  86.4097  
80|20
7445  88.9064  
96691  81.0512  
84189  81.2087  
91630  86.3779  
49530  89.0803  
8950  92.5908  
6539  89.7148  
4223  89.5054  
5630  85.4348  
3527  87.1731  
76251  87.9546  
80363  73.0423  
52604  88.112  
6502  91.9814  
34048  83.7983  
1221  95.8893  
60684  90.7059  
6952  73.7539  
5989  90.5316  
77561  85.1722  
81|26
10  69.4435  
32  79.3729  
47  78.0404  
110  79.0763  
150  74.8214  
153  58.8024  
161  72.5119  
165  71.7956  
208  59.2365  
231  62.4603  
288  66.7649  
296  82.1358  
316  66.6779  
318  86.9491  
329  67.1286  
344  61.8168  
356  81.1498  
364  79.0946  
367  64.785  
377  69.4599  
380  69.3335  
457  77.5844  
480  73.0938  
588  74.7867  
589  78.2071  
592  68.266  
82|20
6886  70.9768  
2381  58.2059  
2378  63.0974  
6566  62.9064  
368  72.0508  
6536  79.9631  
3253  72.7779  
4310  69.4945  
1608  69.7555  
1372  65.8944  
145  71.1172  
356  80.9331  
6708  83.5267  
1485  65.12  
4369  71.1378  
6564  61.1488  
6888  56.6455  
5803  60.9926  
4015  66.7091  
364  75.0106  
83|20
56367  65.1483  
7143  66.8843  
7323  65.7934  
6539  68.1198  
161  67.4061  
586  50.2043  
2115  63.7517  
1270  72.6792  
6874  71.4778  
2324  81.0302  
1537  71.1003  
7153  74.0106  
68954  71.1592  
48774  67.9829  
30749  67.6699  
8014  77.4366  
1222  73.0831  
3753  54.4291  
1223  71.4465  
64983  55.0437  
84|20
55  69.709  
987  69.709  
912  83.3079  
1096  76.5764  
420  57.128  
1227  82.1945  
113  61.3007  
580  63.5033  
5060  80.6095  
1293  77.7253  
900  71.6101  
1097  72.9322  
62  78.5374  
368  71.2293  
1305  75.0375  
1247  77.1913  
1296  77.8901  
11  79.9753  
1073  74.6595  
1094  71.5538  
85|7
1519  69.8834  
1624  68.9086  
1140  69.8834  
1694  59.8738  
1643  73.556  
1747  67.9243  
1635  80.4949  
86|14
4993  83.47  
4310  66.0251  
6947  78.4231  
2411  66.8513  
457  80.2875  
5418  78.1895  
3996  79.4176  
4901  75.4453  
1835  75.2327  
33794  79.09  
1196  83.6764  
3555  73.4127  
1097  78.2868  
2687  73.9946  
87|5
4023  69.155  
2009  76.1576  
3504  87.8493  
671  76.7417  
2139  80.3508  
88|12
7312  74.5878  
74795  75.4552  
4993  91.2041  
68157  91.5545  
5952  89.5951  
1193  91.2285  
223  85.5271  
8665  84.3396  
4262  86.9886  
56782  96.029  
8677  71.8426  
58559  92.6923  
89|104
26645  65.5123  
32060  65.5123  
44851  65.5123  
53280  65.5123  
53578  65.5123  
67888  65.5123  
69211  65.5123  
81087  65.5123  
84246  65.5123  
103602  65.5123  
108078  65.5123  
109596  65.5123  
118894  65.5123  
121007  65.5123  
128089  65.5123  
128944  65.5123  
131098  65.5123  
131439  65.5123  
134847  65.5123  
140481  65.5123  
146684  65.5123  
148632  65.5123  
150554  65.5123  
164226  65.5123  
30793  47.5876  
169912  57.1428  
87869  64.105  
1923  45.8066  
4015  45.2934  
950  63.0627  
173253  65.5123  
2324  56.5083  
27826  65.5123  
92259  70.2674  
11  41.7749  
3977  38.0414  
86298  61.8082  
8154  57.1733  
77688  65.5123  
2997  48.6073  
170837  65.5123  
49274  52.1973  
157775  65.5123  
1  50.3938  
142196  65.5123  
99117  61.2573  
62008  65.5123  
72624  65.5123  
108156  60.2711  
3752  54.3955  
2059  54.1829  
128520  70.8054  
3175  45.127  
133879  65.5123  
48649  65.5123  
126088  65.5123  
5529  69.4458  
65588  65.5123  
99130  65.5123  
40962  67.9628  
1732  52.5752  
68659  56.9027  
91666  65.5123  
2683  42.8165  
3751  51.1049  
750  48.5703  
6650  50.3412  
149508  65.5123  
2395  42.4695  
51575  57.3151  
65230  56.6431  
171751  65.5123  
85881  78.089  
139157  65.5123  
6863  52.9097  
4246  55.2495  
108949  69.9779  
1230  44.273  
160567  67.3392  
73319  57.2407  
177185  65.5123  
130520  67.4809  
5220  47.8791  
121338  65.5123  
153386  65.5123  
50872  62.0666  
149566  65.5123  
145491  65.5123  
4890  52.9563  
129354  55.7563  
32243  65.5123  
84944  66.7146  
6402  65.5123  
1288  48.3951  
140133  65.5123  
119141  63.0291  
947  58.7775  
176621  65.5123  
4973  61.5956  
158398  65.5123  
69469  65.5123  
54503  59.8446  
141928  65.5123  
102481  64.6771  
90|11
1137  77.9132  
1144  77.9132  
581  82.8865  
81  75.2296  
892  86.9274  
1073  81.2308  
116  76.1981  
896  79.1161  
17  82.3545  
7  68.9515  
613  75.092  
91|20
3013  67.822  
6395  67.822  
8147  67.822  
7153  88.1077  
3360  71.7318  
2791  79.4289  
3897  70.9828  
1080  74.4472  
4850  70.7582  
3429  80.1656  
7000  61.9374  
2060  64.9393  
2916  75.2025  
1391  64.6342  
2100  58.4303  
318  89.6264  
2146  63.995  
1225  80.4575  
1246  73.5144  
8501  77.0043  
92|5
2572  83.94  
2114  84.8408  
1015  75.9477  
2454  77.4484  
1801  82.8113  
93|20
736  84.316  
1917  78.4664  
552  82.8219  
1721  85.4878  
539  89.123  
480  90.9203  
1372  87.8673  
368  91.4115  
2355  87.7228  
1923  89.4109  
2193  90.4124  
2006  81.8553  
339  87.5059  
1097  92.4355  
1591  74.3188  
260  100.0  
2968  94.7171  
1676  86.7011  
593  100.0  
558  78.6165  
94|12
231  55.9863  
377  62.6129  
367  57.9694  
364  73.6083  
288  58.2574  
19  47.9923  
10  63.284  
586  52.8363  
590  68.7615  
380  62.7463  
589  73.524  
318  80.2118  
95|20
18  82.8227  
4878  90.6757  
6979  75.72  
4732  60.509  
3019  86.021  
5246  68.2178  
32  91.0723  
2952  80.3102  
1247  92.0383  
1198  95.5735  
5283  69.8462  
3361  83.4727  
1513  65.4487  
2009  80.455  
539  80.3546  
122  63.6607  
1584  85.1319  
1240  88.5348  
4262  87.9153  
5349  82.9037  
96|16
527  92.3085  
1094  72.3356  
272  76.8862  
3819  70.9836  
150  84.2743  
2021  70.4803  
2571  90.5589  
1214  85.7605  
2058  64.9186  
1220  80.0573  
733  77.8566  
2340  58.5535  
1721  75.4224  
2396  84.0899  
367  73.2825  
1291  88.2273  
97|8
4701  83.6227  
4306  92.322  
3578  93.6691  
4993  96.6447  
4963  91.6363  
4299  82.09  
3981  66.5694  
4161  78.383  
98|19
81845  87.8915  
8961  77.9465  
122912  86.525  
5299  67.9246  
63992  56.1907  
187541  78.5611  
56152  80.2864  
134853  86.2903  
69644  63.6847  
6863  70.5506  
5618  85.2332  
56801  61.5938  
3499  80.6236  
134130  85.6318  
74789  69.257  
82461  74.8076  
1258  84.7347  
88810  85.1865  
79132  84.8725  
99|11
318  100.0  
161  91.5727  
420  75.3888  
592  88.4512  
196  72.4189  
122  68.0541  
145  80.3682  
150  95.9202  
316  86.8861  
236  86.1687  
588  95.5573  
100|20
497  82.9131  
296  86.0269  
1393  76.384  
95  66.6356  
592  72.6385  
605  71.461  
6059  80.4055  
28  90.7692  
2245  71.5291  
62  80.0361  
4308  82.5754  
1777  75.6004  
838  84.1439  
2125  87.7669  
1288  83.1534  
234  64.7431  
1197  88.27  
2005  77.264  
4014  78.9343  
4623  82.9663  
101|13
2580  81.6195  
3285  62.9133  
2723  64.3096  
2700  75.8875  
2908  80.4613  
2390  82.922  
3175  70.1184  
2395  74.504  
358  60.5224  
2702  65.0891  
3394  56.3703  
2997  81.1063  
2502  81.4703  
102|12
158  56.1561  
588  74.0793  
150  74.3971  
592  67.2317  
253  70.3424  
480  72.809  
344  61.0196  
539  69.4361  
553  73.8705  
593  82.5181  
586  61.2768  
223  77.1055  
103|20
86014  74.9404  
1954  84.298  
60040  60.2353  
1968  83.7939  
77206  74.9404  
2161  84.5371  
1732  89.0663  
81834  66.3467  
608  85.8054  
2384  67.8945  
4254  52.3134  
104  71.6692  
139642  65.0919  
56782  97.7495  
2096  77.2736  
101  90.4738  
6534  55.7522  
374  60.2676  
60069  74.1049  
30793  63.0018  
104|20
4740  70.0983  
743  49.3257  
5218  75.4331  
8643  74.3834  
1288  73.9843  
47997  70.1978  
468  69.4526  
76251  71.3465  
8533  78.1833  
4018  68.1658  
38038  81.8745  
1566  72.9676  
7361  81.4047  
6060  67.5604  
3034  75.5826  
1641  76.0804  
4641  69.5476  
108190  63.055  
616  77.9534  
7034  77.8438  
105|20
4788  77.109  
69685  77.109  
95311  77.109  
95313  77.109  
110586  77.109  
141816  77.109  
141818  77.109  
170597  77.109  
172587  77.109  
172793  77.109  
173351  77.109  
173535  77.109  
6433  71.4126  
4974  66.5772  
70286  77.5234  
108981  77.109  
95175  77.109  
69122  76.7443  
1243  85.3608  
3916  80.8591  
106|7
69844  92.0273  
72998  85.197  
59501  84.2482  
86880  79.4135  
5349  86.8654  
53125  83.4047  
59784  82.1024  
107|7
231  71.8993  
253  81.7575  
590  84.581  
165  81.3364  
434  70.5936  
208  69.119  
318  94.93  
108|16
800  85.9552  
6022  71.7253  
4995  87.7017  
2585  77.9396  
5316  72.2946  
4975  78.7613  
3978  69.6242  
5349  79.395  
2926  79.4647  
4246  83.1346  
4878  88.6543  
4994  78.8732  
1968  85.806  
1684  69.6147  
497  85.8976  
5380  82.5433  
109|20
380  63.579  
1033  64.9887  
231  57.1579  
364  74.3845  
589  74.5144  
480  68.5697  
62  66.2811  
31  59.1472  
587  64.1008  
1032  61.2781  
586  56.1568  
778  80.1231  
540  49.5077  
256  50.0635  
163  65.9223  
252  60.703  
223  73.6988  
553  68.314  
537  58.5979  
168  54.1462  
110|11
26171  67.3014  
2468  53.8172  
1198  81.997  
1089  82.4315  
1222  80.9839  
1208  83.5956  
4881  78.6945  
47  76.8884  
527  81.2244  
1193  81.8727  
2428  51.601  
111|20
100194  69.4619  
162602  69.4619  
171251  69.4619  
2145  65.8834  
96588  76.5723  
65088  72.7841  
66203  62.4663  
84772  68.6665  
2081  72.4617  
91529  76.3564  
6365  54.6639  
45666  58.2225  
3255  69.9166  
1282  71.8015  
6539  65.4457  
86833  79.9923  
122882  73.4357  
59143  71.2735  
86911  65.3896  
5283  65.2214  
112|13
788  54.9134  
161  65.0582  
1917  66.0768  
16  80.5323  
21  62.1681  
208  56.5948  
434  56.725  
39  61.8598  
3717  73.0162  
19  55.5416  
110  84.0314  
32  81.1714  
70286  85.5684  
113|20
4083  68.497  
39  63.7395  
3168  73.7953  
932  88.4941  
2331  70.3279  
3359  84.498  
1086  87.1457  
3504  83.5289  
1339  66.0843  
904  82.5476  
3546  68.497  
4063  58.9504  
4062  65.4133  
1077  81.4007  
1589  70.781  
2475  75.6587  
3831  74.0064  
46  61.0681  
1733  77.289  
4007  64.7072  
114|7
141718  60.7379  
54001  67.3809  
2291  68.2613  
167732  60.7379  
122886  64.9605  
8961  68.1451  
3147  71.8473  
115|20
1580  77.8692  
2804  87.274  
1387  90.1305  
2792  80.7991  
3146  61.6938  
3273  59.373  
3052  80.5992  
2841  78.0558  
2719  53.5753  
595  75.5415  
2700  79.0461  
383  71.6704  
2027  56.2081  
2148  71.9362  
2770  65.0825  
3785  68.1835  
2916  84.2102  
3175  77.896  
588  77.2469  
1377  68.0236  
116|18
2716  72.7934  
858  77.2406  
1299  68.657  
62383  49.7764  
1339  64.1185  
1276  74.4752  
597  67.2498  
1029  65.5723  
1101  64.5689  
2797  72.381  
2657  62.5733  
1961  72.1714  
1407  61.811  
5995  73.7326  
1704  73.4601  
165  70.4514  
2115  70.2759  
8360  70.3473  
117|20
708  66.0918  
587  69.0056  
589  76.5017  
151  72.8858  
36  71.8715  
1036  74.4749  
595  74.101  
288  64.8313  
596  70.922  
48  64.1369  
315  59.2895  
454  71.1442  
353  68.1867  
474  70.5981  
10  66.3018  
60  63.545  
805  69.2503  
491  63.796  
616  71.2356  
485  61.3432  
118|5
1221  84.7806  
1625  72.622  
153  57.2339  
1961  74.8177  
1810  65.9889  
119|20
95441  76.7248  
117176  82.4836  
1092  75.3782  
91529  89.3334  
74458  87.4372  
4387  91.7673  
79132  90.2694  
168252  93.9316  
44022  75.7785  
78499  91.7628  
122904  84.1839  
106782  89.0842  
442  73.6541  
4993  90.6333  
31685  78.9909  
6365  77.999  
141004  80.3911  
4148  71.1036  
88744  82.801  
8644  80.476  
120|5
260  83.3613  
32  76.8254  
5  56.2253  
631  59.6877  
52  68.5527  
121|12
497  71.8536  
440  67.1965  
161  66.9738  
527  81.491  
292  63.3273  
344  57.0784  
186  52.6155  
316  62.7523  
1  77.2503  
19  50.2095  
163  68.7824  
337  70.1256  
122|20
27660  89.8934  
69784  86.117  
7022  97.5449  
148652  79.5581  
4816  89.055  
56174  87.5521  
94959  93.5465  
81591  90.0929  
71535  92.8853  
30810  90.5437  
2997  97.7986  
1732  97.8995  
108932  92.4761  
780  87.1794  
1090  98.0238  
3253  89.6865  
106782  95.8034  
72226  98.8302  
1200  97.2103  
1214  95.5745  
123|12
68554  71.549  
115569  83.9423  
79132  82.2923  
109487  82.086  
1196  81.8725  
4226  83.7238  
296  82.3023  
7153  82.8966  
143458  72.1583  
47  78.5558  
96829  85.6713  
2858  80.8099  
124|10
56145  78.6182  
2161  79.9885  
260  90.1836  
175  87.2158  
1358  82.3476  
6377  85.9824  
4226  89.8451  
3147  87.8603  
608  88.2678  
1223  92.1208  
125|20
5088  72.7951  
86721  72.7951  
110330  72.7951  
54503  77.6888  
72011  75.9069  
162578  84.9533  
119145  78.7524  
176371  75.89  
55247  76.4174  
1240  85.6301  
86332  73.5028  
68157  81.5533  
112623  73.8872  
4082  68.5092  
160567  80.0033  
3342  75.1944  
109487  79.2893  
88140  71.9412  
98607  72.7951  
81562  74.2643  
126|8
364  74.9983  
349  67.1628  
231  57.8059  
380  65.1633  
410  59.5221  
300  66.1176  
253  66.703  
457  73.2991  
127|5
2915  56.6072  
903  69.1164  
55276  61.4158  
5060  65.6761  
272  66.6719  
128|7
904  87.9525  
965  81.0314  
926  87.4977  
1066  91.2249  
1721  70.9724  
1080  80.9012  
1198  85.7862  
129|20
4370  75.8319  
480  76.7803  
3698  72.6519  
2692  84.3534  
2138  88.3716  
1968  79.775  
8368  85.155  
653  70.8506  
7143  85.4779  
316  72.1405  
6874  82.7656  
239  68.0752  
2916  79.7138  
733  77.458  
4896  79.7057  
2028  84.3495  
3977  63.2017  
3000  86.6114  
1907  82.3338  
31658  85.2417  
130|6
208  59.6169  
316  65.8303  
292  68.8211  
110  78.102  
590  74.0982  
296  81.5962  
131|14
2273  55.7172  
6947  65.6817  
58559  73.5198  
908  76.3166  
4878  71.0406  
89745  69.1396  
7256  72.4071  
68237  72.0603  
2722  52.5817  
2028  71.6929  
48516  74.1162  
3178  68.3715  
64614  70.7615  
969  73.1876  
132|20
6251  59.2807  
3275  73.6721  
4995  70.0756  
2987  61.0904  
7444  60.5786  
3262  54.9612  
4168  56.6169  
31658  65.0924  
44191  71.43  
1089  71.7175  
3967  68.2077  
5502  57.9647  
50  70.626  
58559  70.5518  
5992  72.0284  
2108  53.1251  
1844  63.8432  
2657  57.2368  
47  66.0156  
2470  52.7704  
133|7
454  56.2792  
356  67.0993  
589  64.3419  
150  60.3056  
153  44.1466  
380  54.8737  
527  68.4539  
134|7
442  65.8869  
595  77.5441  
349  75.8361  
380  73.9076  
367  68.2582  
509  75.1102  
296  86.6017  
135|20
592  68.9026  
4084  61.6246  
893  66.1863  
3994  76.3617  
2004  69.7543  
608  90.0379  
1358  80.4071  
3852  67.2916  
3489  73.7172  
1614  57.7785  
1198  89.2198  
4128  76.5084  
1883  65.1769  
2302  70.4618  
1291  86.0916  
410  64.5921  
1261  87.324  
4022  78.6374  
4881  80.4808  
1077  78.0261  
136|20
161  72.9973  
193  51.7922  
585  61.3242  
338  63.5992  
277  67.8449  
380  65.3514  
181  54.8836  
337  72.8853  
437  61.5137  
165  67.4176  
611  59.6299  
151  72.2002  
340  76.6603  
252  72.7584  
432  54.3851  
552  64.3162  
350  70.8143  
280  82.5359  
273  65.2519  
150  70.8686  
137|20
6787  86.7139  
2716  77.4028  
1198  83.5783  
750  91.2838  
919  79.1463  
1270  81.0049  
318  86.4959  
150  72.41  
2997  80.9698  
1200  80.908  
6986  71.7733  
7153  82.0643  
1242  87.0347  
110  79.4164  
33493  70.9404  
1197  85.8337  
2959  82.9297  
1237  88.9079  
903  88.1144  
7762  81.9817  
138|5
2707  60.5808  
1960  69.6782  
1959  73.99  
849  57.9836  
3996  74.4676  
139|20
4025  33.5781  
7445  43.6519  
60684  45.3903  
4865  40.8004  
68319  35.6978  
7090  51.1462  
5502  38.9887  
260  65.2479  
8371  35.8246  
53953  30.7779  
58025  35.9931  
106782  54.9283  
6957  40.2041  
7163  28.667  
3827  30.8475  
3624  35.7415  
52722  36.2125  
54259  43.3461  
4367  33.3062  
115617  51.0398  
140|20
5699  67.6468  
5299  64.404  
1393  68.7403  
356  80.9063  
609  66.3839  
32596  58.0614  
4795  64.8548  
34072  73.7644  
1617  76.963  
5256  62.7142  
5943  49.1934  
1084  77.4504  
4337  67.6468  
3108  76.7605  
43396  73.3988  
4719  54.2026  
1005  53.4563  
4321  73.4783  
5812  72.8379  
4259  70.2137  
141|20
5418  69.8323  
54503  76.4921  
4963  70.6079  
2478  64.8257  
71535  74.05  
317  57.5999  
68954  78.7349  
54286  69.9474  
6365  61.2532  
54272  67.0976  
4447  61.0132  
5502  61.3423  
6377  75.4477  
6373  61.9978  
1265  70.5362  
91529  80.3313  
2502  75.1023  
441  77.8511  
1517  67.7917  
48516  77.3506  
142|8
434  64.7462  
384  75.451  
588  78.8417  
50  87.007  
527  87.3099  
356  85.4031  
337  78.5334  
377  73.006  
143|15
1721  57.966  
61250  56.4567  
6942  62.6095  
7169  76.59  
8533  72.9779  
106696  68.0391  
3421  60.3235  
87232  64.4059  
78316  75.499  
69069  68.4756  
59421  58.5339  
2144  66.6339  
96821  74.08  
7173  59.6169  
500  56.7394  
144|20
589  76.6149  
541  80.2573  
8368  81.4412  
597  68.2167  
590  74.9941  
410  64.6206  
1246  75.5745  
527  82.253  
356  84.0893  
500  66.4435  
19  53.856  
2700  73.1007  
434  61.8481  
733  68.8625  
780  65.4025  
1036  72.7846  
5377  76.2851  
552  65.5299  
586  59.8231  
2081  71.5426  
145|5
344  59.1449  
339  65.7593  
380  66.4554  
318  85.8564  
588  73.2088  
146|7
7293  65.162  
3257  56.1484  
32  70.5885  
1367  55.8627  
3686  54.9775  
410  55.159  
47610  67.3336  
147|5
1234  85.146  
168  59.8858  
552  63.98  
555  79.5741  
2395  77.0034  
148|10
88125  73.4838  
5618  78.4878  
108932  74.2767  
81847  74.2621  
72998  66.8716  
5816  69.0814  
8368  75.1551  
7153  75.6894  
81834  75.1784  
4993  74.5705  
149|12
1097  61.7883  
1374  58.8279  
1831  35.8296  
1527  62.2593  
260  69.1237  
173  43.0832  
1206  69.2065  
1200  66.4693  
2021  54.6433  
1580  56.1046  
1391  51.5754  
1375  50.8273  
150|6
3  67.8475  
1356  80.7227  
5  62.7599  
95  63.7567  
733  75.9158  
1073  80.1691  
151|12
786  75.2471  
562  88.4963  
780  81.6195  
837  78.5706  
747  73.183  
1265  90.9659  
828  76.7574  
1073  88.615  
1  91.4833  
648  82.7754  
1393  85.7446  
1359  66.1542  
152|13
50  84.7375  
2959  86.4923  
116897  81.6588  
89492  76.4135  
1193  84.1987  
69481  78.7132  
85774  72.7079  
115713  76.7811  
111  83.8487  
92259  86.1603  
1234  81.277  
79132  81.0363  
318  89.1786  
153|20
134853  46.2874  
1732  47.7853  
8533  47.0936  
4014  45.0056  
81456  37.9177  
106782  48.3946  
8528  37.5401  
6863  42.6933  
87194  49.8855  
2617  22.2857  
1246  47.1719  
106100  54.9629  
1954  37.3331  
7458  44.651  
4226  54.4184  
89904  47.9212  
72998  36.5249  
133780  41.8698  
586  22.286  
36535  54.6125  
154|7
114662  90.596  
119145  94.4269  
81834  95.2538  
122904  93.7382  
106072  82.8495  
76093  95.8735  
77561  88.1172  
155|10
153  60.3182  
3286  61.1921  
1200  82.1853  
260  85.779  
141  71.6259  
2355  74.3272  
2384  62.8473  
2948  80.2537  
432  56.0793  
2959  86.8814  
156|20
26313  67.6778  
31038  67.6778  
1230  79.103  
1711  56.858  
3341  82.6896  
6296  76.1279  
762  46.9416  
2361  60.7108  
2076  78.4717  
4784  70.4275  
661  59.3157  
2926  66.4213  
8571  67.6778  
47  74.4511  
3176  66.7644  
58  83.2925  
848  72.1106  
866  82.9233  
1485  55.6601  
923  80.7054  
157|5
785  69.1401  
3617  66.7076  
2720  42.6606  
2770  58.5359  
527  81.5813  
158|6
1093  70.5807  
2605  67.315  
2872  74.9936  
2723  72.4403  
2428  59.2706  
66320  73.036  
159|20
2959  74.8984  
60069  75.1653  
45720  65.6192  
597  66.5273  
4022  69.7075  
89864  66.2732  
49286  69.347  
140110  69.0456  
84954  59.6677  
4447  61.9902  
1197  75.956  
68954  78.811  
6942  69.565  
1961  68.4678  
106696  73.1506  
480  64.759  
539  65.872  
166643  68.7941  
40819  66.2274  
63082  70.6786  
160|20
126  39.3709  
1371  37.3265  
1198  75.9948  
196  42.0526  
3408  68.2111  
5349  65.8829  
3213  66.511  
2408  33.2565  
839  38.9684  
3593  14.6234  
2748  21.4063  
533  44.109  
1975  40.4935  
1676  54.1083  
3745  52.1718  
2011  62.0797  
733  55.0415  
3826  31.962  
778  81.8757  
2840  35.0698  
161|8
4980  65.2013  
7247  74.5793  
47610  75.8608  
1223  89.1395  
38038  78.1085  
3429  89.6593  
2144  75.7306  
2336  76.7296  
162|8
150  87.2386  
225  83.1985  
168  75.4398  
50  94.6603  
300  84.6147  
266  81.2047  
31  80.9934  
62  86.8337  
163|5
1608  60.5465  
1810  62.9073  
1747  62.0532  
1777  63.6345  
1837  59.9855  
164|8
1036  86.531  
2916  82.6129  
110  89.307  
589  87.9017  
3527  82.3409  
1101  77.0107  
1201  92.7137  
2167  75.5758  
165|13
2353  67.4817  
3624  65.4832  
110  80.1617  
5505  65.5756  
5527  67.2987  
3256  68.625  
5956  72.2649  
5418  77.8691  
5530  51.3017  
5450  65.0375  
1127  73.0564  
3409  59.9355  
5881  64.401  
166|20
33794  85.27  
1721  75.3994  
4011  86.4037  
5378  74.3764  
3481  77.7138  
49530  82.7047  
2353  72.6987  
47644  73.9106  
54272  81.1026  
8961  86.0302  
1198  87.6524  
2542  87.0597  
1036  78.7316  
608  85.4  
434  63.1761  
5219  72.5262  
5418  86.6879  
2396  77.1488  
349  72.9695  
2324  85.4155  
167|20
33493  77.1943  
4886  81.3331  
778  73.7816  
3052  73.6548  
7147  79.9082  
6857  78.6518  
45501  53.3194  
6480  65.3289  
1682  77.0105  
2231  74.8424  
784  54.047  
33794  83.1029  
2083  72.4466  
2413  68.873  
6333  76.7151  
8961  81.028  
2139  71.5704  
150  65.0323  
6773  77.4351  
35836  69.8289  
168|19
3730  93.4825  
1248  98.0634  
1201  94.1551  
1089  94.735  
296  93.0184  
923  93.2155  
1222  94.1922  
5291  87.6509  
3543  84.1631  
1302  83.219  
3362  87.1682  
1148  92.1212  
3101  72.8172  
57669  95.0985  
2076  88.3258  
1729  84.2616  
908  93.1861  
85354  74.4347  
80463  90.7135  
169|20
3536  84.4588  
2028  92.4866  
364  95.0421  
953  96.1493  
4886  91.1878  
5400  73.7616  
8644  80.7845  
524  88.0168  
2795  89.4698  
1022  88.3999  
3114  91.0201  
3967  93.8884  
1517  88.2856  
1035  97.4964  
8641  91.0338  
6365  82.6347  
661  81.8975  
457  91.4452  
3287  74.652  
1416  84.8189  
170|10
318  82.8164  
296  78.074  
586  57.7872  
377  65.7267  
34  68.8542  
592  64.2254  
277  60.9404  
500  64.3667  
266  65.9801  
588  70.6412  
171|17
485  78.6428  
1220  87.6501  
1025  89.5849  
801  80.218  
1259  92.4094  
1079  92.2191  
828  86.9191  
317  79.7639  
869  84.8387  
380  83.059  
1136  96.0735  
1225  96.0432  
661  83.3631  
318  100.0  
47  91.3792  
1198  95.8288  
1208  98.3391  
172|6
3087  64.6117  
3578  79.2343  
7438  78.6963  
2072  62.1802  
3793  74.8807  
2762  76.5335  
173|5
10  65.6056  
329  63.8452  
586  58.7261  
597  68.0143  
588  70.7568  
174|14
553  85.8599  
520  72.4371  
224  76.8299  
648  77.5817  
161  83.8656  
317  74.2111  
158  67.3901  
780  74.96  
315  66.7181  
485  72.0471  
282  72.1322  
440  78.7354  
350  74.4724  
10  79.0131  
175|5
531  78.3681  
8911  73.4151  
43904  53.5498  
38388  75.0885  
8362  62.6753  
176|8
165  80.1592  
434  69.7533  
39  75.0547  
368  80.1061  
380  77.95  
780  77.2531  
47  86.0673  
471  81.314  
177|20
42002  62.8941  
91542  75.221  
6332  62.7084  
3668  72.331  
45672  57.4629  
783  69.0334  
27706  68.6224  
2657  66.225  
114662  74.1806  
1206  76.8332  
83132  74.5052  
5218  73.0439  
508  70.9725  
3114  74.2172  
1321  64.1685  
2176  72.0549  
8798  69.338  
88140  74.7116  
2012  67.0416  
339  71.1973  
178|16
7361  90.3488  
527  89.0451  
2329  87.9517  
5995  86.9864  
6502  84.3148  
4235  89.7504  
1198  87.4512  
208  64.2962  
6539  79.8357  
296  88.7406  
349  77.5327  
10  75.3478  
4226  88.0063  
1240  81.2668  
2579  84.5109  
318  92.8063  
179|14
367  72.1151  
589  86.7612  
161  79.8091  
231  70.8144  
288  72.5438  
743  56.9464  
1061  81.0315  
317  71.0845  
786  70.569  
592  75.6053  
671  75.2824  
296  90.5329  
434  67.3332  
364  87.3905  
180|5
1261  80.4123  
260  82.2862  
1748  77.422  
1242  80.034  
2140  70.282  
181|20
157  51.701  
593  74.1743  
596  64.158  
353  65.389  
539  67.7911  
516  58.8122  
132  60.1829  
169  43.246  
25  64.3122  
31  55.4553  
542  51.1059  
6  68.8348  
707  50.9571  
185  55.7347  
464  49.099  
502  41.4377  
415  48.2771  
480  66.2694  
592  62.1242  
344  55.8315  
182|20
4879  68.5199  
6969  68.5199  
3911  72.9316  
2728  76.0341  
4313  74.8782  
8042  82.1193  
1291  74.9111  
3113  50.6847  
3578  71.789  
1590  62.781  
161  67.1966  
4452  62.1034  
224  75.6266  
4980  59.3971  
4262  79.9206  
2353  57.4899  
2890  71.1816  
1127  67.1318  
541  79.9417  
6041  76.0875  
183|12
480  77.7831  
380  75.0779  
1196  84.1941  
2951  80.3672  
2534  56.5035  
4085  72.4387  
1287  79.1794  
2194  82.3831  
3247  63.6653  
1233  85.1438  
2662  68.4738  
1408  83.4062  
184|20
158035  71.191  
181413  71.191  
193565  71.191  
97304  87.4175  
74754  63.6877  
168250  76.8648  
191005  71.191  
106072  72.415  
166291  78.9916  
127152  71.7892  
86332  76.794  
80463  86.296  
5816  78.5217  
122898  61.971  
81845  87.9443  
5810  72.022  
170813  70.5758  
174479  71.191  
112852  88.9367  
148626  86.5562  
185|10
1685  67.6438  
2396  73.2966  
5377  75.5621  
1721  67.0994  
5952  79.5347  
1393  70.5035  
595  72.1923  
2085  67.1891  
4995  79.4868  
899  79.4254  
186|20
2605  76.6097  
1214  86.2269  
1291  88.3305  
3745  82.8629  
1269  88.6853  
2527  82.2625  
2532  71.7248  
4361  81.6549  
1307  87.2942  
2968  85.2217  
4306  83.1536  
2541  78.2477  
1702  68.8232  
480  83.6048  
1097  84.8294  
3977  64.8094  
919  87.7555  
3527  82.3469  
593  91.8235  
1196  89.0662  
187|20
26122  70.4078  
3949  76.0065  
49272  63.7979  
231  41.1757  
1206  82.764  
6874  68.109  
1729  76.2138  
1209  84.8293  
48394  68.5115  
6502  70.1861  
2701  32.4256  
4027  73.9736  
288  59.1348  
2542  77.071  
7153  71.8515  
39427  65.3336  
6890  87.2579  
1222  82.2467  
8949  72.1175  
1748  84.4635  
188|10
2346  77.1445  
1212  92.2812  
594  87.812  
1282  91.2916  
3469  82.1551  
2396  88.0487  
1091  67.0212  
3341  90.2642  
1264  88.3168  
2206  90.7785  
189|5
48516  84.5647  
4993  81.9434  
79132  81.6005  
2959  84.8657  
58559  83.8873  
190|14
6711  83.2125  
4776  74.3463  
8784  76.2882  
4995  80.3429  
5630  67.8629  
4306  77.8756  
30749  76.8968  
1221  85.6035  
4975  70.0661  
8961  78.0746  
858  85.7299  
8464  73.0624  
69844  81.9246  
7438  79.0347  
191|17
496  72.1157  
21  67.9136  
72  66.8429  
175  88.6491  
494  65.3815  
417  84.5227  
17  77.3046  
6  77.8425  
85  88.66  
292  58.7696  
314  78.9615  
58  93.5759  
235  77.0359  
213  83.131  
161  64.7796  
160  48.9845  
162  95.5142  
192|5
356  86.5341  
288  75.7277  
316  77.1789  
349  81.293  
432  65.1285  
193|7
44555  78.7436  
55442  80.5308  
4878  74.8125  
6016  77.6327  
307  74.3586  
1270  73.0447  
5618  77.5563  
194|5
163  72.3895  
1396  71.7655  
1500  72.3412  
1288  79.7002  
5060  76.2612  
195|20
3424  78.62  
2770  56.2429  
1041  82.6606  
1653  81.238  
1923  73.1739  
3160  75.7102  
4723  56.6327  
1863  57.8346  
2336  69.5497  
2166  53.0049  
4308  73.0325  
1909  66.3113  
260  86.3867  
2028  84.9847  
3252  77.9236  
2908  72.1305  
1392  67.0339  
1365  73.5215  
70  65.2075  
190  61.0353  
196|7
70286  76.7862  
3578  77.7881  
59315  74.9432  
58559  82.4452  
364  79.9247  
1214  77.3945  
110  79.9928  
197|7
1513  64.1619  
1240  80.2106  
1882  50.3981  
786  66.6036  
2167  71.5285  
153  64.2249  
1784  76.9795  
198|20
3894  67.1555  
3499  73.3027  
920  69.2965  
1213  80.6591  
3949  76.7353  
1994  65.4322  
1485  57.3011  
2572  65.4129  
4019  75.8837  
1089  76.6792  
110  79.4194  
593  82.4043  
4128  66.0558  
1270  72.4906  
4886  72.9326  
1079  65.9895  
2117  61.9484  
912  75.0112  
1573  57.58  
1682  70.7892  
199|20
5464  68.5036  
2165  63.9003  
2280  63.4377  
736  56.7756  
5673  72.8747  
349  60.4112  
5502  55.0742  
482  71.4851  
8532  63.4068  
1172  81.9567  
300  64.0553  
50068  76.9939  
4881  71.3504  
3175  65.499  
7445  65.1146  
2973  78.0305  
34338  64.252  
41997  72.2548  
1956  76.6577  
377  63.292  
200|20
3809  73.9845  
7022  88.8808  
50802  72.9906  
3968  71.1916  
2485  72.8365  
500  71.8711  
5610  62.3514  
590  80.6807  
1029  74.2501  
53996  77.7456  
2572  87.4695  
4993  88.2185  
4041  76.5977  
57640  78.8469  
1302  78.7416  
1784  80.742  
6383  58.2435  
1653  83.1691  
1569  82.1794  
1517  78.5877  
201|20
1748  90.0601  
1527  88.1352  
1584  86.473  
2858  94.1365  
339  81.602  
589  93.296  
2717  70.9751  
994  89.5693  
788  67.7823  
1196  97.3123  
2797  91.1178  
733  81.9618  
1259  95.0652  
2174  85.9764  
1198  100.0  
2455  79.9046  
1569  77.4178  
1213  98.2211  
160  66.7316  
24  74.4219  
202|20
3329  72.1661  
924  82.4419  
29  82.6805  
2289  84.4599  
1197  90.3215  
1196  85.7051  
2966  81.9752  
161  71.8571  
608  85.4849  
1209  81.5353  
1296  79.5702  
3194  74.2495  
1784  81.6974  
469  74.8022  
923  86.5842  
2000  79.4263  
1587  66.4755  
1719  91.4195  
3147  83.4426  
32  81.6105  
203|9
56174  74.1428  
8665  80.2595  
2407  68.5262  
5952  84.4486  
590  76.6572  
49272  85.5994  
40815  79.6172  
333  74.3162  
296  84.3411  
204|17
1136  90.8418  
3949  86.1587  
33794  84.7427  
48394  84.3199  
27075  73.993  
1080  86.8878  
79008  85.1308  
6104  85.2783  
8874  88.7403  
81591  80.4512  
4878  87.2517  
91658  79.3886  
711  70.894  
2313  83.5454  
86320  76.1222  
55820  85.8183  
5218  79.9347  
205|6
912  82.8464  
99114  78.8964  
91542  74.3098  
5816  73.6783  
95167  71.7755  
96079  76.8996  
206|5
36  84.4957  
608  85.8383  
733  75.2156  
140  74.3453  
141  76.2122  
207|5
2991  68.363  
2428  40.9869  
2707  52.7015  
3740  67.3395  
100  36.0609  
208|6
1210  79.1468  
2628  61.0539  
380  63.842  
2353  63.7599  
2278  66.1161  
2762  74.42  
209|7
60684  82.3191  
1291  87.5404  
68157  87.6584  
74458  84.5461  
185029  81.8242  
122886  81.4385  
88125  82.1324  
210|20
123553  79.4353  
34405  93.6417  
166203  79.4353  
3147  90.9161  
31696  81.2513  
7649  74.775  
58559  92.5088  
2105  83.4334  
6365  82.276  
34397  79.4353  
4625  71.2618  
84772  79.773  
122926  95.1889  
76093  90.2815  
62836  79.4353  
33493  82.9465  
1584  83.5503  
47610  87.565  
108932  89.7347  
122918  90.3586  
211|18
58559  86.7026  
63113  71.2027  
90405  67.0876  
57669  83.8597  
60684  77.5513  
7153  87.0928  
73017  78.5253  
2105  69.2236  
4367  60.6034  
356  86.0638  
2642  53.9986  
1556  41.3053  
318  91.6182  
44665  77.3672  
85414  72.8136  
1198  87.4318  
1136  87.3282  
260  88.1462  
212|20
170697  68.6196  
122920  74.008  
122892  68.8176  
2571  68.668  
5218  66.4131  
48394  70.1467  
3578  67.0423  
1196  67.9594  
135143  71.6863  
74795  69.4285  
179401  71.1505  
79132  74.1788  
77800  75.952  
108932  75.7514  
110102  71.791  
96821  77.4791  
8874  75.3723  
65261  80.1274  
59784  64.8419  
2291  69.7951  
213|17
3285  69.8014  
87520  58.1025  
80363  68.3541  
76251  81.0459  
8957  72.7268  
2860  66.9834  
1234  85.3717  
5419  73.6654  
51935  84.1829  
69844  83.9339  
39446  65.9924  
4132  70.7778  
858  89.5616  
69526  60.7815  
4558  65.2944  
49530  79.8788  
58559  88.8909  
214|5
83  59.3676  
628  59.7519  
743  41.3662  
1363  53.0002  
802  55.972  
215|20
1172  85.5404  
4973  85.7522  
63082  80.7232  
1291  79.8864  
2028  80.9727  
3252  71.47  
3210  69.923  
1968  79.2544  
1247  83.3407  
49272  82.5874  
1089  82.3297  
72407  61.9645  
5650  71.6922  
318  85.7894  
1208  83.8954  
2000  74.0013  
1197  83.3705  
1196  80.4709  
1297  74.6012  
4019  77.3138  
216|20
104  62.1102  
21  67.8404  
3996  74.0016  
3946  56.4888  
2946  65.7823  
3993  63.0728  
3897  75.6978  
2599  73.9025  
34  66.8259  
3994  68.9306  
4034  77.6697  
3363  76.6446  
1965  74.4024  
3422  61.9774  
3555  69.4774  
3253  67.7842  
2087  70.995  
3986  57.1045  
2018  66.2681  
1923  67.8107  
217|20
1867  59.1906  
3434  59.1906  
1275  65.6042  
2468  45.6799  
3197  52.8949  
1912  65.9138  
2302  56.8341  
1876  54.7846  
380  62.7122  
1221  77.3421  
2471  45.7892  
1918  50.3392  
1385  52.982  
3165  64.1261  
1590  50.5496  
1562  37.3565  
1703  55.5974  
2056  59.1906  
1831  45.0541  
160  48.2207  
218|6
2657  62.0917  
2692  74.5718  
1380  60.761  
1198  77.3822  
6934  56.8  
5349  65.7506  
219|20
60072  58.2886  
2115  71.2225  
59315  71.4611  
6539  74.379  
442  58.7791  
30707  76.3598  
1704  81.4438  
180  66.4155  
1219  72.2013  
1005  39.0803  
27773  81.1112  
56156  54.907  
6188  62.5294  
6721  61.9883  
30825  51.9242  
2997  73.4839  
1552  62.2905  
1500  66.4263  
2890  68.0101  
1921  73.9132  
220|20
3996  91.4052  
733  82.3178  
1198  94.7373  
3994  84.847  
6539  89.1313  
1258  93.8493  
1917  76.5531  
4545  67.6104  
33794  88.3023  
165  79.929  
71264  76.5177  
4623  80.5492  
53464  53.8107  
5218  86.3759  
6365  80.8721  
3751  85.5626  
32  88.7168  
1036  91.7033  
5502  79.5158  
1591  62.7005  
221|20
4338  76.2728  
7013  87.6179  
8529  67.6465  
1080  84.3189  
3246  90.8073  
2871  82.0817  
1208  91.9571  
7063  90.7663  
2702  72.5119  
4029  86.9913  
5954  85.4772  
2352  80.145  
922  88.7168  
2997  83.2094  
1278  85.9565  
2858  80.3388  
1212  88.5974  
1959  84.404  
1961  78.9795  
3671  86.3214  
222|20
81831  63.192  
100498  43.2115  
48516  79.9791  
1249  73.4728  
99813  69.4146  
91529  76.1968  
59900  51.6867  
93287  66.223  
1721  64.1594  
2706  64.8191  
3273  45.0239  
2411  51.7025  
64622  66.4016  
7143  73.1112  
87869  69.1744  
778  74.8803  
30825  64.3531  
42011  43.3251  
673  53.5416  
64839  73.7086  
223|15
55854  60.3281  
6711  75.6275  
1  67.5813  
736  53.4907  
1961  71.1108  
457  64.1486  
2716  69.4167  
48394  71.2889  
608  73.3868  
8784  69.039  
48516  77.4459  
3863  50.6205  
4306  72.5915  
260  77.3237  
2683  58.3091  
224|11
3496  76.8235  
3044  84.8556  
356  89.0297  
2915  87.6951  
289  73.2295  
3668  83.2778  
1270  88.4681  
2797  86.839  
1721  77.7422  
2716  86.1205  
1259  91.1231  
225|15
2423  75.2547  
1285  76.4849  
588  80.3299  
1717  63.8826  
2791  81.1773  
1321  69.381  
1136  86.9281  
1197  88.1291  
1753  75.3035  
2004  73.2297  
2371  65.5281  
1407  67.9552  
785  72.3481  
1060  77.6321  
3024  71.3049  
226|20
6938  69.3747  
32666  69.3747  
3552  82.5701  
542  59.6013  
1240  78.4281  
3098  75.3799  
2804  84.8811  
3668  73.1937  
3653  72.2091  
2231  76.6374  
145  59.6313  
2253  58.8687  
3052  77.0607  
2628  64.4641  
762  55.1864  
53129  81.5805  
4816  71.976  
16  83.141  
2144  72.0064  
46948  61.0708  
227|19
46976  82.6645  
52319  79.4356  
81845  86.3348  
109487  84.2321  
134130  83.5121  
215  87.9483  
48738  86.7415  
47099  83.9427  
1196  85.4933  
32587  82.5353  
912  89.4553  
55721  90.304  
1682  82.1284  
750  91.0013  
778  87.5336  
40629  79.463  
97913  82.3726  
70286  82.7777  
150  79.0577  
228|5
2571  84.8616  
1373  64.4227  
362  75.2457  
318  90.4898  
3113  65.453  
229|13
34  77.2264  
589  83.1081  
377  75.0952  
45  72.4644  
587  74.3928  
5  68.5246  
475  90.2387  
442  64.9152  
597  74.5338  
364  83.9548  
213  66.0743  
110  84.664  
527  87.6276  
230|20
34330  57.9566  
52715  57.9566  
47  56.9713  
7438  73.3052  
527  61.8117  
3147  68.0535  
45499  72.9054  
6537  68.4652  
2291  62.9131  
1387  61.2225  
6863  73.7033  
1485  50.1789  
595  58.3717  
4022  65.201  
2096  55.2749  
588  58.3409  
4034  58.521  
1676  54.9421  
8644  75.0126  
2641  42.8463  
231|5
92259  83.6592  
858  84.9148  
593  81.9145  
1198  83.647  
109487  80.286  
232|20
31867  66.8933  
41769  66.8933  
57526  66.8933  
70336  53.444  
8644  70.1376  
1586  53.4611  
44972  46.6024  
4019  80.7322  
43928  41.6838  
30883  50.9086  
65802  58.9463  
8376  67.2287  
39292  75.7704  
1035  71.4703  
66198  63.0695  
66097  75.5639  
32011  48.5927  
6564  52.0974  
7451  77.7353  
33164  40.6398  
233|20
48394  68.5828  
3751  64.2856  
48516  75.5095  
1721  62.4545  
356  75.1535  
106100  67.2957  
162600  55.9644  
608  74.8676  
7153  76.4757  
134214  57.1836  
57669  73.0834  
122920  57.174  
2329  76.5261  
4239  67.8169  
7371  74.879  
3977  47.9892  
3147  75.9039  
3948  61.7621  
49272  70.7197  
5418  67.8507  
234|20
2616  68.4405  
2140  76.9358  
172  64.1979  
126  56.261  
1562  55.5091  
4519  77.0029  
153  65.9243  
2710  64.2344  
3624  72.8323  
3483  68.5249  
1391  68.2378  
438  67.039  
1460  76.7108  
2987  82.2873  
65  56.5143  
260  92.5858  
1359  56.1175  
3175  78.3427  
588  84.4318  
2080  77.0214  
235|13
480  75.6845  
736  67.8794  
500  69.4794  
454  69.0998  
592  69.1972  
235  75.6089  
595  75.4126  
32  83.5974  
527  86.7765  
648  72.4953  
223  81.5419  
588  75.8246  
377  70.4423  
236|30
1214  78.1369  
1278  80.7125  
1345  69.1083  
1350  77.755  
1387  80.3928  
1388  61.2071  
1982  72.4973  
1997  77.3001  
1998  53.0045  
2447  65.8157  
2459  66.5871  
2490  70.6332  
2496  65.3533  
2502  81.0735  
2505  60.2046  
2542  80.9069  
2572  72.6642  
2580  79.5693  
2596  73.1317  
2598  59.4664  
2606  56.7022  
2657  67.8162  
2683  65.5078  
2694  65.3214  
2718  68.5537  
2770  58.127  
2806  52.0439  
2858  79.9072  
3024  67.973  
3052  72.8152  
237|10
32  71.0137  
4254  37.5284  
94959  66.6544  
293  72.8167  
1371  57.5537  
1193  74.585  
7361  75.6806  
7980  71.563  
43936  57.0792  
1374  70.5364  
238|9
4954  78.9355  
3528  77.2314  
4265  66.8935  
4901  70.8322  
4238  71.2676  
593  76.1816  
4499  83.0378  
4957  74.8258  
1193  77.2716  
239|20
58559  90.1126  
5459  68.9676  
4085  73.6399  
380  76.4329  
95  68.0209  
7445  85.4389  
608  91.3158  
7147  81.9785  
6378  83.8714  
2115  77.7734  
4896  85.8971  
36529  81.9023  
3994  76.1559  
33679  76.6184  
47  88.6918  
590  83.0006  
4022  82.6159  
208  67.5762  
733  77.013  
51662  81.201  
240|20
368  80.8146  
543  84.1953  
480  79.9154  
367  74.0178  
810  60.135  
500  76.3842  
546  66.4111  
110  84.6786  
173  70.6626  
1  86.3283  
542  73.4996  
104  88.5375  
34  81.4088  
174  73.5267  
204  73.7043  
225  81.7202  
383  77.8698  
262  85.4799  
434  70.2261  
420  71.1678  
241|16
81786  70.4761  
71899  90.6027  
527  78.1027  
1206  77.4698  
1193  77.8394  
99114  77.2918  
100714  71.0225  
8981  78.9978  
53123  85.9567  
116897  85.7109  
56367  73.0128  
3910  80.6222  
106782  81.5787  
115569  82.8964  
4235  79.9787  
48780  74.4247  
242|7
39  69.0633  
380  70.9213  
231  64.3881  
457  79.36  
592  70.0573  
454  73.5255  
111  85.5713  
243|8
112  84.2272  
353  93.578  
62  89.3036  
588  90.1509  
193  69.0021  
586  78.0088  
181  67.4036  
376  82.8647  
244|19
3090  80.9371  
1049  72.2207  
110  82.9786  
257  65.0438  
165  75.04  
151  65.064  
1090  79.5997  
3755  64.6443  
2278  73.8087  
648  74.2797  
1580  77.6479  
1957  73.9306  
1610  81.7088  
1196  88.2474  
3256  68.1805  
1573  75.3598  
1242  82.9637  
3753  75.6562  
2243  75.5344  
245|5
3196  55.4773  
2739  60.1541  
3114  51.3021  
3274  51.2169  
1361  65.6434  
246|20
1304  83.3639  
616  82.3618  
1680  83.5269  
6016  91.8589  
3081  82.4852  
44191  90.2774  
60684  90.1546  
4973  94.3526  
1732  87.9266  
1298  81.0187  
53125  79.3828  
2291  84.0593  
2692  90.693  
293  90.283  
4011  92.2162  
5013  86.1574  
60069  94.385  
48082  91.8418  
82202  70.4168  
95167  84.4386  
247|20
48516  80.7317  
593  83.0332  
2858  79.1125  
49272  74.928  
1961  71.9363  
44191  73.6711  
527  83.3418  
116797  77.1359  
68358  72.0154  
122886  74.6142  
480  74.113  
223  73.9214  
1265  78.9789  
2078  68.4503  
1198  82.1469  
1682  73.8519  
6377  73.6806  
1089  81.3523  
953  70.9131  
919  68.7284  
248|11
4886  76.3663  
1198  81.1914  
166528  77.9987  
176371  76.9803  
316  64.9138  
147374  78.9959  
102903  70.2691  
189333  66.5327  
122912  78.4954  
58559  82.8539  
5218  72.7614  
249|20
110350  74.6172  
102903  78.8952  
2167  73.8217  
94959  88.5697  
84601  71.2583  
2395  72.745  
97306  80.7583  
3408  75.3602  
89047  74.6172  
91500  79.7806  
91542  85.1111  
40815  81.9675  
69844  82.8849  
904  87.899  
46723  78.1928  
3826  59.4359  
68791  74.7569  
88812  66.8588  
67695  70.0281  
50  91.7943  
250|6
1282  87.4407  
2407  77.8756  
318  97.3963  
1597  71.9018  
1246  91.8361  
8880  81.2572  
251|5
142115  93.1322  
293  96.1966  
356  97.2381  
318  100.0  
1089  99.2711  
252|8
164179  83.8713  
89745  86.0548  
6377  90.1677  
164909  80.2977  
1682  87.9314  
166643  79.528  
143355  72.8136  
78499  89.5802  
253|10
44555  92.7618  
916  95.7238  
608  93.5039  
2300  91.0679  
7099  91.3379  
4217  84.8058  
26366  80.0404  
1192  94.5407  
4642  96.2228  
3363  88.9191  
254|20
46578  84.1464  
44195  84.0219  
207  72.3576  
49278  68.0909  
6333  77.0808  
780  71.1879  
110  84.4895  
1210  84.8905  
49272  81.6004  
27846  80.4376  
32587  79.3001  
2571  87.0407  
44929  75.091  
47  83.7394  
293  83.6218  
1580  75.5185  
5995  86.7471  
32  82.2463  
592  71.745  
48394  79.5439  
255|9
1270  62.6733  
4467  54.3549  
2023  49.8353  
3501  44.9234  
1663  56.0278  
1394  57.6592  
3392  46.343  
2542  59.6132  
2915  49.5437  
256|20
3247  73.0198  
88744  79.6139  
377  81.6231  
4973  88.3982  
53972  79.2948  
118696  74.9681  
95441  75.3551  
104841  80.1751  
71535  81.4284  
2953  69.9141  
81229  79.5455  
53121  72.0441  
30707  86.2092  
2571  88.9505  
68791  79.1947  
170  83.4417  
6942  80.543  
90405  75.0969  
6537  76.2538  
33493  73.3428  
257|5
1500  70.2878  
594  73.8833  
2502  79.9858  
494  69.0382  
2406  67.7622  
258|5
4995  90.1725  
7147  87.268  
72641  78.0954  
76093  82.2599  
47099  84.9072  
259|6
508  58.1698  
5945  57.7003  
1784  62.3729  
4886  66.8407  
1356  62.6788  
1584  60.9629  
260|20
7361  81.4917  
3556  73.6011  
162  78.568  
903  83.8282  
5690  77.1928  
6337  72.9059  
4878  77.8599  
5617  73.1949  
342  69.1796  
5219  58.3403  
2997  82.3529  
8011  75.2896  
1206  84.4413  
3317  75.5855  
6709  58.9021  
8874  76.3378  
2348  75.826  
3822  72.4672  
2959  85.8786  
8645  72.1579  
261|11
3897  78.3677  
16  77.7558  
2060  70.7926  
296  85.566  
2723  63.7647  
1682  77.6161  
4085  65.9858  
2194  76.3868  
7361  86.0013  
4238  69.2101  
58559  86.5698  
262|12
708  59.5183  
539  59.7864  
457  67.4178  
322  65.4722  
339  58.6029  
85  69.3389  
26  68.6942  
17  68.0659  
213  48.1467  
273  53.289  
593  71.9073  
728  64.8863  
263|20
223  75.1314  
150  78.1449  
500  69.5181  
2987  72.7912  
2953  58.0428  
110  80.2812  
4226  84.2445  
8370  82.3611  
1197  84.6642  
7458  70.8392  
708  70.846  
1111  77.3307  
2125  79.9023  
6942  76.6461  
5013  78.8126  
163  70.8488  
457  79.9707  
8636  76.351  
1967  77.3041  
2085  71.7721  
264|12
7841  84.8282  
1376  70.8076  
151  68.5806  
5816  74.9461  
1907  77.8316  
1320  63.7751  
1917  60.4358  
150  73.6808  
3578  79.2024  
1090  76.1881  
253  66.7466  
1876  63.1056  
265|20
3807  65.1296  
316  65.7849  
253  67.3855  
1302  71.3324  
724  59.6016  
1240  75.7853  
3504  71.8245  
230  61.8033  
3831  69.8788  
1956  72.3079  
3098  72.3924  
529  74.6908  
1270  79.5009  
3791  64.5043  
1177  70.645  
2322  60.5421  
1488  61.1505  
2474  65.5197  
1198  83.9566  
1962  65.2852  
266|20
476  67.1774  
2812  67.1774  
2700  76.3196  
2278  73.9143  
24  53.9343  
2770  55.9102  
2702  64.3315  
64  41.366  
1405  55.2298  
2580  80.1569  
1527  79.0812  
2167  63.825  
457  78.8727  
1580  71.5139  
2300  76.7088  
1923  72.982  
2094  62.6195  
132  57.3975  
2571  87.1547  
2097  55.1117  
267|12
2858  91.0424  
593  94.3702  
1175  89.8457  
3006  80.9111  
1302  84.132  
3999  63.9004  
3113  67.5505  
1093  75.0789  
589  90.7596  
2571  91.4847  
923  89.6606  
3996  87.1469  
268|20
1641  66.7324  
587  56.7744  
1125  68.4276  
1911  41.2691  
2802  52.3453  
1036  63.3657  
1370  53.2015  
50  70.5501  
2064  76.0023  
1784  59.9847  
1912  70.3677  
1966  73.0228  
454  59.6897  
1234  74.1476  
2247  54.8701  
1394  70.6153  
2829  60.003  
802  58.2117  
260  70.2829  
2858  66.7068  
269|6
724  67.7034  
743  55.3942  
95  65.8662  
1  84.8515  
63  62.793  
648  75.8638  
270|8
661  59.947  
62  68.1539  
79  46.7974  
628  66.2657  
14  67.647  
1356  70.5746  
141  63.817  
25  69.0462  
271|9
3897  69.4039  
32  69.8982  
2791  67.6842  
969  70.617  
6787  72.4759  
2858  70.086  
55765  68.2436  
1320  53.9972  
2288  67.6223  
272|7
177765  65.0636  
1240  73.2036  
51662  71.0043  
122922  73.2657  
49272  76.9403  
158238  75.9159  
6365  63.8838  
273|11
440  78.8161  
593  90.585  
500  74.8275  
608  90.0802  
223  85.6273  
111  90.9672  
150  81.8458  
21  77.0918  
466  66.8759  
235  80.1432  
520  71.1162  
274|20
50147  66.6429  
2947  71.7224  
3037  78.2482  
1645  68.8181  
4951  67.3823  
2036  62.6856  
1359  58.1067  
35957  59.5042  
553  76.3742  
76293  59.4048  
3918  68.5952  
1503  57.8948  
45431  64.9543  
4816  63.6425  
54999  69.7658  
5667  66.6429  
4876  52.7528  
56805  63.385  
1921  75.2202  
54004  69.0127  
275|20
1784  78.1303  
2289  87.0608  
5884  75.9569  
1171  81.6564  
357  79.2159  
1912  80.6973  
2539  69.4583  
235  83.6908  
4886  77.0155  
2572  76.1133  
2355  70.8979  
3253  75.2956  
1192  87.5584  
926  87.0931  
111  88.4977  
2100  74.2673  
3089  90.2829  
1393  77.181  
1719  95.021  
1392  76.3741  
276|9
673  78.482  
356  100.0  
466  81.8693  
104  89.4112  
631  79.3219  
648  90.4363  
2  90.2874  
1367  82.532  
344  83.6937  
277|6
637  69.1554  
736  73.2089  
656  71.4456  
1  86.0833  
780  77.645  
260  93.2799  
278|5
2371  68.9809  
1347  69.2492  
4002  79.0062  
318  98.5255  
2369  62.6592  
279|20
134130  78.8821  
1101  69.8717  
166528  73.7985  
90405  63.7912  
61132  64.3273  
79132  78.0988  
56782  82.1549  
97913  74.2466  
1608  65.3521  
4226  80.3395  
59315  69.6896  
88129  74.7527  
54286  68.4079  
1258  77.2823  
8665  65.3612  
58559  78.2853  
4993  79.9389  
8376  63.3465  
107406  69.4019  
1200  82.8719  
280|20
92535  90.332  
344  64.8834  
262  86.2768  
3146  59.8445  
4239  81.9671  
4447  71.5023  
8638  81.4431  
919  79.0817  
72641  82.8936  
86817  73.76  
8368  84.6766  
49530  80.8145  
6863  73.4477  
35836  77.5561  
55052  82.0244  
54503  85.1927  
4246  81.039  
48516  88.6429  
1911  59.4949  
3916  81.3505  
281|5
46578  75.9223  
8361  58.401  
35836  67.788  
3897  72.4574  
3861  54.1205  
282|20
5995  88.3744  
3977  63.1415  
3263  76.4436  
25  72.9419  
6708  77.994  
2683  75.4223  
4718  68.773  
6711  88.3057  
5481  64.6163  
6863  72.389  
5669  85.5748  
3752  71.4609  
588  79.2933  
80463  84.779  
1921  87.6822  
1193  86.6596  
4369  68.497  
48322  86.352  
1194  88.5697  
784  59.9529  
283|7
1580  64.5336  
39  60.4298  
1704  73.838  
356  77.0564  
586  55.3795  
2082  50.4119  
805  65.1705  
284|18
474  82.423  
173  65.847  
2  81.5591  
296  94.5585  
15  68.4912  
348  82.0514  
248  68.5587  
318  100.0  
47  90.962  
353  87.1823  
275  59.2887  
44  62.4031  
339  76.8643  
367  76.8533  
276  73.2096  
165  84.6548  
637  72.5297  
235  79.7783  
285|8
1193  84.7136  
949  74.319  
1247  82.2452  
6978  67.4086  
113207  69.4203  
4447  64.3542  
441  76.8645  
296  84.7643  
286|20
454  74.8241  
778  82.8606  
5989  76.3287  
1333  70.6274  
165  72.4787  
500  66.8916  
7438  82.5464  
2294  64.5852  
4993  86.3798  
4995  80.6539  
7361  86.9692  
70  67.9002  
4980  61.6683  
1258  84.381  
4963  75.8776  
1097  73.9709  
4848  78.9732  
539  71.7398  
377  69.5586  
110  87.0713  
287|20
3160  67.8892  
3578  58.7175  
223  62.3882  
2633  68.0261  
1059  60.6369  
586  40.015  
3005  40.2568  
532  45.2873  
1193  71.0451  
2599  62.3079  
2028  61.0288  
1485  43.0224  
3826  34.5728  
2081  51.8561  
8949  66.7796  
2012  50.5062  
101  67.322  
4034  72.3287  
2422  25.1015  
2115  54.2608  
288|20
4473  64.4707  
4966  64.4707  
1008  64.4707  
2867  59.7199  
42015  59.8909  
141  62.4963  
2571  82.3793  
13  57.7148  
53519  64.7198  
2407  65.9156  
5418  72.9271  
3916  70.718  
2347  41.8173  
2528  57.3489  
30810  70.5665  
575  44.8364  
32587  79.9361  
587  65.0704  
2517  43.5548  
8361  59.0848  
289|24
3  65.5968  
16  77.935  
235  71.7316  
266  67.7715  
594  72.9526  
708  68.2293  
750  85.9197  
1080  78.2451  
1101  67.9356  
1208  84.2976  
1220  75.8394  
1258  81.7597  
1917  60.9162  
2012  69.5488  
2174  71.7695  
2710  57.9705  
2797  74.1929  
4322  75.0674  
6125  69.8821  
6327  71.4532  
6453  69.8821  
7025  67.7809  
7028  75.0711  
26704  72.9425  
290|20
1228  90.5852  
1299  86.4116  
2494  80.202  
2739  87.4751  
608  88.8498  
2130  77.5101  
908  92.8575  
341  76.3432  
1447  72.6892  
342  73.7582  
1056  68.599  
1719  91.6889  
953  93.3596  
928  92.0569  
1394  88.1489  
2648  77.3117  
475  91.2394  
2731  87.1566  
1357  87.5401  
2385  60.8651  
291|7
40815  93.2127  
122892  84.4616  
106489  81.948  
134853  93.372  
7153  95.3073  
88125  92.4834  
1  91.8545  
292|20
520  61.4622  
103339  63.1244  
122900  75.1027  
4896  73.198  
2291  74.2981  
474  74.3675  
85056  58.9542  
46972  66.3956  
95167  70.992  
164909  75.2254  
3176  65.2195  
3476  61.2571  
1608  68.9146  
31221  43.4946  
1101  67.6914  
3985  69.3309  
3984  75.0758  
1017  69.5155  
69844  77.3867  
231  59.4054  
293|5
1682  63.4841  
1673  67.4762  
344  48.8291  
1617  68.0535  
1097  62.089  
294|20
416  41.6223  
3869  60.2777  
1064  44.8353  
2794  49.6836  
610  63.7086  
2133  63.1387  
1391  51.9815  
3868  59.2669  
1129  66.1594  
520  49.6181  
3387  49.5859  
355  37.6866  
2378  49.7688  
3693  48.8362  
785  61.3593  
2193  59.1957  
2367  45.7001  
2458  50.9647  
348  66.3635  
3501  48.6942  
295|9
1221  87.0881  
3198  74.8905  
1287  75.3358  
1213  86.1351  
4351  64.5183  
1198  85.7241  
858  88.7419  
318  93.3282  
2329  87.1181  
296|6
160848  70.983  
2028  83.288  
169034  70.983  
4144  80.1833  
50  86.5153  
2324  83.2234  
297|15
832  45.4979  
543  52.5983  
1645  55.7472  
111  70.6854  
454  55.5829  
1089  73.9869  
6  63.2495  
1249  68.6511  
1047  46.7569  
1370  55.5329  
1488  41.1031  
150  60.0195  
170  49.4536  
1092  50.6983  
866  68.5717  
298|20
57640  59.1744  
95510  53.1392  
6811  39.701  
8370  57.7705  
8807  55.9177  
63131  48.6138  
6881  42.2171  
3785  42.2136  
122900  60.4131  
103042  52.7858  
6294  35.6303  
2167  50.9641  
2005  58.1877  
6006  41.7475  
653  43.0931  
55995  31.7721  
3018  50.0886  
69757  55.9011  
103772  49.8136  
3825  39.8939  
299|5
3793  77.96  
1387  83.8322  
188  78.0904  
1198  86.5537  
1214  81.6126  
300|32
318  86.9491  
356  81.1498  
527  82.6882  
593  82.9275  
1172  82.1537  
1704  80.5725  
2028  81.4353  
2324  81.9876  
2329  82.6458  
2571  81.2628  
2762  76.0727  
2858  79.9072  
2959  84.3481  
4848  79.4563  
4973  84.7774  
5995  80.4126  
6016  82.0729  
6711  81.7592  
7361  83.8497  
8950  78.1518  
48394  76.1419  
56174  69.95  
63082  78.6461  
79132  80.8507  
81591  72.412  
92259  83.5436  
99114  78.1276  
109487  78.8823  
112183  69.8249  
112290  78.5539  
112552  81.3968  
112556  76.8279  
301|20
21  65.2129  
357  62.8611  
2490  57.1231  
6711  80.5245  
589  68.3595  
8949  70.5137  
837  53.2752  
3948  63.863  
364  74.2843  
527  77.2678  
5989  74.1761  
4963  74.2442  
608  74.4327  
292  61.2867  
3578  72.0067  
3897  76.445  
4226  82.3234  
3753  56.8886  
1393  60.5799  
1792  49.2052  
302|7
480  80.1485  
14  76.9536  
3  70.7453  
25  77.9443  
648  76.1973  
707  64.7498  
110  86.014  
303|11
5378  67.2246  
3703  88.4061  
1127  79.628  
5544  75.9354  
1196  85.408  
3471  79.7048  
1580  74.3697  
1394  79.0827  
2683  68.4896  
920  74.2699  
1358  74.5405  
304|20
314  81.6597  
2571  91.2869  
2433  71.7227  
10  78.2125  
1376  82.8432  
480  83.5812  
1373  67.9849  
1777  75.2138  
1270  90.97  
1517  79.6578  
151  79.3422  
356  88.5631  
208  64.8202  
474  84.004  
1214  87.2589  
1375  80.853  
640  64.4647  
1722  68.7161  
185  67.5904  
2701  55.6533  
305|20
74624  76.005  
140627  76.005  
87869  74.698  
919  82.9447  
1197  89.834  
106100  75.1137  
138210  76.7719  
788  55.4988  
7482  88.051  
80590  75.9934  
103075  68.4487  
903  89.8553  
6537  70.8616  
93840  79.1603  
54736  82.5765  
592  69.5523  
2288  84.743  
58803  76.599  
55276  80.9065  
1272  89.3238  
306|20
5784  48.1926  
68954  69.0713  
69644  53.7993  
6377  67.9661  
95543  69.9741  
81847  69.8684  
111743  64.3782  
85367  69.3894  
168418  79.2805  
167018  71.6217  
72998  60.56  
122904  66.5168  
69406  61.3026  
85788  54.8926  
4963  64.9928  
115664  59.5474  
134368  68.7815  
112852  72.6766  
161634  66.4122  
133419  69.4157  
307|20
2190  57.8972  
4181  57.8972  
31424  57.8972  
49314  57.8972  
5010  71.8463  
7845  43.9731  
3392  47.75  
1220  65.4996  
6793  28.9743  
6483  33.6326  
2332  37.0632  
56003  39.8741  
1991  47.2379  
3273  35.285  
4876  33.2116  
3421  66.9792  
1409  41.1958  
413  45.3343  
4447  55.8703  
52867  57.8972  
308|20
2959  49.493  
45517  56.7207  
96821  72.0172  
72998  58.1187  
318  52.1216  
2  44.6032  
904  43.2164  
589  38.2008  
8961  57.3242  
56152  67.5176  
56367  66.6483  
5618  68.2938  
36  31.3275  
410  31.2604  
79132  57.516  
4993  52.9387  
8464  58.4669  
1221  44.4927  
2248  48.5244  
6  33.5198  
309|20
2202  84.3105  
1645  67.4073  
898  85.5297  
1682  73.5905  
296  80.2333  
1089  80.6585  
1269  77.2736  
7153  80.454  
6947  70.1684  
8340  67.6913  
1104  81.8073  
7218  69.0022  
25886  76.7808  
1219  77.0907  
8154  75.189  
971  75.9684  
1944  74.0261  
6365  64.6287  
1262  77.1175  
2762  74.2789  
310|13
6863  66.3733  
6947  73.7462  
1101  69.0286  
6503  46.6915  
2524  74.4669  
2457  72.7065  
5899  79.0076  
733  70.9422  
246  83.406  
3254  64.553  
1223  88.3578  
1080  79.3157  
2671  70.5856  
311|6
6561  43.596  
5992  49.3962  
1517  42.4977  
6461  44.7922  
1407  36.8531  
2706  41.8913  
312|20
5816  78.9097  
1375  69.8785  
3499  82.9862  
589  80.1756  
2454  72.54  
1358  83.1522  
4878  86.4075  
4103  80.5496  
3793  77.8792  
2028  85.9444  
1371  66.9529  
4121  73.9597  
2366  76.8694  
2747  62.9478  
4105  76.9612  
5446  73.1418  
2699  66.0181  
2529  82.4753  
1350  83.9211  
1356  79.7651  
313|20
4980  51.5872  
170  65.8951  
3917  78.9611  
2455  64.7751  
5544  78.2385  
541  77.0137  
2193  55.859  
2000  63.778  
6  77.9039  
1968  58.6882  
1089  86.0586  
1301  70.0513  
1240  65.9973  
3175  57.1436  
4865  75.248  
2005  52.9261  
2167  65.077  
1375  61.8817  
2087  53.2979  
2530  65.2709  
314|20
7  58.2006  
1042  63.9706  
44  40.1141  
165  56.4735  
457  63.6301  
293  70.45  
597  59.8331  
329  53.194  
442  51.1966  
26  71.418  
830  61.783  
728  63.6832  
618  61.8744  
107  62.7528  
536  60.6046  
10  55.939  
1376  61.9069  
153  43.3303  
208  45.3721  
150  61.1059  
315|7
1262  71.6251  
2729  62.8109  
2529  66.0157  
2067  71.5338  
2553  57.3318  
909  66.8757  
902  68.1579  
316|11
1748  68.8156  
253  63.36  
3968  53.3507  
158  47.3173  
5445  65.4334  
3751  62.2767  
7438  70.1467  
6874  71.2302  
48  54.603  
3882  48.0783  
2572  63.3652  
317|20
133115  67.0781  
73321  60.0313  
91529  73.2137  
74545  70.1964  
7445  69.3693  
1213  89.4974  
48774  75.5986  
4262  79.5659  
1884  80.2956  
5989  73.2208  
3578  80.5058  
4011  83.1423  
68358  70.4137  
1208  87.43  
72011  65.6275  
3897  75.2932  
3499  74.5244  
96829  75.0839  
116797  69.7654  
56782  86.5186  
318|20
26713  70.8359  
81191  70.8359  
90245  70.8359  
111817  70.8359  
127180  70.8359  
145080  70.8359  
150696  70.8359  
7445  71.6092  
1090  75.0238  
116799  78.7782  
82459  76.308  
48385  64.6992  
2294  65.5842  
64839  79.9632  
88125  70.3115  
109487  76.6877  
4021  89.0211  
33794  70.3463  
54286  67.5556  
89753  79.8229  
319|7
115617  86.4969  
6377  91.5377  
356  93.3321  
136864  58.3992  
1221  96.4251  
122904  86.2186  
110  91.6642  
320|5
72998  70.5353  
71535  76.2823  
31184  66.8974  
59315  74.2246  
1013  67.6978  
321|12
587  71.3413  
356  81.9513  
160  66.1074  
592  70.6047  
597  72.5248  
780  71.0192  
339  71.5888  
355  55.0768  
410  68.8702  
3  73.2535  
500  70.6308  
457  78.6025  
322|20
2882  44.0221  
1968  62.3351  
2542  66.6871  
58559  73.914  
2788  72.3944  
2146  61.9704  
2617  54.9172  
2918  63.4672  
778  67.4511  
2599  63.6988  
4027  68.813  
4993  72.1312  
1230  66.6513  
51540  64.9471  
1  72.57  
1617  68.9924  
1923  58.258  
4010  57.3293  
11  70.1792  
1035  69.3034  
323|20
377  60.1868  
480  64.4012  
356  71.935  
1094  63.0616  
161  62.1109  
115569  64.3585  
1198  73.8135  
29  72.0249  
551  66.0147  
22  58.065  
318  77.9523  
112183  58.128  
253  62.1981  
111659  47.693  
3257  55.0402  
260  74.405  
150  65.6175  
329  56.4431  
342  59.4482  
266  57.3375  
324|5
2764  81.1465  
3972  73.4606  
3864  47.5822  
3949  73.1818  
3897  73.8571  
325|20
2848  68.668  
235  73.3528  
2986  51.2252  
262  76.4989  
1573  63.4856  
2596  69.2555  
1584  73.257  
1217  89.1676  
1676  63.2832  
4714  56.7713  
3770  55.5249  
3261  66.6337  
2894  68.668  
2155  67.2029  
1279  83.2423  
1614  51.6526  
3994  67.8852  
2268  71.5266  
2915  65.1229  
5008  85.0014  
326|20
8665  76.4061  
47610  76.8022  
20  52.8167  
2858  82.4789  
86882  70.4791  
5418  77.0736  
4973  87.2134  
133771  79.3094  
48774  85.6405  
2324  83.4147  
1293  81.2318  
2692  82.157  
72605  68.1949  
70159  58.3082  
54286  75.2937  
5446  76.8119  
6591  88.9094  
4226  84.7456  
105844  71.0757  
31410  81.3898  
327|10
3301  85.8316  
150  87.4975  
858  94.4408  
1923  85.5743  
51255  92.8702  
48516  96.013  
1304  88.3693  
765  74.5833  
6888  67.1953  
2706  83.2407  
328|20
2687  64.8081  
112852  65.7363  
70286  60.7679  
1196  74.7649  
457  68.9519  
364  72.4635  
80463  60.4041  
3489  64.3096  
318  77.9252  
595  66.8918  
5349  60.893  
2542  76.0506  
1219  73.6981  
35836  52.6025  
3751  67.3004  
79091  57.4749  
7153  68.6965  
596  63.7056  
2398  69.7726  
1148  80.3713  
329|5
130482  42.815  
136850  42.815  
858  46.8437  
1884  40.4969  
750  48.381  
330|20
5378  65.8702  
316  53.6212  
1639  76.662  
2918  79.7404  
919  81.5666  
3949  81.0989  
3535  75.1153  
5349  76.1909  
380  57.455  
1676  65.687  
2502  84.6998  
3703  72.641  
1682  83.0327  
2683  67.808  
1206  80.7025  
1721  67.326  
2791  78.66  
2081  75.2436  
8874  84.0789  
592  57.4663  
331|20
8874  81.1178  
6157  45.175  
88125  80.1578  
6539  72.4151  
3897  72.063  
4446  59.632  
7361  83.892  
50872  71.5962  
4995  77.5716  
4306  75.5848  
6874  77.7917  
5502  60.2379  
3911  72.9218  
608  86.303  
4447  56.3498  
593  84.8526  
3751  62.1931  
8665  69.6814  
4367  49.2637  
2959  86.7824  
332|20
47  78.5914  
1653  76.2118  
1258  82.9841  
316  64.3695  
8983  70.8816  
431  71.9203  
97757  67.1491  
2291  75.0947  
1835  67.3763  
356  83.4092  
5502  62.9904  
4308  73.5391  
1203  82.7549  
1682  76.5644  
1249  78.4949  
76251  68.2349  
2905  80.0899  
318  87.6741  
2294  63.5727  
32  78.3213  
333|5
3785  46.7308  
3752  49.9006  
3616  45.9757  
3615  46.2528  
3646  29.2735  
334|20
55820  69.7042  
1196  74.6533  
1580  66.6878  
1291  74.3666  
3996  71.2348  
589  71.0005  
30810  62.7976  
4027  69.3576  
1  71.7755  
64957  62.4041  
1625  67.245  
50601  52.1206  
44195  74.0573  
27416  67.4229  
6867  65.9541  
2997  73.5456  
293  72.6212  
480  66.7137  
5378  57.5709  
51935  65.6922  
335|6
780  72.899  
592  72.4909  
356  87.1881  
296  87.8262  
2699  58.92  
2001  64.9146  
336|12
1267  94.7402  
1  88.0845  
38798  76.6273  
33660  89.0327  
1784  84.3894  
2001  77.2331  
2268  87.3561  
293  91.9852  
1625  85.4196  
4886  87.2751  
50  93.4381  
150  85.7752  
337|16
318  100.0  
47  94.2295  
16  94.4339  
805  93.009  
1393  88.5481  
266  85.0343  
667  75.1383  
168  80.1009  
784  78.1254  
65  72.3783  
110  94.9705  
708  85.0115  
25  83.7727  
1356  92.1346  
277  78.5119  
786  83.5384  
338|8
189111  57.7105  
190207  57.7105  
190215  57.7105  
190219  57.7105  
7153  77.6253  
593  83.9706  
187541  34.5427  
185029  38.4872  
339|20
72641  76.7796  
5445  75.2511  
84152  81.1762  
96079  73.4159  
106072  67.5766  
69122  73.8486  
5617  88.1076  
41285  81.1784  
56869  74.0863  
48322  90.4071  
65216  85.4804  
91630  73.293  
86504  82.8867  
91529  73.5982  
83613  66.6595  
4993  82.0861  
3470  88.4874  
102407  72.0436  
2028  85.4802  
5952  78.1357  
340|28
10  69.4435  
110  79.0763  
150  74.8214  
153  58.8024  
161  72.5119  
165  71.7956  
185  60.9624  
208  59.2365  
253  71.2258  
288  66.7649  
292  67.9218  
296  82.1358  
316  66.6779  
318  86.9491  
329  67.1286  
344  61.8168  
349  70.7056  
356  81.1498  
454  71.485  
457  77.5844  
480  73.0938  
589  78.2071  
590  74.6933  
592  68.266  
595  74.6371  
648  69.4155  
780  68.3235  
1356  76.6261  
341|11
2335  73.024  
3624  68.6441  
130087  69.5631  
1370  73.1432  
135137  68.533  
117529  73.5141  
5459  63.4671  
45672  70.0951  
1  78.3008  
47099  79.9462  
4025  63.6725  
342|14
2683  61.4868  
2598  55.9998  
2881  60.908  
2369  52.4189  
1268  68.4909  
2605  57.3315  
2599  69.971  
1198  79.4996  
3157  49.9402  
3826  46.6147  
2428  48.9209  
2827  41.7579  
3863  57.7667  
1959  68.9395  
343|12
858  86.9725  
3000  83.0038  
48394  79.7274  
4226  87.2044  
4878  83.857  
3993  74.8547  
2571  84.8289  
1617  84.1407  
31658  84.3215  
55363  84.7372  
55820  81.3055  
296  86.0653  
344|14
111362  84.7354  
380  77.2674  
316  71.2245  
2628  69.7707  
4226  75.8543  
2571  83.0061  
4014  70.5859  
2012  72.3477  
4034  70.0109  
260  88.095  
2541  64.5471  
4973  84.6827  
5418  75.7082  
2712  66.3509  
345|13
1019  75.5573  
2539  67.8662  
926  82.9351  
5902  84.209  
8810  64.5265  
344  64.5938  
5707  73.0492  
2366  77.8437  
56949  74.3989  
3649  60.9017  
6658  70.4002  
3489  75.2359  
412  75.0683  
346|20
3174  65.5554  
778  75.0014  
608  77.1636  
6711  76.6648  
6286  76.1768  
306  78.7291  
7323  71.6627  
307  75.6373  
3535  69.5252  
1212  82.2164  
357  62.1361  
3949  72.7901  
714  75.4238  
7937  76.0734  
7396  80.9036  
5878  82.2007  
1120  70.0767  
1131  76.8412  
3627  75.858  
7115  69.5916  
347|9
434  61.6073  
590  74.8353  
39  68.6051  
150  76.2237  
454  72.9444  
380  69.4674  
587  69.6839  
317  65.9078  
457  78.021  
348|11
318  100.0  
2324  96.6492  
4368  61.7714  
1213  98.4905  
6016  97.3051  
2959  99.4925  
6893  92.8326  
4973  99.5003  
1221  99.5214  
1960  89.9605  
2019  98.4315  
349|8
10  73.9832  
161  76.4988  
589  82.8233  
381  75.8265  
349  74.3477  
231  66.5761  
588  79.0604  
509  74.5442  
350|8
852  60.3292  
7  58.2807  
637  57.8914  
648  67.1418  
733  69.7845  
12  49.2817  
858  82.0999  
661  66.2773  
351|20
88932  70.8068  
87222  64.7177  
73344  81.5626  
52579  68.8206  
2231  75.3518  
88744  72.9575  
43836  62.2877  
79132  81.1835  
597  71.9737  
58559  83.2159  
12  48.2073  
8914  76.5326  
8950  77.6606  
63082  78.2855  
6214  80.1757  
90376  76.0136  
84152  80.505  
480  75.006  
4878  80.422  
1193  83.5973  
352|20
72998  75.9224  
71745  55.7771  
1801  74.6702  
34319  68.8422  
2600  82.3005  
65682  77.8696  
1080  77.0208  
79695  61.4991  
110730  55.1123  
38038  79.5456  
130490  66.897  
97752  75.0706  
1214  81.9234  
94864  69.4588  
41566  70.8986  
56587  76.7682  
44191  81.0028  
114935  78.7915  
59315  79.3596  
47610  79.1561  
353|18
552  64.6958  
25  76.3734  
267  56.6741  
216  72.1716  
367  71.8747  
288  74.0711  
144  68.1331  
186  58.3144  
333  74.4997  
266  70.9046  
112  66.667  
198  67.7867  
234  52.1614  
145  65.4996  
293  84.9131  
158  58.908  
163  75.5652  
296  90.5644  
354|20
1610  77.3095  
4306  77.22  
2692  78.7781  
3147  82.0568  
47  79.65  
903  80.5343  
733  74.3122  
3977  55.451  
1225  82.5554  
35836  68.703  
648  71.9349  
44191  77.0521  
8665  74.2372  
1917  61.4047  
7147  75.3165  
1923  75.3601  
589  79.703  
2959  85.2098  
4718  63.5142  
1196  81.5667  
355|6
316  74.3842  
1580  79.9857  
3035  91.5489  
3175  79.7585  
317  68.7774  
916  90.4237  
356|20
2248  85.5694  
52435  90.7212  
52975  78.8013  
7122  75.2388  
44889  75.2388  
1641  80.9301  
2706  73.9122  
4011  84.9574  
802  74.4033  
7323  78.9494  
2502  86.3659  
56367  82.356  
1223  90.0609  
55118  83.2814  
3949  82.7311  
3996  79.7764  
1246  84.4305  
1466  79.5822  
223  85.2207  
7153  83.0499  
357|20
4354  74.0442  
8998  74.0442  
27329  74.0442  
2804  83.9228  
595  78.3989  
529  79.384  
4663  69.8493  
4091  76.8369  
1224  80.9658  
1242  86.9932  
34  74.4052  
208  60.3606  
58559  87.2564  
6296  78.8242  
30793  70.0691  
1042  71.5961  
2100  69.4325  
551  76.8715  
471  73.6026  
2067  83.7158  
358|9
26095  65.4587  
605  66.2007  
5066  72.295  
52328  71.7266  
2226  65.4587  
42728  73.1783  
7361  84.0495  
69844  76.1723  
36525  60.5222  
359|15
405  41.5314  
1092  59.1154  
1101  62.541  
51412  47.5757  
648  64.6421  
296  77.8515  
1097  69.6329  
2396  71.0541  
2424  61.9271  
593  78.8118  
2701  41.4501  
2942  50.712  
1682  71.3007  
2530  54.1759  
4995  75.2857  
360|5
1422  72.5399  
1620  60.4931  
1488  65.5092  
1711  64.4742  
1414  70.6882  
361|20
47099  77.9447  
1580  56.385  
377  56.7594  
1552  55.9368  
49272  72.6338  
1263  60.8312  
53125  70.5074  
589  63.3475  
49822  74.6926  
8360  64.0848  
318  70.029  
2529  64.9058  
5218  69.2777  
6188  69.8151  
2422  36.0689  
3082  62.7075  
1732  63.2405  
1370  61.3433  
46972  68.1465  
7458  67.9924  
362|20
1945  94.4194  
592  76.8675  
6539  85.0511  
51540  84.2697  
5989  84.9678  
637  72.1711  
70  82.8782  
7153  89.1597  
1252  94.1356  
44665  86.2525  
407  79.7066  
6874  87.6298  
2959  92.7153  
1196  90.9911  
1208  93.8438  
8961  84.4092  
48516  90.647  
7438  86.7317  
356  88.7622  
1201  94.5578  
363|6
1552  49.9371  
1732  66.7073  
1517  60.1285  
296  67.7897  
653  50.7434  
318  72.7757  
364|5
858  90.7257  
9  79.1202  
783  79.3292  
376  79.8829  
1  85.4073  
365|20
59315  55.8899  
81229  63.9073  
128975  60.9632  
6874  59.5329  
90345  53.1447  
158872  68.3009  
129354  66.9136  
103075  46.8127  
135536  51.4386  
70286  59.7776  
112852  61.8351  
76077  62.1744  
112818  52.4143  
1777  57.9156  
6502  63.4636  
155820  53.86  
541  55.4446  
95720  63.3487  
93270  49.8328  
135569  63.2949  
366|7
116797  81.718  
59315  77.5842  
33794  79.1549  
91529  82.2952  
2028  84.7668  
122882  78.9831  
7438  80.728  
367|20
926  88.7062  
3061  80.5744  
1270  92.6082  
1287  84.5433  
486  72.0516  
3536  79.8469  
3824  61.5344  
2384  68.938  
3072  78.1425  
898  87.4937  
3618  78.7608  
3225  69.7407  
2248  83.7861  
3157  74.7612  
3969  87.9348  
3717  78.6611  
1259  88.0278  
4023  77.3262  
1196  91.6137  
1258  93.1605  
368|20
3753  55.7216  
2112  50.6928  
1944  69.0943  
2986  41.1494  
3869  60.2981  
1214  73.0409  
2947  65.8481  
415  38.9919  
3035  72.2846  
832  54.6466  
50  81.1943  
2819  62.0575  
1801  55.8171  
2490  58.6381  
1917  50.837  
1391  52.716  
2193  57.6952  
225  60.3354  
161  65.2538  
2881  52.5862  
369|20
1256  70.9725  
785  64.4453  
47  72.0627  
2706  63.0774  
839  54.4601  
377  63.5575  
52973  73.6266  
743  46.1241  
4214  55.3408  
5418  71.8082  
3863  63.3757  
1372  60.0744  
27904  73.4198  
60069  77.093  
2857  61.9503  
1967  75.4787  
150  68.8472  
2011  64.6281  
1580  62.4868  
3174  68.9715  
370|19
4011  72.9922  
4878  72.443  
8961  70.0458  
6377  75.189  
2628  52.9592  
1748  69.6026  
2116  60.2547  
589  72.0874  
2329  76.6787  
7438  74.4695  
3977  54.3428  
1676  58.1038  
593  76.66  
4973  80.9021  
4226  77.207  
1240  65.7899  
1089  73.3038  
8636  71.6612  
2716  65.2334  
371|9
2571  97.5384  
112512  84.8902  
1258  97.937  
4090  88.1865  
56715  99.753  
3000  96.9052  
4226  99.1251  
4993  97.7525  
1748  94.5073  
372|20
335  63.6053  
924  82.9453  
318  92.0923  
1603  46.9609  
1479  63.1631  
589  84.1939  
81  59.4213  
387  51.0268  
616  62.0531  
337  68.7334  
1220  76.4649  
1201  82.9236  
165  77.6118  
1243  75.903  
1258  85.576  
377  74.9895  
1401  61.5109  
450  49.2396  
1206  85.3439  
1306  53.6262  
373|20
216  56.6984  
60  52.6145  
169  36.5213  
350  50.78  
585  45.119  
44  42.9867  
371  60.4604  
163  57.8326  
616  64.1389  
198  64.7278  
265  71.1054  
25  69.8296  
6  72.0003  
733  60.8326  
47  74.2499  
2  62.9985  
736  55.1228  
305  58.927  
357  64.7593  
141  58.9797  
374|7
296  83.6137  
208  60.6508  
1219  83.8262  
480  74.6638  
592  69.7795  
1258  85.168  
1339  77.5197  
375|7
344  67.0402  
1027  68.0275  
32  86.7261  
2628  71.4687  
3256  76.8702  
4226  91.4166  
500  73.3159  
376|20
91535  77.9  
2002  65.407  
1214  84.0897  
1101  71.7455  
2916  78.5695  
33794  84.2117  
1198  85.3534  
349  80.6942  
1371  68.8356  
376  74.497  
1240  84.1981  
1375  72.1046  
4993  85.2105  
858  89.336  
457  86.059  
4226  85.7728  
5952  84.2372  
344  68.6454  
2763  82.3625  
2797  78.2054  
377|20
4942  76.4314  
2793  59.9518  
1262  93.0799  
2791  85.5324  
748  75.4677  
1345  77.848  
5027  64.3299  
5113  76.2742  
27692  76.4314  
3421  85.0434  
6021  76.4314  
3364  68.5981  
2072  69.3412  
8641  83.4234  
2163  62.8711  
92760  76.4314  
2858  90.087  
1503  64.3962  
2124  75.859  
2015  78.0031  
378|10
33794  78.0546  
7153  84.4013  
48516  85.1168  
3114  79.0438  
858  86.8625  
68954  80.4865  
91529  79.4326  
71535  76.6048  
90600  70.5873  
364  80.5468  
379|8
318  86.4096  
377  69.3398  
19  55.3674  
292  68.6616  
480  73.5668  
367  64.0078  
597  69.9624  
344  61.9193  
380|20
60818  75.1369  
172875  75.1369  
172881  75.1369  
172887  75.1369  
355  59.0137  
6979  78.4507  
5476  45.838  
2735  64.3475  
68194  76.058  
63433  65.7534  
72356  79.7751  
105731  72.0262  
1833  64.4802  
551  83.8436  
6731  80.3873  
27831  85.3122  
1665  67.8718  
393  58.294  
140956  73.7183  
2791  90.6522  
381|20
2085  69.1888  
1088  72.466  
3253  69.9393  
185  56.7134  
317  62.1572  
27808  66.5078  
1240  71.7036  
19  50.0979  
3753  70.2419  
4321  60.255  
72011  75.4808  
3082  65.0618  
333  71.0896  
2140  65.5875  
1385  58.7022  
2273  64.0485  
1208  84.8382  
457  72.7469  
104  64.5697  
2716  74.0756  
382|20
1204  98.6693  
142372  57.7935  
135532  68.9611  
1201  96.9668  
112171  71.0386  
1198  98.7868  
912  98.7851  
81847  82.9154  
4638  65.4914  
63540  49.2549  
1681  52.7475  
170289  72.2469  
103042  75.3494  
72737  74.5179  
2496  72.3695  
357  81.6  
81537  66.1292  
59501  75.5628  
101362  63.386  
4890  72.9791  
383|7
2436  78.8182  
2541  68.3231  
2496  66.0668  
1584  73.166  
2558  53.8428  
1246  81.1414  
903  82.6189  
384|14
3527  69.4224  
1388  49.6711  
2683  62.9644  
2502  78.3081  
4333  51.8181  
3098  65.9482  
4396  51.5069  
457  74.703  
358  48.2963  
968  69.3653  
2724  50.3886  
296  80.052  
3991  56.6183  
1204  79.6167  
385|20
736  63.8349  
1080  80.7641  
249  71.4964  
1219  80.7772  
1036  80.8888  
1136  86.2205  
282  60.6645  
1073  74.8148  
1200  82.187  
1228  81.7775  
1022  64.1609  
1007  50.1182  
1201  84.401  
1246  77.2789  
344  57.2484  
589  77.7095  
1023  64.1961  
1287  73.1479  
594  67.8992  
1303  81.1176  
386|14
110  60.4775  
410  47.9256  
112  49.3982  
165  54.1792  
223  61.4223  
648  51.7021  
185  44.1893  
608  65.6587  
485  50.23  
305  46.2996  
44  37.2643  
585  46.7136  
349  53.2511  
10  52.5165  
387|20
4393  64.1539  
5156  64.1539  
5780  64.1539  
7336  64.1539  
26124  64.1539  
40966  64.1539  
2712  69.3374  
5062  66.7577  
1247  81.2605  
5489  64.1539  
4195  69.6651  
7132  77.5182  
2946  63.1451  
1387  73.886  
3000  77.0617  
51939  56.0772  
4995  71.9367  
912  84.336  
7938  64.1539  
1783  56.0042  
388|6
6158  69.9996  
63239  69.9996  
33615  78.6006  
86298  69.837  
62999  83.9628  
8360  79.081  
389|7
17  91.3065  
140  79.8456  
628  89.2664  
762  66.8467  
743  68.6425  
95  77.1239  
32  96.6643  
390|17
6344  70.1372  
64957  69.7501  
4239  73.9071  
5220  51.1122  
1193  79.9749  
2571  78.6637  
9010  79.1935  
2291  75.5837  
5296  53.2822  
4226  80.7069  
7254  71.1248  
6377  77.3545  
63062  73.6392  
1206  80.5409  
2329  81.3735  
4014  70.2601  
1784  71.1621  
391|20
5575  69.878  
500  61.8748  
3994  60.9367  
1213  88.7378  
516  63.5009  
199  83.8726  
4027  76.2605  
150  63.8579  
1408  73.2914  
4014  60.8503  
1527  66.8847  
1059  75.8072  
2916  66.4052  
4973  87.1452  
357  66.1877  
555  70.4347  
5026  78.4716  
4936  68.4023  
1210  74.2089  
3067  75.0932  
392|5
3004  55.6229  
2858  82.4213  
707  57.151  
1198  82.7634  
1125  72.6034  
393|20
91658  73.1339  
102125  74.6244  
48394  86.8643  
36517  70.6106  
8636  81.6346  
110102  83.9703  
44199  75.2908  
5388  64.701  
54259  72.2289  
4848  72.4237  
5669  75.8925  
1291  81.0824  
68848  77.3526  
86190  69.2621  
2571  83.8422  
1206  81.1929  
122892  79.6551  
106642  97.9714  
1625  68.8653  
106489  68.3552  
394|5
588  63.3932  
316  55.8271  
344  50.1984  
225  56.9647  
457  67.1055  
395|13
329  62.851  
1025  63.5585  
296  74.6075  
160  55.4171  
208  54.8763  
173  52.2472  
485  60.8771  
355  45.358  
520  59.9169  
595  65.9475  
126  47.6526  
48  57.7328  
367  58.3506  
396|6
1276  76.9381  
1597  53.1002  
1777  62.6762  
44  44.6426  
204  49.1173  
2081  65.9977  
397|5
4017  75.4147  
8645  78.2297  
1701  81.5314  
8228  79.6843  
6993  83.1701  
398|10
6408  76.3078  
1197  90.1841  
5971  86.8451  
7022  84.6323  
1198  89.2465  
60069  86.3039  
2455  76.5  
1136  89.611  
48516  88.2682  
82459  82.1358  
399|8
1198  83.8352  
110  79.5782  
5445  75.6449  
1196  82.4783  
593  83.3208  
480  73.3003  
1270  80.8706  
2194  78.2249  
400|9
608  94.1901  
356  93.3076  
2571  93.2843  
2959  96.0938  
7153  93.1857  
1221  96.3101  
3578  90.0432  
858  96.984  
59615  69.0196  
401|15
5952  71.7874  
6297  74.7757  
55768  70.3027  
48982  72.2398  
166461  69.6707  
49274  58.7862  
50872  71.6354  
32031  68.8339  
79091  74.065  
170939  67.3823  
38038  76.4942  
8360  67.1285  
3114  71.1265  
33615  67.8542  
1136  76.3386  
402|10
1084  86.1208  
597  80.3502  
52  78.1842  
329  77.8169  
296  91.9566  
586  72.4217  
315  69.2732  
1036  87.0744  
434  71.885  
527  92.6582  
403|7
110  81.5802  
2427  63.8111  
3210  69.7186  
296  85.2743  
61465  66.9746  
1663  72.5562  
180  69.0898  
404|12
204  51.9701  
349  68.0068  
474  72.4568  
34  71.807  
364  77.3256  
508  72.6106  
105  62.8707  
593  80.6121  
509  67.0847  
277  60.7182  
315  57.6425  
185  59.4176  
405|20
70708  74.762  
293  84.3792  
7254  75.6547  
37731  75.3311  
2959  87.976  
345  79.1533  
1213  86.0493  
7134  74.762  
64614  81.2988  
6023  76.2453  
1241  83.9989  
2329  85.6862  
1247  83.8929  
3052  75.2058  
68237  81.7927  
1199  87.1494  
27592  81.9707  
27664  75.3521  
3418  74.7153  
1215  86.3796  
406|5
1586  44.0765  
135  48.6694  
56949  70.9201  
46972  62.3544  
724  55.966  
407|5
7153  86.8946  
2959  88.7314  
6539  81.0577  
1240  79.1414  
54286  77.5475  
408|20
1198  93.127  
122904  82.1947  
44840  71.6109  
165101  68.0407  
6618  87.2725  
1291  91.2229  
1210  91.0904  
89745  86.748  
1278  94.9294  
7324  80.4809  
44  65.8446  
8641  87.0659  
115210  85.3644  
103596  64.0792  
68554  75.7773  
2571  91.501  
109487  87.553  
63131  76.4604  
80489  86.564  
4649  84.1642  
409|20
2485  59.4189  
2490  69.8259  
2028  87.3277  
3812  75.0167  
1278  91.542  
2997  85.5916  
296  88.4726  
1078  74.8437  
3016  69.7988  
1073  82.1023  
2683  68.7488  
2289  86.8908  
3846  74.0836  
912  93.4809  
2013  72.6516  
1911  59.967  
2352  84.4309  
1230  86.6889  
2541  66.7493  
3174  73.3878  
410|20
389  75.5267  
3224  92.7342  
318  78.8579  
2302  67.6989  
4002  82.6692  
1060  72.4465  
4297  70.3272  
3263  68.3701  
1859  76.5332  
111  82.0696  
58  83.7152  
2145  70.354  
3255  71.1093  
2321  69.2288  
3504  90.8517  
3948  65.3438  
11  74.9862  
4019  74.5222  
3  68.7614  
597  63.8527  
411|20
508  72.1041  
261  72.9897  
586  64.136  
432  57.1011  
353  76.9733  
431  71.577  
194  63.7345  
318  91.4314  
272  66.9957  
515  65.9768  
356  86.1822  
266  68.7197  
257  68.3828  
349  73.2398  
10  73.7442  
31  60.3767  
344  65.7626  
227  57.3007  
455  48.3222  
122  49.3218  
412|20
2828  53.1092  
2384  62.3209  
2915  75.9949  
903  88.4108  
608  83.4207  
2720  37.4086  
2858  80.7511  
1883  70.972  
1307  81.3805  
1214  80.8522  
1784  76.6873  
2239  96.5268  
1  79.1342  
930  91.5413  
1136  84.6363  
2710  59.2026  
915  80.2748  
2398  82.9723  
17  80.3213  
1079  86.959  
413|12
2706  81.7341  
1198  95.29  
3753  85.2682  
2424  81.464  
593  94.7141  
128360  91.7774  
4993  91.5975  
16  92.3107  
5574  91.668  
3948  83.4076  
64957  85.8096  
2959  93.7039  
414|20
4458  70.9338  
4666  70.9338  
5285  70.9338  
5635  70.9338  
6033  70.9338  
6493  70.9338  
6563  70.9338  
6628  70.9338  
6797  70.9338  
48319  70.9338  
58879  70.9338  
169992  70.9338  
3802  49.0997  
3599  67.7238  
1600  67.403  
8666  33.1261  
4975  75.6824  
7444  64.6964  
4081  52.47  
177593  96.9823  
415|19
296  88.002  
1213  89.1118  
4321  72.8305  
3507  86.4507  
4308  75.7708  
47  83.4288  
1021  55.2362  
111  88.4405  
2617  67.2612  
1276  89.2756  
3861  64.8312  
4369  65.923  
99114  82.9196  
1221  91.06  
63082  83.3025  
1234  85.4503  
45722  74.4755  
1197  88.8845  
175  85.6891  
416|11
5952  53.3839  
5951  52.0232  
531  54.0614  
1296  60.6657  
1199  63.9295  
1721  41.7243  
830  47.0966  
1206  60.5998  
7323  55.2261  
4848  59.5169  
3677  59.1105  
417|14
778  94.0468  
4995  92.9357  
4975  82.7403  
7254  84.1828  
1198  95.1777  
106782  89.7267  
27773  90.1596  
168250  82.2802  
1625  85.7282  
7153  95.8725  
74458  87.162  
110102  84.6799  
48394  89.1276  
4878  92.7209  
418|19
356  87.0547  
296  87.4071  
63082  81.4986  
104374  74.9538  
1276  85.6518  
1136  90.2699  
117176  79.479  
1573  63.7352  
137337  74.5479  
1682  81.3917  
5816  73.7382  
88125  74.6586  
74458  80.518  
367  62.6062  
89745  78.0318  
45672  57.4625  
87869  69.2816  
7361  89.7004  
54001  73.9343  
419|20
4093  72.6307  
111  82.4437  
46976  81.2958  
27822  64.0597  
2858  82.6754  
319  78.0492  
6287  71.4482  
3578  80.8983  
1213  85.5221  
64969  77.8836  
47  80.0426  
79592  77.1575  
34319  74.9405  
89580  72.6307  
60756  79.4501  
27704  72.6307  
90943  72.6307  
2412  47.89  
1240  78.49  
52245  70.8633  
420|20
1161  79.49  
4993  83.4501  
45499  68.0837  
923  83.044  
26693  72.1798  
48385  67.285  
1927  83.8805  
5608  78.049  
2052  66.647  
6934  63.3521  
7022  79.3043  
3979  55.3585  
59295  72.1798  
2329  82.4304  
54259  72.586  
1131  79.9155  
2762  76.673  
4973  84.4847  
5669  78.6864  
527  82.6773  
421|8
2858  86.5365  
909  82.0634  
5008  93.3696  
953  85.7831  
1178  92.1559  
2313  82.9134  
2478  65.5208  
1203  87.3605  
422|19
2539  56.6025  
2710  54.5315  
4947  79.413  
4971  59.2619  
5039  73.1813  
4925  66.3721  
2581  53.1617  
4916  66.954  
1265  75.7996  
2804  71.6981  
3053  66.8933  
2665  66.3721  
1283  82.3999  
4835  66.4023  
2908  70.4221  
3943  56.0367  
1213  81.6456  
2670  75.0887  
858  85.2127  
423|5
1653  80.8309  
110  87.9234  
2194  80.4468  
5349  73.5749  
1320  67.2054  
424|20
1193  73.3963  
141  69.2798  
2804  77.479  
40278  78.9176  
608  73.5645  
108729  70.7089  
293  71.9216  
69122  71.4736  
1092  64.358  
54503  77.8474  
58559  76.7109  
3186  72.755  
66097  73.6049  
778  73.6458  
5679  67.5397  
3176  67.2345  
2288  72.9301  
2174  68.7536  
71668  71.986  
112556  76.3627  
425|20
45517  66.126  
377  66.9298  
2329  80.3209  
733  67.1419  
6  73.6163  
1645  67.4295  
8368  77.0966  
2081  68.5262  
4306  74.757  
1680  70.6297  
1909  65.3777  
367  62.998  
46723  70.9681  
1625  68.4772  
1036  67.4208  
4901  69.0888  
750  75.0631  
2353  65.3551  
1342  61.5294  
145  64.9816  
426|18
59784  70.6275  
150  74.1908  
471  67.717  
337  72.7867  
54001  81.2912  
1197  82.2527  
6378  64.4524  
72641  69.7713  
4886  75.5832  
8644  62.2815  
37729  76.8322  
597  76.2061  
5444  78.7556  
91325  60.4341  
588  76.9624  
3247  63.8992  
4022  70.1582  
79091  75.4564  
427|17
4887  50.3625  
5463  52.4101  
5015  63.2555  
110  77.6646  
58  76.0416  
5528  64.5378  
6348  52.0775  
5312  59.5534  
2710  55.3868  
5696  57.6584  
4993  79.0054  
5266  58.3184  
2683  62.6151  
5400  55.5307  
5816  68.9168  
1208  83.3206  
5574  62.6287  
428|20
2471  33.7753  
2762  58.0786  
3827  48.6031  
1089  70.0684  
2953  34.9534  
2916  54.7555  
1380  50.5885  
1997  56.3138  
3440  29.0643  
4022  55.6712  
317  43.2909  
4255  42.1525  
1208  72.4579  
1391  46.9356  
6377  61.9668  
2581  45.0992  
260  66.4825  
3285  53.1972  
588  50.6528  
653  48.4549  
429|12
339  84.7656  
421  74.9717  
150  91.6563  
225  84.5791  
165  88.1095  
266  83.3811  
329  82.399  
252  81.9637  
279  81.0584  
317  79.4219  
237  80.0881  
204  67.5634  
430|12
923  84.2338  
2987  73.6509  
3745  74.6522  
6287  65.7342  
2858  82.8919  
6365  71.373  
2571  83.5898  
4447  69.4684  
4014  75.1619  
329  68.394  
2076  82.5433  
4446  71.1918  
431|5
172  43.484  
1625  61.4591  
1376  58.3136  
3948  54.3571  
802  52.8341  
432|20
1831  47.5751  
5630  69.9319  
6870  73.8782  
8640  62.7806  
6539  72.6379  
3916  72.8287  
5989  77.4617  
84189  70.7182  
110  74.0669  
35836  70.2796  
4886  73.8321  
2762  68.503  
1206  71.8988  
49272  79.9715  
19  54.9607  
318  78.8918  
58559  80.8924  
69481  82.549  
7158  75.5654  
33660  77.4248  
433|5
91529  69.4137  
1089  77.7109  
50  77.0918  
5299  58.2871  
110  73.5928  
434|20
1136  87.6688  
3147  86.9523  
1090  85.0409  
1265  83.5051  
5989  74.1134  
1101  68.5386  
1779  54.5919  
586  59.0552  
344  61.6163  
3863  69.0354  
1208  92.9392  
3160  78.6224  
589  87.0353  
780  73.0449  
6796  76.8388  
2791  83.66  
4226  90.5873  
2194  81.2936  
8665  67.8582  
1291  87.9645  
435|9
2353  78.5796  
44191  89.3051  
485  72.5586  
3510  79.6279  
34405  90.4415  
2302  75.8293  
158  67.8581  
82459  88.2396  
48780  89.5928  
436|20
204  48.0419  
435  45.3441  
440  68.6298  
432  47.7274  
161  67.4267  
480  68.8905  
377  64.8497  
531  63.9619  
536  64.1638  
502  48.4186  
364  75.7856  
235  71.2283  
371  64.2906  
344  56.9277  
2  67.1293  
585  56.2492  
450  63.1993  
587  65.1906  
437  51.0  
227  47.2398  
437|20
748  63.0498  
318  92.2206  
5  59.1941  
640  55.5212  
1299  88.0635  
1120  84.376  
1396  76.0022  
1246  82.4848  
454  70.6347  
1171  78.9418  
1225  89.5943  
1183  80.72  
1097  77.5323  
1307  78.6265  
1268  79.6181  
592  69.6999  
198  69.8026  
155  58.5267  
112  64.1499  
246  93.8477  
438|20
7154  61.3189  
2501  71.0051  
8966  64.5732  
27801  76.4287  
1527  80.7821  
6711  82.521  
3898  54.3034  
1784  76.5928  
8644  66.2136  
6367  55.1454  
2424  67.3445  
3889  52.6429  
223  79.3092  
1517  75.9415  
7361  87.3885  
2641  66.1033  
5009  63.9567  
2617  67.912  
3753  74.384  
2393  68.3366  
439|5
356  83.9668  
4022  75.9624  
7153  85.3467  
78499  82.6062  
1240  77.5909  
440|7
8690  71.9827  
541  87.2891  
29  81.8665  
1653  83.2572  
1274  81.7237  
3174  74.349  
1235  86.721  
441|9
589  90.8113  
2683  81.3153  
2959  96.6253  
4306  90.9423  
260  96.0898  
296  92.6068  
51255  96.2055  
47  90.7531  
68358  93.0427  
442|5
2908  27.6896  
2881  17.5755  
1186  25.4145  
3752  20.1631  
4361  26.5593  
443|8
2329  85.3894  
79132  85.0547  
296  85.0217  
48394  80.7312  
106487  81.0315  
108190  67.2815  
7153  85.7172  
63082  83.4179  
444|9
356  82.7147  
592  69.4915  
208  59.3452  
21  71.4862  
111  83.6329  
110  80.5953  
235  73.7816  
296  84.2653  
344  62.0846  
445|16
2028  84.4873  
590  75.6603  
34405  75.9103  
47  79.2288  
116897  80.6925  
780  69.7757  
4011  79.9227  
899  78.3859  
593  85.451  
33794  76.1481  
1080  78.0318  
45722  69.0703  
17  73.8071  
1230  74.5552  
306  79.6202  
2710  58.3316  
446|17
237  59.6972  
339  59.5268  
300  64.7613  
296  76.2165  
480  66.7127  
368  62.5906  
288  58.5659  
172  47.7645  
17  70.3037  
16  71.1646  
357  63.87  
150  67.1684  
434  52.739  
153  50.2498  
648  62.2148  
593  77.0256  
337  67.389  
447|16
257  85.1386  
293  87.7924  
337  80.6876  
531  78.5497  
382  74.9775  
589  84.6583  
552  70.6239  
253  79.2454  
362  80.0372  
532  70.3617  
292  77.3843  
31  72.1622  
474  81.7135  
540  72.4181  
442  70.7111  
160  66.3981  
448|373
2368  59.9342  
3284  59.9342  
3933  59.9342  
6302  59.9342  
6476  59.9342  
7245  59.9342  
48262  59.9342  
49688  59.9342  
75803  59.9342  
75816  59.9342  
78116  59.9342  
79590  59.9342  
86593  59.9342  
92198  59.9342  
98908  59.9342  
100326  59.9342  
102819  59.9342  
104760  59.9342  
108715  59.9342  
109191  59.9342  
111680  59.9342  
113416  59.9342  
116207  59.9342  
116985  59.9342  
129657  59.9342  
130083  59.9342  
133377  59.9342  
136654  59.9342  
138546  59.9342  
142424  59.9342  
151777  59.9342  
152658  59.9342  
157130  59.9342  
158022  59.9342  
161290  59.9342  
164375  59.9342  
53996  63.9323  
136778  59.9342  
5418  75.6688  
288  66.7067  
88356  36.5252  
2580  79.6943  
155358  59.9342  
2889  72.4549  
4034  75.0296  
148888  41.0631  
81156  60.7852  
2713  50.7647  
103335  58.5739  
95441  53.5616  
34048  54.1904  
80126  47.3424  
3057  59.9342  
1057  69.815  
2794  56.6131  
33830  56.6845  
8665  71.591  
6059  58.988  
110553  35.4358  
90374  66.1795  
151501  59.9342  
3764  50.7942  
6143  71.4901  
103819  43.5201  
4361  71.5647  
104913  59.2776  
3986  48.7786  
5528  67.7182  
1196  83.3478  
105351  46.4879  
83349  50.339  
3276  59.9342  
1090  80.0554  
5349  70.2308  
587  64.6598  
106330  46.6644  
4677  67.3257  
95508  59.9342  
109895  40.1429  
110611  59.9342  
671  65.8592  
2289  79.5856  
152077  61.5848  
80693  50.3632  
111360  40.2817  
170  61.5677  
87444  54.9476  
94323  51.7887  
8493  62.9816  
3671  82.2619  
91653  57.6246  
4981  59.9342  
2991  76.7453  
78034  59.9342  
119145  68.6824  
5099  51.7871  
4299  52.5957  
2567  57.0414  
6996  30.8425  
109864  43.499  
6582  58.2432  
73017  67.6137  
370  60.8574  
543  70.3383  
115617  66.6629  
590  71.1379  
154065  59.9342  
5553  61.7575  
41569  55.8218  
3286  37.3226  
6645  75.3114  
589  75.8133  
1920  53.8243  
2857  58.5877  
111663  53.6172  
78499  72.0944  
2657  66.8736  
6537  50.1279  
1148  83.5453  
46974  47.2905  
48516  81.9818  
80241  53.0198  
445  56.6439  
4262  74.3365  
3689  49.0125  
114935  65.0091  
6428  64.7783  
127194  59.9342  
109673  45.6315  
127096  57.4875  
89388  59.9342  
4156  59.9342  
3793  73.9123  
33679  56.8807  
2014  60.7772  
64285  59.5633  
3968  54.5248  
49530  67.4601  
3450  65.5339  
160563  52.5247  
5502  60.3219  
8169  66.6153  
6314  52.1041  
122490  59.9342  
3386  70.9002  
140725  52.4186  
4896  75.1535  
2642  42.4708  
127136  66.4623  
2763  70.0434  
2520  59.9342  
457  74.1322  
48783  63.8347  
3263  59.7634  
5400  48.2345  
5541  64.4813  
4011  79.1864  
58351  59.9342  
127132  59.9342  
152091  53.7999  
3698  61.6838  
435  46.9021  
4799  58.4181  
84152  71.3145  
3401  50.5159  
2858  79.9543  
3174  71.2796  
7076  74.7016  
106542  59.9342  
6218  63.5061  
2860  45.4575  
1283  89.3826  
3618  65.5119  
2616  63.0792  
90439  61.5464  
2404  42.8038  
4660  59.9342  
2530  59.5561  
26386  59.9342  
4327  67.0114  
3030  81.7442  
71464  59.6294  
32  78.9492  
91529  71.9165  
4158  40.3348  
99114  70.7456  
98585  51.4747  
93326  42.8894  
2268  70.2415  
80489  62.865  
130576  42.0872  
105504  72.036  
2791  78.1774  
50601  41.4946  
7007  53.5791  
4234  58.6953  
3623  50.4527  
80727  54.0869  
78467  38.5364  
8641  68.8275  
4128  71.055  
106782  73.5614  
2537  50.7914  
112138  61.3284  
3247  57.8912  
112818  56.6867  
2027  44.4704  
3101  66.2858  
5779  59.9342  
82202  46.1328  
1704  79.1388  
98296  59.9342  
6863  61.8497  
89305  47.4162  
4203  67.0489  
1201  83.9776  
6212  40.9737  
637  53.3331  
84954  53.2109  
6814  59.9342  
94864  53.7517  
67695  50.5206  
159077  59.9342  
92439  64.5349  
6812  52.1272  
3156  51.4559  
802  62.2238  
118354  59.9342  
134130  67.7501  
138036  62.3955  
65135  59.9342  
52975  66.5868  
4368  32.049  
90717  50.8851  
45722  67.7043  
79259  59.9342  
68157  77.0742  
4233  36.4801  
74458  73.0043  
3258  57.876  
1262  85.4629  
3949  75.9476  
101025  34.6351  
69526  36.488  
1831  45.4455  
1083  62.5892  
1884  79.5232  
1476  68.9545  
156609  45.1253  
3755  56.0303  
111659  46.7245  
4734  62.0137  
161  68.2578  
95201  59.9342  
135887  54.3503  
2598  58.299  
87232  65.2667  
4634  72.3576  
5334  52.6301  
5459  51.238  
146730  59.9342  
72694  59.9342  
157432  59.9342  
132488  59.9342  
4558  54.6401  
1375  64.2741  
6424  59.9342  
71518  55.0589  
2716  77.5871  
94780  41.9466  
3593  27.8816  
129354  46.1876  
158  54.335  
1409  58.3496  
6514  59.9342  
2881  52.3898  
51662  70.7116  
90522  45.793  
68554  51.9021  
2126  53.852  
122932  59.9342  
93510  67.1281  
137857  61.6983  
125916  52.5271  
2953  49.4041  
2090  65.1891  
1760  29.2589  
480  73.2019  
58803  61.2056  
2109  70.1918  
50792  52.0251  
46062  39.7853  
85510  51.9466  
80864  59.9342  
112171  57.4414  
122900  59.1783  
2587  49.2386  
1527  69.8117  
117529  50.1283  
4993  78.5684  
92264  44.2109  
5247  55.9825  
533  57.8439  
912  85.096  
26464  59.9342  
2249  69.9969  
4678  62.2204  
103772  50.2256  
114601  54.9269  
96861  46.9803  
420  56.2405  
59615  51.1089  
2349  73.8986  
109372  51.7963  
95207  47.3188  
348  74.1213  
19  55.8787  
136020  46.989  
4502  38.6199  
91094  44.9362  
138208  54.5379  
3511  43.9614  
79428  52.4475  
2643  34.8123  
109183  59.9342  
2139  76.7013  
4212  59.9342  
5942  46.7312  
96417  52.7683  
112852  70.6921  
99728  55.5314  
89470  62.0565  
142448  51.5791  
64983  50.5804  
2640  70.1315  
2046  65.3721  
4881  77.5815  
3882  46.9554  
3744  45.5709  
1032  70.1295  
116799  61.1034  
5  54.1017  
4040  51.5074  
157407  59.9342  
2115  72.9286  
1617  84.3395  
4367  47.4103  
105254  57.5162  
3388  49.2783  
3760  75.7328  
2146  72.4959  
2968  72.3618  
6281  55.9368  
466  58.5261  
96448  46.8012  
86332  56.7747  
64969  65.219  
115170  59.9342  
1036  75.9262  
3397  71.1198  
2474  70.7555  
1408  74.3244  
155743  59.9342  
106920  74.1344  
8542  65.3775  
120466  53.9826  
2051  52.5717  
7143  71.5601  
7150  49.0395  
89087  44.2949  
34150  45.6489  
2253  51.8896  
2973  81.5231  
449|8
1917  53.9037  
2502  74.871  
4034  73.9936  
1222  76.7956  
2770  50.1891  
762  42.1262  
2011  62.5302  
2324  75.843  
450|11
3977  64.7215  
589  85.8463  
110  86.3393  
3363  85.0309  
3535  83.3093  
3948  77.9927  
3409  68.4219  
1035  86.9092  
3568  76.8213  
358  67.2054  
1259  86.7572  
451|7
733  76.417  
593  88.8375  
7  68.5426  
5  66.3192  
494  76.868  
25  78.265  
17  79.8952  
452|20
4025  84.8612  
2858  94.3327  
2617  82.8968  
5292  96.1412  
1206  98.1979  
1676  86.7372  
3219  82.912  
47  95.3923  
3101  82.6296  
163  95.1237  
1092  84.7624  
1917  79.897  
2126  82.9565  
1356  94.2348  
552  83.7989  
2628  80.3176  
1200  92.7076  
608  96.3562  
2707  90.2324  
3273  81.1737  
453|20
208  72.1379  
858  92.1998  
2335  83.1843  
4022  86.1602  
3618  77.3967  
1617  87.7306  
3452  68.8712  
1357  83.168  
112  72.8468  
2671  86.6298  
1884  86.7919  
1894  67.8388  
2294  81.2957  
318  96.7079  
1614  68.2978  
3534  76.6772  
2959  93.9547  
798  60.9073  
5266  66.9201  
780  79.5288  
454|9
7361  80.6741  
2692  77.8644  
7116  56.6876  
55820  75.0988  
6016  79.1859  
27773  77.3076  
2160  80.8473  
2858  77.1003  
26131  81.0149  
455|12
272  76.562  
432  52.8441  
367  62.3089  
590  73.8164  
253  68.5827  
364  77.1701  
555  73.6803  
252  66.5864  
110  77.1067  
225  68.332  
588  73.1585  
597  70.0286  
456|9
1407  74.3078  
634  71.7256  
135  68.4899  
5  70.2508  
724  72.4083  
780  75.577  
733  79.6411  
260  91.3591  
706  79.3397  
457|10
329  66.3308  
3593  35.7729  
2692  81.0407  
1356  78.0326  
223  79.799  
2394  70.2752  
2701  49.7595  
3608  61.6147  
733  75.2328  
2094  65.5108  
458|12
597  81.161  
185  73.7057  
10  79.6518  
380  81.0423  
95  72.9405  
454  86.4216  
300  84.4045  
595  83.4332  
153  68.4626  
587  81.2725  
150  86.4195  
552  73.3809  
459|6
79132  91.3931  
5618  91.5939  
8961  86.2475  
48780  88.8292  
50872  86.7591  
260  91.486  
460|17
89039  77.5408  
4886  87.3787  
4703  74.702  
3831  83.5333  
1441  80.1028  
4878  89.9015  
3483  69.236  
8970  83.0384  
1  86.2153  
49272  91.306  
40815  87.9155  
85414  80.3867  
68237  88.5778  
76093  90.584  
47610  84.7713  
63082  89.9577  
2571  90.5673  
461|6
74458  60.9498  
2762  57.3878  
1036  57.0967  
91500  52.7021  
3578  59.9513  
539  55.4665  
462|20
26838  63.7459  
89090  63.7459  
164655  63.7459  
188189  63.7459  
1136  70.6359  
1219  69.6238  
158966  74.6642  
1248  86.2518  
508  54.5634  
1653  57.6118  
1674  59.5289  
8917  57.805  
8620  33.5186  
3424  81.079  
2146  56.2617  
7044  75.47  
3814  85.7285  
1213  64.9038  
82857  63.7459  
26131  82.3615  
463|7
6377  84.6459  
2028  86.9147  
4310  67.0409  
3753  74.0393  
2006  69.0466  
1092  70.9199  
5995  85.2064  
464|20
1370  76.7575  
58025  62.1503  
63853  54.6766  
296  92.3954  
2019  89.3589  
3527  77.1643  
5254  68.4487  
7007  66.7997  
1101  75.2851  
1779  56.1186  
377  77.7006  
1653  85.0854  
55820  82.7053  
648  76.3361  
33493  77.84  
1610  82.9412  
65088  69.2941  
74727  79.8879  
1617  88.6113  
62374  70.9821  
465|20
2941  87.6135  
2987  79.9235  
1200  86.6887  
3448  81.2351  
5060  89.2126  
1299  90.4372  
3703  85.3183  
3649  66.7051  
1625  80.1703  
292  71.4129  
904  96.1356  
3101  72.4056  
1754  80.8669  
750  97.0778  
1256  85.3831  
593  91.409  
3732  80.194  
3740  81.9141  
3334  91.4074  
377  74.959  
466|20
5418  80.1475  
30793  73.4238  
79091  80.588  
92259  89.0675  
5989  81.257  
5459  70.7458  
318  85.9098  
63082  85.0927  
59784  74.7683  
5010  83.2264  
74458  79.2687  
6281  76.2214  
5952  79.7735  
8529  78.1427  
64716  89.7223  
68954  82.0824  
4993  80.9671  
45447  74.8992  
81845  85.9868  
55247  87.9334  
467|22
41  75.1161  
58  79.8491  
389  69.8821  
466  58.7737  
527  82.6882  
593  82.9275  
780  68.3235  
1183  73.3708  
1233  83.6443  
1357  79.4577  
1365  71.6599  
1408  77.9722  
1721  68.4446  
2028  81.4353  
2125  76.0139  
2324  81.9876  
2334  60.7882  
2384  59.3525  
2390  77.279  
2393  65.9025  
2394  70.7602  
2493  69.8821  
468|7
592  70.1225  
349  72.1317  
1  79.2697  
317  64.9495  
296  83.5318  
32  80.3192  
165  72.8083  
469|20
3658  69.3732  
3832  69.3732  
3507  76.4643  
3032  76.8551  
2736  79.9918  
2132  83.914  
1958  79.0777  
910  82.5195  
1090  84.6442  
1485  57.9535  
1388  56.3329  
2321  72.0278  
1234  83.733  
2081  69.6396  
1193  91.3477  
36  75.018  
2908  77.0649  
909  83.0853  
2023  70.9009  
3255  69.5844  
470|16
253  76.1186  
318  88.5196  
110  81.7911  
588  78.4013  
282  68.4544  
5  60.012  
597  73.5099  
32  80.3458  
595  78.2511  
592  71.4929  
500  71.7826  
26  73.1934  
356  83.2588  
357  73.361  
434  65.4068  
300  70.7033  
471|6
2571  77.4245  
8874  76.7902  
527  78.9967  
1  74.0977  
8360  68.2096  
7147  73.2685  
472|6
58559  85.4367  
3450  73.7637  
3298  82.1894  
2840  62.1153  
1221  87.9625  
858  87.7532  
473|8
4979  76.2169  
2959  87.7839  
60  60.4655  
7147  78.1091  
6281  65.8792  
3897  78.7951  
48322  79.2486  
2596  69.806  
474|422
638  67.548  
2179  67.548  
2697  67.548  
4046  67.548  
5114  67.548  
5311  67.548  
5353  67.548  
5455  67.548  
5601  67.548  
6201  67.548  
6273  67.548  
6382  67.548  
6407  67.548  
6592  67.548  
6912  67.548  
7702  67.548  
7826  67.548  
7832  67.548  
7839  67.548  
8057  67.548  
8446  67.548  
8458  67.548  
8459  67.548  
8611  67.548  
8650  67.548  
8774  67.548  
8938  67.548  
1466  74.2154  
6708  78.4877  
2940  71.5541  
2616  51.5895  
2334  51.665  
7139  78.32  
4218  67.548  
371  63.624  
750  84.831  
2935  74.6957  
8645  77.1302  
5481  62.4856  
6370  79.8807  
25865  67.548  
2553  65.7504  
912  83.6144  
2467  75.437  
5548  60.4919  
7301  75.1662  
52967  63.1497  
5945  65.1105  
480  71.9155  
1983  43.1674  
3462  69.9236  
1068  67.548  
8600  72.3094  
6650  73.3358  
8482  67.548  
6791  79.5623  
4016  71.6095  
1784  76.5633  
3668  68.1064  
3977  59.471  
8961  82.6433  
4160  69.9095  
30820  65.3411  
6984  67.548  
2750  62.0615  
5034  59.5345  
7716  67.548  
2612  67.548  
4419  78.9521  
1300  78.3415  
4187  73.636  
1187  65.8368  
6565  74.9265  
272  77.029  
5440  67.548  
25937  64.5155  
1099  60.8081  
3125  67.548  
5826  67.548  
5649  67.548  
7256  73.8908  
4912  71.779  
6016  82.1411  
1208  82.1396  
2083  69.3483  
3385  53.0817  
2310  65.4192  
3360  67.1365  
3163  68.2286  
1413  72.0353  
4081  47.4422  
1643  63.6398  
968  69.4831  
2116  61.9932  
26965  72.9965  
5954  78.9337  
1263  78.5461  
5116  67.548  
3536  65.0923  
8778  68.9678  
63433  67.1149  
2952  69.8866  
318  89.8484  
3394  45.0919  
1200  79.2031  
3384  77.9735  
4356  76.2653  
932  77.9317  
7698  73.8117  
516  51.739  
4873  75.2913  
48385  71.0818  
39869  73.6669  
1902  67.548  
2641  58.3256  
7036  57.9443  
2181  68.6625  
4638  57.7601  
31116  76.5573  
2455  60.8515  
2146  58.9316  
628  67.7364  
3897  86.1395  
1030  45.5442  
4022  78.9624  
344  61.9002  
3196  70.9263  
92  47.9841  
237  59.1196  
6770  73.5919  
3259  63.8653  
3368  59.1241  
26151  69.5166  
1293  70.7399  
34072  70.9333  
3044  61.9073  
1639  74.383  
5944  57.2054  
6539  81.1438  
477  61.6911  
7361  85.4233  
55687  67.548  
58  79.1216  
4014  75.2383  
3467  67.9234  
8154  79.7564  
4191  65.0545  
2134  51.0532  
4644  71.1754  
4293  55.0607  
5013  75.1479  
1399  62.2215  
1196  82.5889  
2918  72.4915  
5899  70.4541  
4465  65.2091  
100  53.015  
361  53.1895  
3341  77.3477  
8921  67.548  
195  56.959  
3789  67.548  
4709  56.2798  
1588  55.2732  
3468  77.6688  
4678  63.3705  
2723  56.515  
2118  67.6204  
1939  75.5866  
7019  58.8986  
3147  84.0282  
1792  58.2258  
33903  75.0942  
1682  78.3429  
41566  74.8679  
1693  62.3556  
1957  70.5348  
5021  69.6489  
2313  69.4214  
3870  67.548  
948  76.8069  
47099  75.3641  
3447  71.7233  
6614  61.1684  
216  66.2867  
5619  58.5902  
3987  48.5853  
5060  76.8021  
3111  72.9346  
45950  73.135  
32584  62.1663  
5525  67.548  
2567  54.1311  
5956  75.387  
7  60.0973  
1172  79.0935  
3217  62.3345  
8331  67.548  
587  70.8889  
5238  67.3104  
1189  75.7193  
2416  50.4508  
832  64.0114  
3095  73.4555  
7386  71.2855  
1223  82.8817  
7058  67.548  
5246  41.3654  
5418  80.6821  
27803  83.8302  
26  68.0801  
4002  73.2932  
1135  51.6794  
45  68.089  
6945  78.235  
2411  49.5076  
2520  67.548  
7347  69.28  
5375  67.548  
5673  75.4917  
3039  66.7466  
7833  67.548  
33781  69.5674  
720  70.6869  
2103  57.0784  
33154  74.4118  
608  81.2596  
1327  50.1712  
101  72.7274  
7061  67.548  
5451  64.0782  
5682  68.2289  
5434  70.717  
6609  67.548  
31658  81.7761  
4578  56.3645  
2009  63.9352  
4704  67.548  
7572  67.548  
4929  50.2804  
3306  71.141  
6334  64.1649  
5379  78.8507  
5437  62.5094  
42418  67.4408  
4128  68.296  
7451  76.7307  
2786  40.2532  
2243  61.748  
27846  76.2149  
6197  63.5841  
3264  45.5949  
3608  49.358  
5603  74.6903  
6124  63.4105  
1222  78.7146  
1663  64.2786  
3566  50.3401  
3755  62.8875  
2628  63.7209  
4815  58.5166  
2089  61.6535  
7102  56.8202  
27706  67.6528  
7013  75.0624  
1348  67.2348  
45666  55.1088  
5755  46.7329  
4055  72.184  
2058  62.9245  
4462  50.0994  
1544  53.0302  
2405  49.1262  
4998  67.548  
273  51.3075  
1977  49.2897  
1732  77.8019  
7822  67.548  
7073  67.548  
41527  65.5088  
4787  68.6247  
1676  64.4366  
3708  51.3315  
6669  70.6665  
317  59.9739  
25940  67.548  
971  76.2897  
7366  61.6492  
3115  74.1398  
7026  57.3998  
2710  56.9224  
50685  76.3646  
2114  69.4022  
3809  62.9735  
3516  66.5329  
2770  54.0037  
535  63.3324  
4878  83.1606  
5992  83.2513  
41997  75.8851  
1083  60.7956  
4487  59.6456  
7293  74.3739  
1016  55.8194  
2006  61.2126  
1007  49.9311  
4993  86.6567  
3412  59.6781  
5007  67.548  
3929  61.1262  
6639  62.2639  
8712  67.548  
1876  55.0792  
3546  67.548  
34359  67.548  
7579  70.8237  
7325  65.0741  
6837  67.548  
2634  60.3358  
7753  65.1734  
8943  57.802  
8385  67.548  
4308  75.1037  
3246  78.0576  
3745  67.7078  
1148  80.939  
42002  65.6871  
50740  71.1898  
3952  57.3001  
1927  76.988  
7581  67.0376  
910  78.1922  
3948  71.6916  
54881  73.9497  
1284  80.1426  
4007  64.0329  
5341  70.3706  
3675  75.423  
52975  71.9563  
6244  70.4212  
965  75.5178  
454  71.1451  
1247  80.5128  
7215  67.1269  
1282  72.6451  
8207  82.1662  
6242  67.3442  
6502  79.2649  
4509  59.8448  
3528  69.3033  
2391  66.7805  
4262  73.4135  
4039  61.6036  
42018  54.5904  
3271  68.9316  
976  67.548  
48394  79.9474  
5384  67.548  
5168  67.548  
1358  71.6009  
6534  57.9781  
8773  67.548  
2384  53.962  
48780  82.2658  
1269  76.4066  
4600  65.5513  
2642  41.203  
111  81.9936  
933  82.8267  
3578  81.8349  
5297  55.2021  
944  66.8265  
6020  67.548  
2123  50.347  
748  57.2055  
4896  81.6115  
5380  76.6358  
53953  63.6248  
3712  60.451  
25996  67.548  
1997  75.2129  
4464  71.2415  
4085  62.6178  
51540  77.911  
2707  57.5702  
2069  74.6293  
6710  70.1813  
1488  54.3704  
6378  77.0825  
928  79.2407  
3038  78.4263  
7116  55.7173  
44511  67.548  
594  69.7625  
1962  70.537  
421  49.8617  
4316  56.3855  
2761  73.9154  
4823  63.5515  
892  72.5049  
1345  71.4131  
5294  75.3178  
1408  74.6079  
6579  67.5517  
3272  63.4726  
3421  67.3765  
3844  63.4434  
6787  80.5452  
37736  67.7325  
2249  55.9064  
1610  75.7967  
2468  39.146  
3498  63.9925  
4902  70.3898  
6268  65.5472  
5225  80.9969  
5404  69.9215  
929  67.548  
25999  67.548  
7835  67.548  
805  63.8022  
4126  62.3656  
475|20
6539  92.6875  
4993  98.0606  
87232  89.9184  
40815  94.2076  
5816  90.7085  
8644  86.9592  
81564  86.9267  
4701  89.2108  
81834  92.4508  
6564  68.8142  
68791  88.4526  
111759  88.4882  
7153  97.8951  
1527  95.669  
71530  72.7302  
4896  94.4898  
106487  82.3893  
112852  90.6563  
3578  96.1157  
82461  79.515  
476|14
594  80.2644  
34  79.9124  
380  75.6971  
158  64.5184  
153  65.0455  
586  68.68  
440  76.3688  
364  87.3103  
378  61.3979  
357  76.9893  
224  76.7165  
165  77.2453  
296  89.9083  
11  78.9041  
477|20
34  75.396  
913  86.3489  
3100  82.9011  
2105  68.0925  
1271  74.247  
1207  85.3584  
70687  72.5204  
2174  73.7471  
45672  70.7432  
4571  73.3954  
3973  61.2455  
4226  87.2928  
1103  85.2979  
5291  78.2879  
348  75.6588  
3593  35.8314  
1  80.4464  
1274  81.8931  
6502  84.5538  
59615  70.8049  
478|5
1917  51.4119  
3114  69.0217  
594  63.7275  
1584  62.5625  
1101  57.0073  
479|20
5365  66.3899  
4488  72.6374  
524  67.8397  
1025  75.3029  
3707  52.3897  
1220  78.9141  
4010  58.9704  
3244  75.8892  
3526  71.4882  
4092  61.7269  
1968  79.9511  
4700  70.7741  
4003  69.6314  
3671  77.0573  
2671  73.3906  
341  66.3899  
2012  67.2038  
2542  80.8887  
454  63.6298  
2384  58.4258  
480|20
43914  64.826  
2700  70.2682  
8533  69.3576  
2193  72.2534  
2797  78.6922  
3484  47.9404  
2571  86.6831  
1210  88.3624  
2596  61.8227  
8866  49.9527  
47610  76.2923  
6306  68.7064  
5379  69.7719  
2018  65.778  
7153  81.7802  
3911  75.3559  
44191  80.1815  
38061  82.9922  
5673  76.8505  
380  70.0463  
481|7
1608  56.5004  
1687  52.5616  
1629  51.7638  
1729  61.0871  
1620  46.1671  
1597  51.2523  
1485  53.199  
482|20
2068  81.3312  
8985  61.269  
1036  87.1253  
474  79.7226  
1042  67.4848  
4389  61.178  
780  78.5187  
27706  72.6585  
3211  59.0335  
1610  84.4472  
4367  69.5521  
1374  85.2821  
1220  83.1931  
1602  59.1944  
653  77.6486  
592  78.7906  
30812  74.605  
4862  52.7766  
8361  71.3333  
8529  77.5144  
483|20
105325  71.4779  
783  66.3419  
2541  65.1987  
2959  89.3974  
109971  71.4779  
45722  71.5573  
1199  87.1426  
50872  81.7903  
2000  69.1083  
4306  82.0097  
69757  80.1718  
2683  64.7488  
2273  63.8718  
1588  63.4927  
109487  88.9828  
66934  80.0593  
1721  70.305  
2328  64.1458  
68522  71.4779  
8972  67.1809  
484|20
93320  76.4328  
1438  67.0852  
6155  76.0061  
6944  80.2656  
2706  72.3553  
33166  81.5764  
6874  81.5048  
3697  71.5794  
1059  84.478  
76293  74.2483  
919  82.2154  
2762  76.8539  
1821  73.0222  
837  86.2783  
5810  73.3781  
1753  84.751  
3254  77.8887  
4718  69.5081  
2413  78.2974  
3646  56.2551  
485|5
588  84.9036  
161  84.2522  
253  81.0092  
292  77.7762  
231  72.9814  
486|12
653  76.6036  
47  88.6692  
110  90.0068  
153  68.8093  
474  85.652  
95  75.0769  
288  77.0597  
329  77.4653  
161  82.3973  
318  97.6408  
292  78.0263  
6  91.9615  
487|12
27611  64.9287  
8961  64.9286  
318  74.5182  
1198  71.6961  
31658  69.5659  
1197  72.1359  
6539  64.4313  
5445  61.4462  
116797  66.0239  
4027  65.0793  
8874  68.5698  
86377  53.3672  
488|20
720  80.6791  
838  69.1071  
608  88.8315  
1223  87.1524  
26  67.2898  
5135  70.8492  
2109  64.0603  
7720  57.7366  
7303  75.543  
4014  79.9879  
5995  92.184  
457  82.7426  
105  58.1189  
1136  91.3484  
272  71.4722  
1269  73.8287  
3176  74.1432  
1278  79.5112  
1125  69.0007  
910  81.9627  
489|20
79536  59.0552  
86000  59.0552  
4848  65.7145  
736  54.3523  
8387  28.9968  
4700  54.0858  
45666  34.5484  
4720  64.5515  
2683  52.2193  
2021  61.8579  
2389  31.0249  
1619  52.6722  
950  71.7987  
58559  79.4051  
2236  55.3697  
2167  49.1223  
1616  51.5556  
247  77.2783  
376  55.4088  
2717  56.0829  
490|20
46578  67.9858  
89492  66.4172  
81591  60.6997  
91077  70.9589  
60074  49.8352  
5816  59.9023  
4144  76.404  
54001  62.6284  
1  65.935  
1784  61.8564  
7153  71.1164  
4993  70.2433  
89759  74.0721  
86320  61.8297  
60128  61.7527  
76251  60.2293  
8368  65.0688  
69122  62.3289  
2006  47.8498  
78499  69.3233  
491|13
106782  91.3444  
69757  86.5924  
7293  88.644  
27808  80.0022  
4246  89.7671  
3948  82.3824  
104374  90.4889  
86833  85.023  
140110  80.2923  
8529  80.7747  
180231  81.9756  
4306  91.8403  
88405  74.9219  
492|20
736  77.4475  
784  70.6343  
628  84.8819  
858  93.7164  
852  80.1634  
64  72.2495  
990  81.1822  
830  82.9798  
743  72.3405  
62  80.0237  
52  81.7206  
1499  65.1296  
66  68.0871  
1210  91.7822  
881  66.4391  
1474  63.4255  
1405  83.1894  
724  81.2113  
1047  86.7914  
65  74.4861  
493|13
2985  70.2473  
4444  72.2512  
2916  74.5544  
1275  77.992  
2571  82.4434  
1527  74.9968  
2028  82.0965  
3793  73.4359  
2167  66.0978  
1215  81.2592  
4701  64.3103  
2924  77.0025  
260  85.316  
494|5
1196  91.353  
4498  68.8206  
3578  87.7844  
2028  91.439  
1210  90.8366  
495|20
140523  78.0439  
115149  91.1013  
1259  89.4194  
1721  74.8285  
136562  81.3883  
80489  88.0363  
19  67.7243  
50872  85.1298  
231  73.334  
102123  79.5592  
52319  81.6133  
7254  76.1471  
7360  83.3857  
8528  89.5296  
1645  76.0331  
46578  88.2084  
30810  81.5151  
2918  89.4484  
148626  95.4559  
56775  70.1469  
496|6
1221  79.4331  
99149  68.881  
858  80.1762  
904  79.6094  
8865  51.5057  
114713  64.039  
497|11
1193  67.5281  
112556  69.7957  
112290  77.7657  
1916  63.3534  
92259  76.641  
2329  68.1282  
112552  75.4207  
1258  69.2318  
2762  61.6847  
5349  56.4988  
111362  67.5471  
498|7
344  71.6574  
231  72.6029  
648  79.2871  
10  79.0778  
300  80.6345  
356  90.7025  
316  76.1795  
499|6
1202  73.7079  
2337  62.7065  
38304  100.0  
327  64.1899  
56286  79.7252  
1304  86.082  
500|18
2599  68.0779  
2987  69.1638  
543  62.9876  
2700  75.3307  
2542  78.259  
1265  74.0686  
2916  71.2577  
356  74.5346  
3301  70.2507  
1784  70.9282  
1914  58.3955  
595  66.7382  
2355  70.226  
3536  67.7331  
1885  59.9616  
322  63.926  
838  65.2756  
720  74.8505  
501|9
6  76.7386  
62  71.5905  
93  50.7127  
45  64.7489  
3  65.5287  
637  59.1365  
11  72.1771  
18  70.1831  
662  58.4863  
502|7
7236  73.6988  
1077  78.8062  
4412  62.6309  
3469  75.9429  
2001  64.9914  
2520  68.8212  
1777  69.4988  
503|19
7455  63.8385  
7361  73.9432  
4878  70.345  
356  73.1971  
91500  56.838  
593  77.5374  
527  77.3294  
858  78.2324  
4226  73.561  
1259  74.1142  
1342  65.4723  
2877  62.8719  
92509  58.4345  
90866  64.7966  
500  59.9623  
441  73.1509  
48516  73.0308  
2858  72.7991  
48394  66.3329  
504|18
4995  83.0627  
5812  78.1163  
2321  74.052  
1  80.9648  
3556  77.8359  
7153  85.8382  
6708  75.4897  
1288  85.0745  
6927  72.4878  
4033  83.654  
4700  68.9663  
6565  80.5747  
342  69.5154  
3408  74.9724  
6879  75.3821  
4361  76.8396  
5952  83.4724  
5955  78.9986  
505|7
1241  93.6354  
4105  88.6803  
1029  77.5486  
74685  83.8391  
273  67.3315  
6502  88.5742  
54999  79.2284  
506|9
59258  59.7732  
54272  63.9948  
37741  70.5627  
56782  79.6888  
62293  65.83  
51834  59.0036  
49286  64.1894  
112556  69.0524  
61024  67.685  
507|5
165  66.1527  
266  61.9298  
253  65.739  
377  63.7805  
593  76.8018  
508|5
2872  41.601  
2011  52.9881  
1952  51.384  
1175  54.175  
898  55.3777  
509|20
26958  63.7179  
130073  63.7179  
2028  77.1933  
87232  71.1596  
33830  65.988  
5313  44.3715  
48  58.3834  
2090  58.9811  
2080  58.0436  
6942  67.1286  
8907  44.7668  
6156  55.7676  
5816  69.6203  
39  62.9176  
3988  51.2551  
6807  72.017  
7458  59.2235  
1196  77.7611  
45447  54.6522  
616  62.3032  
510|20
1882  29.2624  
7026  49.4123  
35836  57.8862  
494  47.1619  
1198  70.3861  
514  54.1006  
457  60.7796  
2935  67.9573  
858  74.2254  
2699  49.4452  
317  43.2078  
8949  59.5961  
2918  64.7471  
145  44.6023  
1262  73.0318  
6787  63.2793  
1208  71.1471  
372  41.4153  
1242  67.2751  
40819  62.3051  
511|11
2959  95.568  
53953  72.8305  
115149  83.9598  
164179  84.4646  
6534  63.7198  
99114  87.3601  
92259  92.7732  
318  98.5323  
2324  91.7153  
1653  88.8237  
56757  82.176  
512|10
480  76.4266  
150  77.4817  
349  73.1518  
47  82.938  
350  70.0473  
442  64.1244  
457  81.8134  
50  88.364  
317  64.405  
593  88.0576  
513|7
5952  80.3951  
318  88.1876  
2174  72.3946  
235  74.0268  
1304  82.0512  
1220  77.6928  
1080  79.4564  
514|20
1335  66.0069  
5704  66.0069  
62586  66.0069  
168358  66.0069  
180263  66.0069  
1704  78.5503  
2005  74.8869  
2792  57.5535  
2013  64.6497  
1673  80.3475  
134130  73.4576  
76093  73.5864  
1333  76.8039  
58998  73.6725  
68157  74.1999  
2406  71.9882  
3210  73.0021  
54503  77.1122  
4855  75.9277  
1644  49.6157  
515|6
33794  95.485  
2028  98.7702  
527  99.6206  
91529  97.8106  
58559  100.0  
2959  100.0  
516|26
260  83.6446  
457  77.5844  
480  73.0938  
647  69.9834  
708  68.2293  
1042  64.5787  
1090  79.0051  
1197  84.0598  
1198  83.0925  
1954  77.4056  
1958  77.4408  
2021  71.6695  
2259  66.1709  
2268  76.0799  
3052  72.8152  
3471  75.6251  
4027  77.2572  
4291  58.7156  
4306  77.5067  
4321  68.6008  
4322  75.0674  
4333  63.5805  
4337  69.8821  
4349  72.8123  
4361  72.8753  
4429  74.0951  
517|20
4306  59.0621  
53125  47.345  
1265  54.2992  
165489  47.1389  
97938  52.5182  
88744  40.976  
86880  39.8747  
4148  29.1852  
26761  47.1389  
3398  41.0024  
1293  44.5389  
3988  53.6534  
2858  54.5811  
4963  52.314  
1204  50.6706  
1704  59.5307  
47629  48.5179  
7669  57.0253  
1206  52.8974  
46578  55.7811  
518|5
3101  62.5445  
2657  65.6283  
783  65.4555  
1876  59.018  
6365  70.0196  
519|6
1704  93.4402  
356  93.9806  
140110  85.7212  
6378  86.7194  
7445  85.441  
1968  89.2401  
520|20
7266  74.5793  
318  89.1862  
1049  78.4646  
59315  76.9788  
4995  82.747  
32  83.267  
2716  82.3054  
4333  70.7784  
1291  86.4157  
1732  83.261  
4085  75.2397  
2723  76.352  
3081  76.9379  
3994  75.7988  
33493  70.8916  
135  67.4054  
2393  74.1875  
60516  75.1188  
2406  78.4099  
1584  78.6751  
521|8
661  72.0105  
112  70.3331  
86  81.8085  
104  73.3207  
58  83.103  
79  60.2495  
52  77.1121  
852  70.3034  
522|20
99114  79.0774  
81932  75.6491  
89492  81.1676  
63113  72.9208  
2959  89.6652  
1193  84.9363  
1375  74.435  
4993  83.4727  
223  83.5458  
27611  73.5618  
76060  78.2497  
180  64.1377  
59315  76.9848  
1617  86.0531  
10  73.908  
67255  79.9515  
2023  74.4554  
6187  75.3718  
318  88.9498  
127098  84.728  
523|15
168252  100.0  
8970  91.6994  
5989  95.7316  
318  100.0  
91529  97.7061  
1721  87.0301  
293  98.8842  
65261  98.3072  
4270  82.5845  
3147  99.4845  
27731  91.8091  
134130  97.3985  
31696  87.2726  
527  100.0  
101962  88.1579  
524|20
1356  80.8868  
150  72.0747  
552  64.2205  
748  65.6906  
344  61.8733  
442  63.2642  
253  71.2979  
1225  80.9742  
20  52.137  
589  78.3008  
1242  85.4385  
544  60.8419  
173  57.0057  
1302  73.8187  
380  67.852  
457  75.9421  
1020  64.716  
788  58.4765  
193  47.7319  
466  60.483  
525|20
120807  67.8411  
317  64.461  
6863  65.3954  
8622  70.0283  
33004  62.5928  
7147  73.661  
2396  77.2336  
40815  71.3082  
137337  70.8208  
1639  73.6525  
1968  78.6237  
91869  67.8411  
45880  67.4964  
2100  61.4465  
339  69.4837  
4886  72.1111  
50872  69.8925  
86332  64.1728  
8983  71.4972  
3996  75.4242  
526|12
593  84.898  
55247  82.2998  
46578  82.9394  
176415  74.3366  
1295  69.9126  
90430  83.8692  
4014  77.0591  
2352  80.2308  
176413  74.3366  
215  85.094  
81845  84.1335  
51255  83.5073  
527|20
2137  85.8938  
3114  89.1363  
3210  84.9386  
3016  83.3491  
2161  88.2441  
4571  89.7526  
2118  91.1125  
3421  89.414  
455  64.025  
2867  85.9169  
2450  61.9731  
1909  83.8772  
1214  90.7489  
4299  78.5161  
736  79.3299  
2477  82.1378  
588  87.7746  
4016  84.617  
1259  90.1177  
2533  76.6831  
528|15
4886  75.0894  
2278  69.5859  
80906  73.3705  
4037  71.5367  
1240  75.8827  
64614  69.5798  
3821  38.8502  
150  74.1037  
1291  79.7143  
80463  68.73  
593  81.2957  
99813  69.614  
85342  70.2922  
48516  79.2456  
58559  78.0287  
529|5
653  60.6153  
135  54.7538  
65  48.241  
62  70.1315  
733  72.0413  
530|6
292  74.0062  
500  75.4153  
300  76.5379  
586  68.0175  
593  90.1051  
11  80.1262  
531|5
593  95.149  
590  85.0425  
919  85.7106  
480  84.9811  
1215  82.9358  
532|10
1721  77.174  
4863  87.4263  
457  86.4969  
290  90.5238  
1245  95.7853  
1242  92.7962  
2023  80.9843  
2329  91.3154  
1304  89.3698  
517  77.3785  
533|8
1200  90.4715  
6502  90.6319  
79132  94.4237  
46578  90.3204  
93840  93.8291  
4973  96.4299  
2455  80.5168  
66934  92.4466  
534|20
116724  76.176  
97913  77.8128  
94953  77.0294  
2003  83.6255  
2167  79.3445  
7569  81.8495  
153  70.9123  
1485  75.3053  
65514  79.709  
104218  71.5678  
344  73.9029  
2571  87.4182  
5445  79.3644  
95875  72.6133  
112818  79.805  
82461  71.2791  
96610  69.5684  
2987  83.6427  
138036  72.5526  
1566  81.489  
535|6
2571  76.4299  
2581  48.3213  
2700  65.2973  
2688  46.2679  
2583  71.9406  
2882  24.7995  
536|8
232  78.6293  
272  72.0492  
356  73.0393  
335  66.3355  
225  61.1355  
150  65.1743  
434  51.1235  
589  69.2446  
537|10
80906  88.3033  
367  70.7572  
7153  88.6069  
53322  78.8546  
104218  72.6473  
97304  81.6817  
6539  84.5056  
318  90.1156  
89745  85.4347  
105504  81.7262  
538|8
595  88.5457  
3671  90.476  
80549  88.2996  
4039  77.5107  
69757  86.5051  
5047  78.0277  
44889  82.09  
66934  91.1023  
539|8
4306  81.4898  
6753  74.2688  
5218  76.9128  
50872  81.696  
88  66.387  
3301  72.3859  
4886  81.0383  
69122  78.5234  
540|9
2598  68.8241  
2959  95.6162  
1073  86.7961  
8874  91.6976  
1681  62.3615  
2183  79.5997  
2841  80.871  
2747  72.469  
1196  93.0709  
541|18
590  73.5303  
457  75.8826  
413  58.769  
15  61.4823  
110  74.7922  
595  73.1558  
597  69.2662  
480  67.5984  
356  77.0699  
203  69.4053  
529  80.6098  
357  71.9166  
22  65.5206  
345  70.5288  
546  48.5913  
586  57.9435  
281  74.7369  
350  73.0466  
542|20
6539  73.3382  
30793  59.8772  
5299  61.3836  
2542  77.6555  
34319  58.7012  
33679  62.4579  
4963  73.9863  
5481  54.3301  
1997  76.0744  
4025  59.4657  
3623  52.1332  
924  79.1106  
4369  53.3261  
6378  64.9156  
2571  80.024  
7254  63.0332  
41566  69.3416  
37733  63.3553  
7361  81.9879  
45517  65.5016  
543|16
73881  43.6552  
1702  78.9596  
595  91.5939  
3301  83.2901  
231  79.619  
2378  80.1092  
2379  73.082  
86882  77.6928  
6377  94.4444  
588  91.615  
377  86.6483  
48385  79.945  
2571  97.4209  
4526  79.3065  
4388  65.1503  
92259  89.2944  
544|22
1  77.9855  
3  65.5968  
14  71.6259  
32  79.3729  
40  75.8004  
62  72.2287  
68  62.6119  
95  60.339  
116  67.4225  
619  52.7974  
626  69.8821  
648  69.4155  
650  58.0809  
694  58.9088  
736  65.3637  
780  68.3235  
839  58.0633  
1042  64.5787  
1047  65.5104  
1059  74.4696  
1105  71.6733  
1356  76.6261  
545|5
1438  65.8656  
1267  86.6323  
2763  85.0322  
1367  67.1123  
44  60.5461  
546|13
1270  68.9918  
3328  80.3346  
480  62.3846  
1970  60.8936  
2456  56.3184  
1976  52.1612  
589  68.2914  
2657  58.3541  
1673  74.7235  
3941  69.5984  
3959  72.724  
3566  58.4781  
1977  63.2517  
547|5
1211  78.3199  
2859  82.0125  
2917  77.5023  
1394  83.7036  
1288  85.058  
548|26
69  75.2282  
260  83.6446  
356  81.1498  
733  71.5376  
1196  81.1763  
1393  71.8603  
1477  69.8821  
1621  61.7911  
2571  81.2628  
2716  76.1394  
3263  62.675  
3578  78.7685  
3916  74.3805  
4776  75.438  
4899  46.3789  
5955  71.981  
6874  79.594  
7458  70.374  
8531  63.2577  
49910  69.2897  
58559  83.0387  
74532  60.999  
80862  72.5326  
122904  75.9642  
125916  56.7386  
168712  69.8821  
549|5
2571  71.1946  
2028  70.8056  
4226  75.9552  
1210  68.4011  
589  67.4246  
550|6
167296  76.9911  
102125  81.3858  
106782  89.7855  
116797  89.0551  
112852  90.7053  
122882  86.5477  
551|20
5010  76.4386  
34162  70.506  
60069  74.2445  
1544  59.9819  
45186  76.9273  
103772  69.1865  
51935  77.2527  
4226  72.7428  
2353  72.1181  
7153  72.0382  
5989  70.4642  
135569  72.9809  
115149  76.6594  
88129  75.8916  
134130  78.481  
6934  56.7385  
47  70.1435  
4701  70.8677  
2959  74.6703  
98809  76.21  
552|20
2916  75.4473  
3317  74.0425  
1405  46.1096  
2953  46.3712  
2245  59.8372  
2944  76.663  
2890  71.9047  
2125  63.6765  
508  67.6547  
3948  67.6966  
5349  74.31  
2959  87.8175  
2857  52.5164  
173  42.8575  
2991  68.1979  
2871  73.6936  
2628  68.3653  
4308  63.6873  
4878  80.9863  
3101  60.8877  
553|17
55765  88.4247  
3481  85.3589  
1923  83.5805  
2571  91.4665  
4011  92.2231  
50  93.4385  
3949  89.5862  
1089  94.5358  
44199  86.5337  
5513  79.7733  
2231  89.8006  
2395  81.6578  
3052  83.6556  
61257  79.7733  
1221  95.808  
33166  87.1806  
2959  94.3645  
554|18
1196  88.0047  
1022  77.7689  
2820  76.3658  
1207  89.5135  
1517  77.1278  
1282  81.9132  
1210  88.5154  
1760  40.0324  
2282  73.1484  
1225  89.708  
907  74.2513  
1358  82.6622  
2096  78.3941  
1028  85.93  
593  89.5674  
608  87.3037  
953  86.2073  
2324  88.8229  
555|20
790  71.2214  
3664  71.2214  
1  87.0642  
3111  81.4569  
3395  60.4729  
104  73.7057  
1334  61.8783  
2506  70.4296  
2072  62.8017  
4002  75.1822  
1266  90.6913  
2641  67.1755  
2256  63.623  
2791  85.2343  
2701  55.2067  
1333  80.3424  
1320  73.3685  
337  82.9871  
1393  82.7399  
3526  75.6727  
556|7
162600  78.2747  
122890  81.1817  
3081  79.8248  
88125  83.955  
588  82.4144  
72998  79.4221  
74789  69.1296  
557|6
648  71.682  
231  66.5028  
1291  81.2742  
260  83.2289  
1210  80.3807  
150  78.0955  
558|12
5329  76.0556  
5064  84.734  
4903  78.1737  
2297  79.8428  
2568  76.4647  
4993  86.5302  
4306  83.2933  
367  70.1074  
5283  70.082  
1097  81.7467  
4164  74.8405  
5294  89.602  
559|20
552  58.5571  
608  84.6621  
355  42.6422  
329  61.9356  
544  62.1643  
1527  76.5273  
173  50.0972  
377  68.3505  
745  79.4493  
174  53.951  
529  74.0615  
350  62.3777  
349  66.2073  
533  57.4312  
836  57.4046  
1210  84.3069  
420  51.4624  
786  63.745  
227  50.6522  
253  64.6513  
560|20
5839  68.2239  
91535  60.4505  
136018  59.1643  
67997  78.0712  
79132  78.2298  
3253  74.0636  
142558  68.2239  
2355  70.0164  
39435  62.5165  
1527  75.078  
40414  73.147  
64614  77.7059  
48744  74.9494  
56587  64.0058  
593  82.3267  
76251  71.6539  
84944  70.2896  
109313  68.2239  
5878  78.9764  
40819  76.0379  
561|20
168174  66.3953  
5308  56.7337  
78469  51.9897  
3703  83.599  
60069  75.2638  
91535  51.9611  
2105  69.9623  
73017  71.6927  
5445  72.4752  
2000  78.073  
83134  63.8687  
79132  77.571  
79592  57.4707  
80463  72.1474  
89745  72.634  
527  88.7249  
8972  59.5225  
353  74.831  
33162  61.7276  
68157  78.7146  
562|20
27140  77.1293  
6870  79.4189  
6377  88.3273  
2580  88.362  
1249  91.7452  
4776  83.5748  
36529  76.5842  
1259  88.7584  
1982  80.0501  
2268  86.76  
2133  81.6001  
83134  86.9215  
3210  80.1007  
48394  81.5623  
30707  85.8617  
33836  62.7596  
2692  88.2847  
88163  89.0543  
99191  77.1293  
1240  84.5752  
563|20
61071  67.1938  
70932  67.1938  
80858  67.1938  
919  77.1185  
74450  63.1721  
588  73.4822  
5943  48.6275  
118997  60.1871  
86833  71.0509  
1197  81.9322  
128832  67.1938  
85397  67.5248  
45221  51.632  
33499  57.3371  
7380  69.447  
96821  76.461  
81784  60.8371  
95307  58.3791  
65585  62.1793  
55250  59.4868  
564|20
50942  71.1361  
356  79.5411  
31685  63.3589  
131013  75.6599  
61024  75.616  
79224  63.2501  
87869  75.0192  
500  66.9573  
108156  72.4676  
81784  70.6362  
93270  60.0455  
6188  74.045  
106918  84.0771  
65230  63.8037  
67087  72.954  
80693  71.4537  
94677  76.0416  
8984  66.1899  
73266  69.9698  
2671  70.5112  
565|6
590  74.23  
231  61.4466  
19  54.9729  
21  70.7173  
50  83.6804  
539  69.5225  
566|15
648  69.7105  
10  69.6411  
231  61.7725  
329  65.6086  
342  70.5353  
141  69.8121  
203  65.2673  
345  74.5951  
39  64.8612  
497  78.6194  
265  73.6157  
588  72.0848  
708  67.6651  
353  72.016  
2  66.2597  
567|20
8189  46.8646  
26743  46.8646  
92681  46.8646  
109897  46.8646  
152071  46.8646  
5690  54.6633  
136602  47.1077  
122888  46.8646  
6333  48.0059  
1274  50.0824  
122922  52.7138  
153070  46.8646  
151687  46.8646  
117877  46.8646  
108928  33.8642  
954  59.3407  
122924  39.1943  
27773  59.295  
648  39.9648  
135887  41.7995  
568|23
50  82.7759  
147  75.1566  
296  82.1358  
356  81.1498  
480  73.0938  
593  82.9275  
765  62.2542  
1103  82.0602  
1104  89.2356  
1257  74.1871  
1298  74.5131  
1895  69.4816  
2313  76.7167  
2359  71.6863  
2863  71.1477  
3053  77.5652  
3148  76.7541  
3261  68.6836  
3363  77.2578  
8169  73.7573  
46723  71.1832  
63853  59.88  
65088  69.3361  
569|5
231  78.9349  
50  97.1923  
380  85.6714  
588  90.0371  
592  84.4621  
570|20
208  54.6162  
8636  75.811  
48516  80.1682  
1225  74.0964  
586  59.4353  
2683  63.8449  
457  75.0989  
1196  80.5675  
110  76.2187  
4993  79.6283  
7361  81.9766  
1198  82.0514  
1079  73.8121  
10  66.7005  
3793  75.2318  
1391  61.3996  
589  76.1834  
380  66.7141  
527  79.6827  
185  56.4702  
571|20
1331  58.1551  
2982  58.1551  
2366  65.9375  
1128  48.014  
610  71.0179  
2902  52.532  
1998  45.4475  
3696  56.2788  
1980  58.1551  
1987  58.1551  
70  67.3765  
1924  44.8665  
2279  45.1401  
1327  45.2297  
3732  58.0265  
1972  40.0973  
1278  77.823  
1644  46.8189  
2327  65.0367  
1978  56.0477  
572|20
1961  82.3209  
2570  69.9847  
2788  89.9706  
2321  71.866  
111  91.1324  
904  94.4735  
2987  74.3471  
2302  66.2835  
1834  89.0666  
2539  64.7522  
2917  85.9546  
1307  77.8284  
1  81.0021  
161  77.9881  
3421  78.6339  
838  83.3234  
1356  77.3686  
2006  64.4993  
3167  77.0416  
1953  89.0745  
573|20
89745  97.0902  
72998  87.0586  
3752  83.7208  
356  95.1309  
7293  85.6819  
6754  76.3156  
8665  84.1021  
32587  88.9952  
1073  93.3092  
88744  88.0517  
1127  84.808  
68954  94.7651  
98809  93.7737  
2640  87.1067  
48516  98.1198  
71535  92.119  
59369  84.5052  
60069  93.9604  
88140  85.6005  
1562  60.0096  
574|23
47  78.0404  
110  79.0763  
150  74.8214  
153  58.8024  
161  72.5119  
185  60.9624  
225  69.7918  
231  62.4603  
292  67.9218  
296  82.1358  
300  70.742  
316  66.6779  
318  86.9491  
329  67.1286  
339  68.6921  
344  61.8168  
380  69.3335  
410  63.1074  
434  60.8338  
588  74.7867  
592  68.266  
593  82.9275  
595  74.6371  
575|8
2566  82.9135  
2580  78.5508  
296  82.8793  
2581  60.653  
2572  72.0316  
2542  79.9873  
2574  51.8322  
2598  60.9431  
576|5
849  54.2583  
1321  56.3947  
1373  48.8095  
1479  62.6988  
2289  65.6362  
577|20
2415  67.7566  
1183  73.0127  
1288  76.2752  
1129  68.9058  
2944  76.3348  
2194  74.7244  
733  65.6249  
1213  78.5487  
2076  72.4779  
2020  78.1862  
1262  85.6359  
1931  76.8631  
1391  57.8182  
2987  68.0106  
952  74.9108  
1909  64.9623  
260  80.2767  
919  73.8411  
2248  72.9147  
1270  76.1947  
578|6
6751  80.455  
52668  90.442  
45668  76.8467  
830  74.6688  
72407  72.151  
75446  80.455  
579|15
3174  86.151  
2485  72.1137  
1022  76.7146  
2018  76.4296  
838  88.7022  
1917  72.8179  
1391  75.8561  
596  78.3154  
1573  82.2609  
2965  78.8169  
1653  93.3537  
2599  85.1714  
892  81.8806  
2687  76.4663  
595  84.8395  
580|20
5767  67.9237  
6583  67.9237  
480  72.9036  
8844  67.9237  
6989  59.2306  
3809  63.3037  
41569  82.0036  
3699  58.8436  
4041  64.8164  
33166  88.3857  
356  84.1086  
508  68.4297  
8376  70.291  
3578  88.1868  
608  87.4315  
3785  64.7005  
3089  60.7032  
1320  67.7159  
54286  82.3054  
1201  82.9321  
581|8
7153  90.5391  
5995  88.2741  
4973  93.0877  
116797  86.6694  
3949  86.1969  
4306  86.2638  
109487  86.39  
6377  88.1782  
582|12
91529  85.3311  
2959  88.7863  
116797  84.864  
4993  85.3558  
5618  86.8101  
2571  85.2112  
76251  77.4804  
69844  84.9686  
104841  78.4569  
48516  87.8034  
97752  77.1924  
76093  85.4024  
583|12
8533  72.1504  
88405  61.1092  
2706  66.8807  
117590  72.8689  
317  62.3053  
60756  66.5183  
6942  72.9358  
595  71.9518  
46578  76.833  
104  65.4225  
2694  63.2883  
7451  75.7988  
584|17
288  77.9657  
22  87.0471  
203  81.4599  
315  81.6156  
500  78.9207  
316  80.1568  
539  81.0619  
234  74.513  
296  90.4736  
257  88.8121  
434  75.281  
586  70.3554  
338  83.1582  
349  86.0539  
282  79.0336  
480  85.8753  
590  86.852  
585|13
3173  75.8775  
1228  90.9744  
54503  86.2664  
2959  91.9461  
428  83.4106  
1405  67.3684  
7254  80.8466  
441  87.9333  
1805  70.0275  
296  90.7018  
27373  77.9673  
5325  81.8047  
79132  89.1567  
586|20
34332  81.4232  
4016  91.4503  
111659  77.8886  
106002  84.1182  
149406  90.3999  
167036  92.7732  
45499  84.4956  
136556  83.4973  
5445  85.7016  
117851  86.6441  
1291  90.494  
71264  92.1109  
106489  82.9649  
135436  86.3926  
3753  82.7172  
2640  82.99  
3147  88.2799  
122916  94.1399  
3793  86.9353  
101362  76.3477  
587|20
1234  82.8845  
628  79.2011  
2012  80.2112  
534  82.6692  
2002  70.0255  
1641  81.9054  
236  78.1013  
1376  82.977  
2622  71.5189  
1541  65.1258  
3260  87.3667  
497  90.0469  
3082  76.1007  
445  69.3651  
3448  79.4736  
2574  63.6262  
765  65.6265  
691  71.4035  
329  80.5761  
3406  74.7927  
588|12
50  76.3771  
16  70.3919  
20  49.7886  
356  75.8732  
350  61.1496  
198  60.9998  
593  77.7647  
364  71.4275  
163  66.1723  
253  63.2689  
223  71.2609  
3  57.053  
589|8
1092  73.7599  
318  98.3358  
590  84.4612  
373  77.7757  
586  71.711  
587  78.9968  
527  94.0363  
337  84.4943  
590|20
924  81.5907  
8807  57.9466  
2371  60.0228  
38061  72.793  
81834  75.0421  
40815  70.7255  
4890  47.342  
903  84.043  
5  52.0175  
3624  50.3716  
555  72.6014  
4047  71.2808  
51662  66.7571  
2085  67.217  
419  47.5722  
595  73.4562  
329  65.4011  
2376  61.4205  
3635  63.0331  
2398  83.6103  
591|11
2908  70.139  
2706  71.4113  
2712  68.6736  
2355  72.0566  
3615  62.4677  
3578  80.3125  
2394  70.3875  
3798  61.2481  
356  83.8164  
223  76.2116  
2724  58.8536  
592|19
514  74.5066  
2  80.2677  
153  69.4141  
415  57.032  
110  90.4012  
177  64.6478  
420  62.8781  
380  81.1683  
44  57.4736  
788  64.4078  
588  85.9617  
163  78.5866  
204  55.4413  
610  76.1671  
39  77.2609  
419  56.1587  
253  81.2439  
432  58.6583  
240  66.5722  
593|20
1196  72.6126  
1073  62.4523  
1086  73.6516  
1617  75.6511  
4034  68.7321  
41566  52.5648  
1197  72.3303  
344  47.002  
8368  62.411  
339  58.7306  
2959  76.411  
8961  61.0243  
5816  54.8438  
2797  57.8515  
4896  60.1747  
588  62.2612  
595  60.8727  
5952  69.6221  
377  58.9904  
141  59.4318  
594|20
7031  80.8012  
2671  82.9459  
7115  54.5552  
1616  80.6991  
5943  77.1954  
1188  89.5699  
2269  84.138  
1733  88.5659  
4902  74.2147  
6996  60.7162  
780  82.6403  
1429  90.3644  
6140  70.4217  
7046  82.7352  
39  81.6404  
595  92.5269  
799  93.0597  
2028  94.2121  
8482  80.8012  
7169  99.8274  
595|5
265  87.1402  
50  95.9887  
1186  83.6032  
1199  96.3365  
1966  80.1557  
596|20
33649  67.1494  
43744  67.1494  
182793  67.1494  
129397  66.5282  
128908  67.1494  
1  73.3755  
142488  85.7603  
122922  81.3926  
4310  55.0489  
71838  66.8613  
4025  53.0289  
2501  67.1951  
110102  72.5185  
149406  71.9997  
2774  67.1494  
5502  65.9603  
8665  68.3525  
6537  58.5315  
2571  75.5152  
345  71.6857  
597|20
1799  75.9348  
490  61.7697  
3040  69.6836  
2529  90.8459  
2858  92.0932  
903  91.7311  
3039  90.1396  
2000  84.9812  
1291  92.2027  
357  81.7681  
1228  94.3458  
1845  81.4946  
2411  69.1375  
1580  82.1137  
1148  94.3173  
1198  94.1848  
2723  67.878  
485  58.5335  
592  72.1331  
2692  92.7624  
598|5
56367  75.6434  
8360  68.5629  
593  74.1767  
114265  73.0215  
103543  77.242  
599|496
26142  54.5061  
26567  54.5061  
26590  54.5061  
26676  54.5061  
26854  54.5061  
27595  54.5061  
34800  54.5061  
53450  54.5061  
60803  54.5061  
69131  54.5061  
74696  54.5061  
79895  54.5061  
84523  54.5061  
87960  54.5061  
92674  54.5061  
98799  54.5061  
102735  54.5061  
102852  54.5061  
104017  54.5061  
105020  54.5061  
122433  54.5061  
157865  54.5061  
158874  54.5061  
160978  54.5061  
161044  54.5061  
174727  54.5061  
179053  54.5061  
1801  55.8674  
6035  55.868  
3387  40.8115  
33437  55.7723  
112  55.1496  
5995  65.3971  
167706  54.5061  
4394  54.5061  
836  42.5905  
7235  50.0334  
8809  54.1834  
102749  54.5061  
89087  39.2349  
42011  30.961  
432  40.0672  
471  63.3076  
5628  51.0474  
1015  47.6687  
2  58.5129  
2269  46.6068  
69  58.1881  
3947  51.1712  
79091  60.4687  
104837  54.5061  
4037  62.2662  
7587  57.7582  
6881  53.2172  
1449  63.9763  
7225  60.0133  
81229  54.0139  
68952  59.5746  
4728  48.6883  
5081  44.833  
33966  54.5061  
1779  47.7324  
3669  54.5061  
87197  54.5061  
170297  54.5061  
79057  51.9966  
95965  54.5061  
55207  54.5061  
4007  56.4653  
1220  72.6845  
80831  56.168  
46723  52.2607  
71282  55.8448  
7757  53.1406  
3259  47.4106  
92309  55.8053  
1376  65.5528  
7192  49.0706  
4654  42.9465  
101423  54.5061  
53468  45.4719  
62662  54.5061  
3174  58.0019  
3698  63.9691  
2882  51.1505  
2359  58.9826  
1183  65.3937  
2792  49.1015  
1095  56.0088  
8387  21.0567  
53125  50.8335  
115713  65.1839  
2949  70.0634  
2471  39.6645  
3  49.4548  
1231  66.8713  
3861  41.7233  
240  39.99  
1480  56.1973  
2301  59.718  
1445  33.5596  
8045  54.5061  
586  56.3327  
2942  39.5308  
1185  63.3118  
4594  54.5061  
2474  54.1218  
3671  69.0349  
3196  61.4279  
64839  60.6882  
98697  54.5061  
2606  39.2421  
1777  57.7169  
5309  39.7665  
7022  65.8004  
4873  65.3663  
541  86.699  
27311  58.4853  
43921  50.2536  
67734  51.4722  
4240  54.5061  
5026  66.6062  
168  45.9166  
33493  58.5792  
4125  36.7356  
7354  45.9753  
207  51.6885  
1094  56.8435  
742  43.1613  
1609  44.479  
1042  52.9623  
3362  67.1206  
4553  55.1951  
4632  46.6813  
2278  61.8784  
468  47.761  
122904  63.2023  
75416  54.5061  
42718  58.3461  
4285  44.4697  
79274  58.4289  
1794  54.5061  
45081  44.5563  
108192  54.5061  
3489  62.0457  
3503  65.3816  
89804  53.6553  
163809  54.5061  
577  38.154  
3071  52.7402  
1204  79.7149  
3981  37.782  
95771  54.5061  
45382  54.5055  
6548  43.8074  
59387  58.5578  
166528  67.0327  
168492  73.8994  
6691  54.5061  
605  40.5542  
424  34.9829  
2991  63.4819  
248  41.4395  
97950  54.5061  
3865  53.5916  
1216  54.8263  
342  50.6895  
35836  53.9764  
27772  40.7632  
176419  62.1439  
151781  54.5061  
277  49.8519  
6320  45.2033  
39381  59.5556  
5111  54.5061  
4090  53.2277  
2450  27.9285  
2676  51.8326  
2356  37.8893  
79702  60.2117  
1597  52.1722  
410  50.9073  
1721  62.3168  
3702  66.1724  
183301  54.5061  
1387  79.0681  
2072  42.6073  
26729  66.2416  
2393  58.167  
4247  33.0094  
4591  39.5054  
1032  58.9842  
3087  48.4757  
1895  48.9814  
634  32.0902  
210  43.7854  
2074  58.5516  
51575  38.7813  
3505  58.7189  
5247  38.8437  
481  46.0449  
4215  32.7507  
1355  34.621  
2657  64.7142  
2028  83.9252  
4011  74.4742  
420  46.5292  
552  54.5787  
1196  83.7295  
2395  66.1663  
5303  49.3121  
1752  45.1519  
3186  54.1799  
4310  44.4495  
1784  69.5029  
3200  68.2926  
7254  54.7249  
688  34.8615  
473  32.1796  
1079  71.6769  
1552  54.6514  
1148  76.3947  
1544  52.4588  
63113  55.4707  
2325  47.8053  
26649  56.6364  
6804  54.5061  
161  61.3257  
4109  40.0795  
34332  41.0541  
1653  76.0553  
4808  39.4671  
7707  54.5061  
3468  68.7866  
502  27.5623  
1221  86.4186  
1792  48.1096  
68319  48.2488  
6787  67.7907  
2119  34.594  
3884  33.4906  
4254  30.6137  
3973  38.3012  
103609  54.5061  
8934  54.5061  
5377  62.7576  
42632  62.6774  
55290  54.2289  
4506  48.937  
7840  53.6304  
5568  39.5255  
1689  37.2671  
7005  54.5061  
103228  60.2636  
59947  54.5061  
786  53.1003  
4351  51.5402  
172253  54.5061  
4679  44.4088  
1411  64.845  
117630  54.5061  
1590  57.7192  
112623  58.4431  
3146  40.3362  
8984  50.6917  
1920  51.8868  
519  38.1072  
179817  55.6132  
3979  38.6152  
3741  67.0869  
44020  53.0905  
26630  54.5061  
7285  53.7741  
3030  68.078  
1021  34.4669  
8638  58.218  
87  43.4619  
7153  73.3384  
2877  45.0805  
2018  60.8467  
3173  45.992  
5198  54.5061  
7101  45.2221  
7701  26.041  
3213  64.3876  
26159  55.8678  
2339  54.5061  
33896  57.7241  
2000  71.8636  
4006  54.4688  
136562  51.4322  
37382  44.9266  
6645  61.8035  
171763  68.1888  
8528  54.6175  
27008  54.5061  
4017  57.0091  
4167  49.0152  
86142  60.7709  
1249  70.0923  
3255  59.1277  
736  56.8477  
2779  57.0283  
84414  63.3818  
27773  68.4249  
2083  64.2093  
98499  50.6629  
4034  73.3453  
119828  54.5061  
1993  34.5931  
94864  54.1561  
6631  39.2997  
2321  61.1489  
26242  46.8679  
3703  76.254  
41566  53.5715  
2529  73.291  
1968  73.3725  
8914  57.0532  
3257  52.6069  
159403  54.5061  
1036  78.8891  
76093  64.3841  
5103  52.6568  
6947  60.2995  
1952  69.4337  
2124  58.5402  
4084  44.7731  
6016  77.7192  
778  84.9655  
81  52.2311  
2171  51.7117  
1253  61.469  
4275  45.0647  
7982  44.9839  
3723  59.232  
849  56.5002  
2681  50.0731  
6565  59.1839  
39414  45.0242  
122916  65.877  
6440  61.2269  
8917  51.7441  
72011  61.26  
1605  41.5158  
1240  77.8003  
923  74.9869  
68157  72.0686  
5961  54.5061  
5053  54.5061  
3571  55.6772  
2403  66.1533  
3871  62.0754  
44238  54.5061  
72226  61.5614  
7004  45.9457  
2054  52.9941  
62970  51.5802  
5159  42.4359  
354  53.3375  
122924  51.0592  
48774  62.6848  
1394  72.4294  
3763  52.2043  
70286  62.2814  
1904  52.9131  
3969  55.3635  
81562  60.3323  
102590  54.5061  
233  55.5104  
4155  47.0765  
1031  60.0218  
76  50.0404  
459  37.8761  
1097  73.8832  
1178  69.8664  
60291  48.1932  
3328  72.9315  
1232  61.8435  
3036  52.7475  
5283  45.771  
4327  54.2609  
610  64.827  
2726  64.8384  
4732  29.9224  
5970  45.1401  
2396  66.584  
594  61.0842  
1247  76.5103  
45499  57.1131  
3476  63.4694  
2399  37.7622  
137218  54.5061  
1997  68.3671  
3271  55.0241  
27801  60.9642  
6365  54.3986  
1799  53.8579  
580  47.3398  
122900  60.6539  
2803  47.6015  
80219  48.642  
466  49.1471  
110882  56.0449  
3997  28.2542  
26176  54.5061  
2378  46.7798  
117895  33.5178  
26662  66.5056  
90603  56.2578  
119218  54.5061  
44  43.1197  
809  38.0701  
1960  63.665  
4519  49.4542  
1959  58.6636  
414  35.7338  
1073  68.9057  
61236  53.3939  
1479  57.9689  
4019  57.1376  
1245  70.2103  
37857  58.8954  
161032  54.5061  
371  47.5263  
3020  60.422  
88593  54.5061  
6774  57.6789  
2005  64.7326  
90405  51.1775  
26285  54.5061  
6793  31.5873  
627  50.8743  
1617  81.9133  
6734  45.4664  
108090  54.5061  
2427  57.9833  
51024  55.9808  
122922  60.8034  
3440  34.4302  
6874  69.7792  
4919  50.6862  
338  40.075  
81591  57.4972  
1704  74.2335  
1499  29.1272  
357  60.2155  
62155  48.6347  
144  51.8612  
34148  57.8134  
53519  46.5011  
4504  54.5061  
2796  40.4237  
216  53.7994  
6827  32.8102  
1429  59.2953  
7445  52.5626  
1385  52.0218  
90471  56.8158  
8425  54.5061  
10  61.5478  
26542  53.1913  
7387  60.3942  
72998  57.1808  
89470  57.3087  
3629  64.5734  
1297  56.4494  
3424  70.4673  
1672  55.5592  
44761  60.3995  
196  42.5954  
70703  54.5061  
2383  32.9646  
180  49.8828  
4040  30.1932  
6333  61.2088  
4440  68.2499  
5291  59.5407  
88235  57.4729  
1639  64.5182  
4580  31.2652  
153236  54.5061  
86190  55.2435  
4477  30.6169  
103027  54.5061  
32291  50.7798  
34811  54.5061  
5171  39.7243  
122260  54.5061  
8784  62.3431  
5954  60.1417  
8798  60.5509  
707  43.4678  
880  45.8343  
314  59.7484  
61323  56.2548  
600|20
3269  55.5322  
1394  74.862  
3785  49.6952  
2717  50.4654  
5569  62.4906  
4306  73.3044  
1206  76.4104  
56775  48.0568  
2015  64.6546  
7  50.1845  
2013  58.939  
262  67.669  
1210  70.6019  
1060  65.7876  
2431  57.8268  
2077  56.7517  
2423  67.7099  
4641  68.3732  
527  74.907  
5076  60.4759  
601|20
141846  78.5277  
68157  93.1497  
1262  90.2956  
106782  89.8492  
60069  93.9616  
49272  91.0259  
5445  85.7138  
1193  92.0765  
1207  89.6329  
79132  92.94  
904  93.9085  
166024  82.4715  
1917  71.4283  
7153  94.2708  
2324  91.5746  
170697  81.7501  
31658  91.3205  
5989  89.3933  
88810  89.217  
2571  93.1516  
602|20
161  70.3694  
19  56.2395  
350  64.8883  
494  69.075  
14  64.4395  
471  67.8623  
125  65.0731  
434  58.793  
235  70.7069  
481  55.9715  
315  57.0603  
371  63.1034  
474  76.2248  
527  88.7648  
21  72.827  
349  73.1623  
440  69.5086  
339  64.8839  
480  77.7612  
163  71.5002  
603|20
602  68.3739  
803  68.3739  
2008  68.3739  
2577  68.3739  
3459  68.3739  
4787  71.1834  
2912  85.2277  
1769  50.0115  
485  50.8542  
4420  68.3739  
920  72.8039  
1  73.0893  
2706  66.9126  
1844  74.5655  
3787  70.7712  
1222  81.7068  
190  72.6835  
2716  69.3555  
3983  88.4735  
101  72.8948  
604|20
220  72.4351  
292  72.0069  
151  73.2257  
329  70.2221  
410  64.6401  
426  76.0631  
435  49.5489  
316  67.8908  
22  69.4896  
235  73.8071  
181  54.0521  
332  68.1909  
273  63.2794  
637  62.0233  
285  72.4351  
173  58.206  
588  76.0176  
23  69.1351  
553  76.3013  
1  78.7903  
605|20
35347  66.3616  
6787  71.3931  
1197  82.9849  
5667  66.3616  
42738  58.2454  
51662  72.5479  
7373  62.5098  
596  61.2018  
780  67.5357  
4571  70.6513  
2316  66.3319  
7454  51.3247  
150  71.9033  
60040  61.7754  
8977  45.9213  
3269  57.5119  
72982  66.3616  
1210  79.4944  
62376  58.6473  
60937  50.6316  
606|20
263  70.7137  
563  70.7137  
583  70.7137  
3808  70.7137  
4671  70.7137  
4840  70.7137  
5856  70.7137  
6111  70.7137  
6573  70.7137  
8685  70.7137  
32728  70.7137  
55805  70.7137  
3147  83.1332  
4392  70.4711  
2311  72.5437  
6308  60.8118  
50842  75.7438  
6591  87.5747  
8270  74.7737  
2025  84.3717  
607|20
891  83.9908  
1610  77.0338  
448  83.2592  
3147  83.2207  
1094  71.0228  
1307  77.4376  
592  71.8405  
204  62.7885  
1552  68.1272  
527  84.4189  
3476  79.0319  
296  82.7135  
2313  85.2778  
3440  52.6171  
423  76.1547  
1518  77.4956  
2118  87.586  
2193  77.1834  
380  75.8047  
2028  82.7525  
608|20
52245  67.5248  
2997  74.6288  
3793  77.8974  
2763  69.0909  
174  45.8678  
2000  65.7923  
1214  71.4705  
919  63.1726  
2700  74.0846  
4161  62.2707  
5146  62.1202  
1639  69.3134  
541  73.4515  
473  41.1199  
2529  67.996  
522  76.5399  
4343  77.2338  
1909  61.1743  
2431  56.4517  
1220  61.234  
609|8
296  75.1362  
833  44.4796  
356  73.8798  
339  63.0961  
454  66.1712  
318  79.6498  
208  53.7498  
292  62.6403  
610|20
5953  72.891  
58975  72.891  
70206  72.891  
78626  72.891  
82765  72.891  
97988  72.891  
107447  72.891  
107462  72.891  
110591  72.891  
110746  72.891  
118082  72.891  
139655  72.891  
160341  72.891  
86644  64.233  
56801  62.1738  
61024  78.9805  
77561  76.1856  
4816  75.677  
62434  73.0864  
3972  80.5589  
