arg1,relation,arg2
access,L1D_CACHE_WB,events
read,es,register
range,modified,values
value,treated,case
PE,restarting,state
Access,disabled,interface
value,indicating,addition
set,Add,page
state,is,architecture
section,gives,information
translation,generates,entry
sections,reporting,exception
architecture,provide,traps
instructions,using,AArch32
size,Supported,regime
instruction,meaning,EL0
registers,write,which
state,trapped,exception
Exception,returns,level
encodings,register,System
instruction,affect,entries
Encodings,trapped,mode
PE,compares,address
memory,accesses,regime
fields,have,effect
value,Changing,counter
execution,•,state
instructions,Send,Event
fault,rated,addition
exceptions,enabled,EL1
size,Supported,translation
values,register,field
Effect,addressing,size
Traps,accesses,EL2
data,accesses,EL1
levels,implemented,system
System,register,AArch64
registers,implemented,interface
number,depends,entries
PE,executes,AArch32
exception,generated,mode
result,used,address
controls,provided,AArch64
requirements,occur,Reads
Extension,implemented,EL1
implementation,correspond,field
Location,•,cases
Operation,clears,encodings
Instructions,executed,mode
PE,sets,value
Debug,Used,state
read,Repeated,value
encoding,trapped,instruction
entry,used,address
PE,executed,event
value,excepti,bit
implementation,described,PE
EL1,read,accesses
size,=,controls
EL2,using,field
requirements,given,instructions
instruction,Sets,Register
instruction,read,value
Traps,floating,EL3
instructions,followed,extension
value,made,bit
EL0,mapped,System
Field,implemented,AArch32
events,describes,state
exception,taken,EL3
Implementation,Implement,levels
function,describe,behavior
EL3,implemented,events
instruction,tes,state
entry,required,address
Register,cleared,Event
EL2,provides,stage
registers,described,registers
aarch32,=,AArch64
events,Halting,PE
exceptions,generated,mode
Traps,accesses,EL0
exception,occurs,addition
control,cause,registers
instruction,permitted,address
size,=,encoding
mode,see,information
event,generated,instruction
number,ied,elements
instructions,Wait,Event
Instruction,generate,addition
ARM,recommends,addition
use,expected,instructions
encoding,provides,instructions
translation,disabling,stage
exception,resulting,level
support,guaranteed,entry
Execution,•,instruction
types,associated,exceptions
register,has,function
write,update,bit
data,accessed,address
variant,do,variant
list,see,instructions
EL3,Implemented,AArch32
Entry,Ignored,Access
interface,accessed,access
instructions,synchronized,addition
architecture,supports,architecture
AArch32,supports,Descriptions
reset,treated,exception
accesses,generated,instruction
value,returned,field
register,follows,software
values,saved,entry
stage,supports,translation
accesses,trapped,register
section,lists,registers
field,interpreted,fields
registers,debug,registers
section,presents,information
section,describes,controls
access,using,mode
Access,depends,register
architecture,makes,use
access,mapped,interface
levels,support,AArch32
Registers,implement,bits
AArch32,hosted,events
list,carry,instructions
encoding,floating,point
instruction,trapped,exception
stage,uses,translation
value,described,registers
Return,refers,section
accesses,reserved,Reads
number,depends,levels
fields,read,values
EL2,use,case
instruction,stores,memory
Memory,attributes,types
function,decodes,access
descriptions,Monitors,information
EL2,provides,support
translation,translates,accesses
instructions,operate,cache
entries,pointed,th
software,restores,registers
fields,•,implementation
example,following,instruction
data,fetched,example
list,shows,instruction
instruction,performed,EL1
bit,generates,fault
registers,specified,domain
instructions,accept,value
section,describes,encoding
function,generates,exception
PE,Entering,state
values,ssed,fields
th,programmed,value
operations,change,mode
fault,using,format
instructions,lead,cases
controls,apply,EL0
bit,ignored,value
value,indicating,address
access,mapped,read
registers,implemented,set
data,write,data
list,ores,instructions
table,VMSAv8,stage
address,•,translation
section,decoded,instructions
size,invalidated,instructions
entries,used,event
event,generated,event
instructions,behave,one
instruction,coming,event
value,modify,read
PE,executing,EL1
EL2,provide,traps
mode,•,exceptions
exception,applies,abort
access,store,data
AArch32,register,System
Behavior,shows,state
EL3,implemented,EL3
System,registers,EL2
EL3,use,state
requirements,using,format
encoding,defines,field
access,occurs,cache
PE,generate,events
breakpoint,executing,EL0
information,see,state
information,see,instructions
mode,associated,level
effect,creates,register
location,require,memory
operations,read,levels
implementation,performs,case
vector,Secure,mode
example,uses,value
instructions,operate,example
value,accesses,regime
fault,sets,regime
bits,have,value
EL2,using,implementation
section,reporting,implementation
entry,Matches,stage
access,Trapped,traps
value,corresponding,regime
Range,see,information
counter,increment,result
ARM,expects,EL2
data,generated,field
AArch32,hosted,debug
registers,•,software
Access,debug,event
bits,•,entry
software,perform,addition
Software,examine,field
Support,•,Exception
stage,enabled,state
encodings,reserved,ion
register,enables,accesses
Field,descriptions,AArch32
instruction,specifies,example
fault,generated,stage
accesses,have,memory
result,write,implementations
interface,accesses,registers
list,combines,instructions
ion,gives,information
implementation,provides,instruction
PE,modes,state
encodings,floating,encodings
mode,Means,exceptions
set,provi,instructions
value,controls,bit
access,cached,memory
operations,read,operations
EL2,implemented,entries
one,Assemble,encoding
value,reserved,bit
instructions,•,exception
AArch32,Performs,stage
Reads,EDSCR,bit
controls,ignored,state
stage,defined,addition
PE,executes,instruction
control,cause,accesses
PE,executing,EL3
fault,encode,bits
types,includes,implementation
translation,causes,regime
section,defines,requirements
tables,controls,state
architecture,quire,operation
encoding,shows,accesses
control,features,EL0
one,use,encodings
Operation,produces,encodings
state,supports,set
PE,sampled,state
EL3,implemented,AArch32
implementation,suppor,operation
AArch32,reserved,values
instruction,causes,exception
Accesses,trapped,interface
bit,returns,value
section,includes,information
implementation,include,EL3
Traps,using,EL3
Effect,invalidate,instructions
section,specifies,cases
regime,instruct,which
level,resolve,translation
registers,called,register
EL1,Taken,mode
access,permitted,Read
EL0,See,field
PE,pending,state
implementation,includes,case
behavior,affect,memory
field,behave,state
behavior,described,th
field,identifies,size
bit,permitted,field
implementation,•,interface
interface,register,access
Bits,set,exceptions
variant,acquire,page
Abort,•,cases
field,indicates,stage
value,pointed,field
mode,ted,which
memory,has,PE
Address,tran,instructions
list,floating,Bits
implementation,perform,case
Exceptions,targeted,levels
list,shifted,instructions
Software,read,register
Implementations,use,level
abort,executed,instruction
operation,has,effect
address,affected,exception
Table,summarizes,bits
instructions,return,mode
behavior,means,instructions
state,returning,example
exception,preempted,exception
execution,specified,instructions
Description,ordered,data
operation,trapped,EL1
fault,described,stage
EL3,implemented,example
instruction,stepped,data
instructions,Trapped,exceptions
PE,returning,exception
description,Handling,exceptions
Extension,implemented,access
bit,applies,operations
Debug,Holds,address
register,offset,register
result,placed,instructions
EL3,executed,AArch64
exception,Describing,field
registers,accessed,EL0
register,affected,reset
use,creates,instruction
architecture,provides,memory
Extension,implemented,abort
EL2,Implemented,AArch32
point,have,cases
exceptions,describes,page
debug,used,example
architecture,guarantees,tables
Software,write,value
type,describes,encoding
instruction,shared,state
counter,increment,instruction
EL0,executed,AArch64
bit,implemented,implementation
PE,behaves,field
Extension,implemented,implementation
PE,features,state
Registers,provide,controls
instructions,described,Controls
sections,describe,ARM
instruction,loads,list
entry,indicates,table
ion,describes,controls
instruction,causes,case
software,Following,read
register,specified,mode
vector,VREV16{<c>}{<q>}.<dt,variants
instruction,transfers,encoding
Th,extracts,elements
execution,executing,state
traps,apply,execution
ARM,•,use
function,subtracts,number
breakpoint,sabled,EL2
exception,floating,cases
EL0,using,EL0
AArch64,hosted,breakpoint
Operation,register,encodings
fault,generated,regime
stage,controlled,translation
register,holds,elements
cache,guaranteed,which
sections,describe,cases
fault,generates,exception
abort,record,address
Traps,•,EL2
register,pped,System
Software,executing,level
description,indicates,reset
system,using,ion
architecture,Depending,implementation
entry,cleaned,instructions
PE,use,implementation
Operation,doubled,encodings
Descriptions,follows,software
ARM,precates,use
implementation,choose,type
address,specifies,access
abort,stated,abort
EL2,mapped,System
ion,decoded,instructions
entry,contains,case
controls,Executes,System
Software,executing,EL2
Reads,return,register
debug,Shows,value
System,register,support
range,split,translation
levels,modes,AArch64
instructions,use,exceptions
data,•,registers
section,refers,accesses
EL3,Exists,state
bit,set,state
use,save,instructions
Register,accessed,EL0
exception,suppressed,state
fields,numerate,fields
Write,asserted,accesses
field,holds,value
instruction,extracts,elements
values,floating,instruction
behavior,masked,bits
counter,contains,value
exception,updates,EL3
read,returns,values
PE,enters,reset
System,register,fields
EL3,Provides,location
AArch32,hosted,access
translation,enabled,address
Access,=,registers
EL2,use,AArch64
section,formatted,description
location,see,information
PE,returns,exception
Software,executing,EL0
execution,starts,address
mode,rounding,value
list,floating,point
exception,•,execution
instructions,include,instructions
exceptions,includes,EL2
Exception,taken,Abort
register,see,registers
register,•,variant
execution,using,EL0
registers,coded,field
instruction,calculates,value
behavior,apply,registers
size,Floating,point
instructions,genera,exception
software,writing,field
mode,Depending,one
Reset,apply,behavior
ARM,define,events
One,ndirect,set
list,Floating,point
levels,using,format
EL3,disable,exceptions
instruction,generates,Abort
Software,use,instructions
field,•,which
System,Trapping,accesses
domain,contains,interface
entry,stage,translation
PE,preserves,state
registers,modes,PE
EL2,•,AArch32
sections,generating,exceptions
registers,described,addition
PE,halted,state
PE,using,regime
value,dependencies,instructions
exceptions,•,state
Table,shows,events
values,trapped,bit
elements,•,fields
events,persist,state
use,•,value
description,resetting,registers
Accesses,permitted,registers
Implementation,includes,EL3
exceptions,generated,EL3
section,describes,instructions
value,ensure,reads
address,accessed,address
information,see,behavior
implementation,Indicates,use
mode,change,mode
instructions,have,set
Field,describes,registers
vector,Reserved,state
ion,accesses,operations
Field,reserved,bit
AArch32,hosted,breakpoint
Abort,ted,execution
types,ute,Accesses
value,See,registers
instruction,ads,registers
bits,control,access
Events,counted,state
PE,enter,state
architecture,specifies,implementation
stage,control,execution
format,enabled,values
PE,•,state
type,used,cache
ion,generated,state
instruction,stepped,instruction
vector,VNEG{<c>}{<q>}.<dt,variants
Operation,"Elem[Q[d>>1],e,2*esize",encodings
fault,faulting,translation
value,implemented,field
Operation,src_unsigned,encodings
value,permitted,Address
Entry,set,state
descriptions,Monitors,value
section,decoded,System
reset,occurs,state
set,•,bits
EL1,register,System
Accesses,•,instructions
write,occur,access
AArch32,hosted,table
Th,ensures,instructions
AArch64,Enabled,AArch64
address,shown,information
encodings,describes,addition
descriptions,generated,exception
vector,VMLS{<c>}{<q>}.<dt,variants
Traps,uses,execution
Implementations,cache,information
descriptions,include,instruction
breakpoint,generates,which
execution,Used,levels
address,held,register
EL2,controlled,translation
Descriptions,inst,registers
instructions,holds,information
Th,Read,accesses
read,return,location
exceptions,hosted,debug
architecture,require,PE
write,•,value
Registers,used,exceptions
return,makes,EL1
translation,see,Behavior
control,has,effect
execution,accessed,cases
instructions,summarizes,instructions
Field,descriptions,bit
write,guaranteed,case
Th,see,description
registers,include,registers
registers,acce,execution
software,writing,location
Accesses,•,register
format,uses,entries
fields,•,reset
behavior,see,instructions
instructions,executed,EL0
set,encoding,set
execution,using,state
execution,using,instructions
type,emented,cache
translation,starts,level
EL1,Applies,execution
Accesses,checked,bits
bit,behaves,value
architecture,implemented,implementation
implementation,includes,AArch64
Accesses,encoding,encodings
Instructions,trapped,mode
format,supports,format
EL3,using,state
operations,executed,operations
Extension,D5.11,Extension
list,floating,encoding
domain,contains,set
section,describes,th
behavior,produce,encodings
instruction,has,PE
instructions,Ascending,encoding
implementation,has,bits
instructions,supports,instruction
value,required,descriptions
architecture,guarantees,entry
instruction,stepped,event
EL2,executing,state
architecture,require,implementation
operation,guaranteed,instructions
AArch32,vary,implementation
address,taken,exception
behavior,occurs,example
execution,led,EL1
field,Ignored,EL1
size,marked,location
Traps,sses,EL1
PE,entering,state
control,applies,EL1
values,indicate,th
set,described,behavior
implementations,mapped,accesses
instruction,triggered,execution
mode,exception,which
EL0,•,registers
bits,writes,registers
exception,generated,result
description,specifies,types
register,provides,point
architecture,defines,set
write,generated,instruction
translation,supports,regime
fault,reported,cases
table,held,memory
Th,checked,instructions
location,executed,instruction
bits,provided,AArch32
requirements,using,case
value,loaded,address
Software,consider,Registers
behavior,•,cases
encoding,accessed,example
field,based,translation
instruction,correspondi,elements
Events,debug,events
Execution,starts,address
software,reads,fields
variant,indexed,page
breakpoint,watchpoint,entry
values,Start,level
exception,generated,abort
type,masked,EL1
instruction,insert,data
event,counts,instructions
ARM,recommends,implementations
counter,implemented,domain
location,has,memory
registers,have,values
accesses,referred,sections
registers,register,accesses
instructions,Executing,instructions
behavior,tch,exception
instruction,extracts,vector
registers,described,section
bits,taking,reset
System,register,descriptions
return,DRPS,state
Traps,registers,EL1
EL2,implemented,address
instruction,writes,values
access,see,information
Access,restricted,registers
value,Wh,EL1
instruction,rounds,values
event,taken,point
ARM,recommends,instructions
register,ISR_EL,System
address,supported,size
translation,has,which
Information,provided,exception
cases,taken,return
registers,read,which
access,•,EL0
elements,appear,register
PE,enters,th
Registers,used,th
number,exist,state
System,Reserved,encodings
state,See,reset
behavior,enabled,events
register,•,descriptions
level,depends,state
field,returns,value
exception,nerated,result
instructions,sulting,EL1
Instruction,taken,exceptions
counter,disabled,registers
ion,adds,values
execution,caus,state
access,generates,abort
EL3,ted,level
Table,summarizes,controls
instruction,returns,bit
exception,pending,event
registers,following,execution
encodings,specify,instructions
registers,trapped,which
instruction,copies,value
exception,taken,level
cache,required,accesses
PE,disables,state
entries,checks,stage
AArch32,Holds,value
format,required,translation
function,divides,number
exceptions,trapped,exceptions
exception,taken,EL2
instruction,has,memory
control,causes,registers
state,try,state
table,shows,value
instructions,defined,set
variants,setting,instructions
data,counts,operation
value,depending,bits
encoding,used,execution
implementations,ensu,use
return,ets,case
translation,enabled,fault
PE,exits,state
state,determines,state
translation,requires,entry
values,taken,bit
number,moved,variant
Traps,cesses,EL1
value,see,field
return,returning,mode
Support,indicated,size
interface,access,registers
state,relates,reset
mode,take,which
memory,•,memory
Behavior,stepped,value
exception,masking,implementation
fields,control,type
exception,generated,instruction
reset,clears,bits
description,includes,exception
write,marked,address
tables,extend,stage
exception,taken,EL0
Operation,=,encodings
controls,provide,control
Extension,introduces,th
bits,using,level
operations,listed,mode
write,affects,address
instruction,performs,variant
mode,ented,EL1
value,change,state
AArch32,hosted,Debug
EL1,using,addition
register,executed,mode
PE,trap,state
operations,supported,operations
PE,took,exception
descriptions,generates,ion
ARM,recommends,th
state,read,stage
EL3,provide,traps
Instruction,executed,page
address,ecuted,exception
register,•,instruction
bit,returned,case
instructions,affect,cases
field,executed,control
elements,result,size
sections,following,registers
instruction,•,levels
section,describes,behavior
PE,makes,access
read,Ordered,read
access,generates,memory
Software,rely,behavior
tables,Hold,level
Use,limited,instructions
Software,restrict,access
types,Going,list
fields,described,fields
format,desc,level
state,committed,execution
memory,attributes,memory
types,provides,support
encodings,specify,th
PE,remains,state
value,interpreted,register
EL2,using,state
instruction,committed,execution
Software,consider,format
exceptions,enabled,EL0
behavior,desired,read
accesses,reserved,architecture
encoding,provides,page
which,contains,page
table,•,translation
descriptions,-mapped,interface
architecture,taken,exception
section,describes,effect
bits,Used,software
control,determines,EL1
registers,Accessing,registers
EL3,implemented,EL2
entries,executing,descriptions
operations,•,value
implementation,includes,Extension
System,register,interface
register,holding,address
function,codes,access
implementation,include,registers
values,set,entry
level,using,state
Traps,See,EL1
descriptions,Monitors,data
value,•,instruction
Table,show,value
table,indicates,th
event,defined,state
accesses,permitted,EL0
instructions,inst,registers
Abort,caused,execution
counter,counts,Events
accesses,accessed,state
format,applies,state
debug,enabled,EL1
Traps,accesses,AArch64
result,regarded,instruction
list,cts,instructions
implementation,Specifying,address
Implementations,set,field
value,reserved,breakpoint
requirements,mean,section
fault,update,Register
instruction,have,effect
Traps,accesses,mode
support,implemented,level
exceptions,See,events
list,R[n,instructions
entry,walk,level
EL3,implemented,entries
bit,Shows,value
breakpoint,implemented,register
System,instru,encodings
instruction,listed,instructions
value,returned,state
table,Indexed,table
register,indicates,size
value,written,bit
Exception,reporting,Table
instruction,negates,value
table,occupies,number
state,Entering,state
Register,set,operation
instruction,include,ion
point,AArch64,AArch32
Use,entries,bit
instructions,changed,state
section,decoded,page
exception,floating,instructions
cases,occur,result
Table,shows,cases
abort,generates,exception
access,cause,address
state,AArch64,EL1
section,provides,information
translation,applies,accesses
translation,causes,EL2
control,permits,access
exception,routed,EL2
section,fields,encoding
PE,executing,level
Field,reserved,field
Data,described,data
PE,generates,fault
PE,are,state
PE,access,state
instructions,regarded,read
event,executed,Operation
software,executing,state
return,taken,ion
Instructions,trapped,EL1
Execution,•,address
PE,executing,EL2
format,taken,exceptions
section,decoded,bit
bits,•,values
value,Indicates,use
exception,prioritized,entry
information,see,page
translation,implemented,translation
controls,permit,access
ion,abandon,case
instruction,based,instructions
stage,takes,translation
Translation,aborted,fault
mode,s,which
Register,Signed,address
architecture,•,EL0
table,aligned,size
use,fetches,translation
implementation,include,EL2
EL3,generated,description
encodings,•,set
instruction,•,location
operation,makes,EL1
address,written,bits
register,duplicates,information
EL3,enables,instructions
breakpoint,watchpoint,th
exceptions,enabled,state
Instruction,trapped,mode
mode,taking,exception
range,aligned,size
address,matched,regime
fault,made,cases
instructions,processing,bits
list,result,point
instructions,VMSAv8,Description
instructions,behave,EL3
register,programmed,value
implementation,includes,support
values,Reserved,implementation
registers,configured,access
instruction,operating,registers
PE,ignores,Debug
sections,following,format
values,Fixed,System
types,•,type
Software,use,information
register,provides,level
exceptions,see,debug
access,See,page
traps,accesses,registers
instruction,s,state
encodings,provide,registers
execution,trapped,state
number,read,bits
Translation,fault,entry
list,signals,instructions
execution,trapped,execution
address,extended,translation
execution,generates,Operation
EL3,implemented,exceptions
Extension,implemented,state
system,addressing,size
level,returned,state
instruction,perform,return
EL1,mapped,System
PE,executing,EL0
value,generating,event
PE,enters,case
Address,tr,translation
entries,aligned,table
mode,create,traps
set,Unallocated,variant
implementation,includes,fields
value,has,entry
description,debug,Access
System,registers,control
software,acce,state
value,causes,effect
level,use,AArch32
entry,pending,instruction
level,result.addrdesc.fault,domain
counter,affects,EL0
implementation,uses,addition
behavior,Watchpoint,accesses
Address,tr,bits
instruction,copies,vector
instruction,•,addition
state,enhances,th
encodings,listed,cases
accesses,required,bits
registers,reset,value
events,filter,events
PE,considers,instructions
result,stored,register
AArch32,Gives,information
descriptions,ignores,value
bits,have,registers
state,determined,EL0
requirements,Required,entries
Traps,Trapping,EL2
entry,generated,instruction
control,using,format
implementation,clocks,interface
behavior,•,reset
location,guaranteed,accesses
access,floating,registers
value,xSZ,translation
encodings,•,registers
fault,generated,level
PE,perform,access
value,based,address
state,gives,page
use,has,bit
instruction,Executing,instruction
software,accessing,counter
AArch32,hosted,exceptions
Address,recorded,exceptions
event,•,PE
result,determines,read
description,interpreting,table
descriptions,include,exceptions
fields,set,registers
instructions,trapped,state
mode,ted,EL1
number,registers,AArch32
bit,controls,exceptions
Registers,see,Descriptions
type,•,breakpoint
values,assigned,ARM
size,pointed,table
PE,returns,value
registers,Provides,information
regime,described,state
Descriptions,Provides,location
function,calls,function
One,holds,entries
exceptions,floating,instructions
description,see,access
Register,see,information
number,modes,entries
EL1,•,AArch32
memory,see,information
system,enabled,range
write,register,debug
mode,executes,EL2
Execution,described,mode
register,define,instruction
Exception,taken,EL1
exception,enable,exception
Bits,AArch64,registers
register,deprecated,interface
regime,has,stage
register,•,registers
instruction,performed,state
Reads,•,case
ARM,re,operation
effect,invalidate,addition
write,become,register
state,saved,state
pe,nding,memory
ARM,recommends,System
Table,shows,encoding
Instructions,access,instructions
list,negated,instructions
descriptions,reporting,exception
set,support,types
exceptions,using,level
instruction,restarted,return
bits,described,registers
description,advances,exceptions
level,masked,level
table,include,registers
event,relating,Level
ARM,See,instruction
effect,using,instruction
entries,include,information
value,counted,bit
level,becomes,th
architecture,G4.8.3,behavior
state,provides,Register
operations,defined,implementation
mode,executes,EL0
addition,floating,exception
register,follows,th
list,encoded,encoding
System,registers,execution
behavior,say,system
PE,records,information
implementation,includes,AArch32
exceptions,provided,controls
instructions,Floating,value
instructions,perform,operations
EL0,register,accesses
memory,AArch64,memory
instruction,returned,value
one,following,list
entry,Forcing,state
counter,counts,instructions
Size,fault,entry
value,saved,register
Register,Provides,information
implementation,need,information
exception,generated,entry
operation,has,return
exception,generated,level
list,See,Encoding
Reset,using,addition
PE,behaves,state
write,causes,register
information,takes,exception
instruction,multiplies,elements
System,•,access
instruction,accessed,return
PE,exiting,state
state,defines,Registers
list,applied,instructions
set,provides,instructions
registers,shows,registers
field,ammed,value
registers,taken,values
one,following,case
table,D_TableLevel,translation
types,=,domain
ion,taken,mode
Instructions,executed,EL2
tables,relate,translation
Extension,introduced,architecture
descriptions,Monitors,interface
mode,implemented,EL1
EL2,implemented,state
software,issue,system
EL2,implemented,instructions
field,contains,set
register,•,level
instruction,•,address
value,returns,abort
requirements,fails,instructions
address,record,access
levels,implemented,implementation
value,has,field
register,used,access
Cache,support,location
domain,defined,Domain
exceptions,•,mode
Events,debug,event
registers,used,abort
value,Scaled,bit
Debug,accessing,register
memory,restricted,EL0
level,coming,reset
one,occur,cases
instruction,accesses,register
operations,floating,state
exception,generated,EL0
use,named,architecture
vector,esize,variants
write,performed,location
instruction,follows,Traps
behavior,require,reset
AArch32,selected,address
control,described,ion
system,•,example
value,sponding,bit
exception,taken,exception
architecture,defines,variants
interface,provide,controls
Instructions,used,reads
vector,Reserved,mode
fault,generated,field
EL0,accesses,state
events,counted,range
bit,•,implementation
PE,using,format
return,allowed,state
abort,follows,table
elements,extracts,vector
PE,suspend,operation
range,reduci,level
controls,permitted,accesses
Cache,support,addition
registers,apped,addition
Read,accesses,register
registers,misc,encoding
exception,floating,one
Th,rounds,value
variant,•,instruction
exceptions,executed,instructions
entry,describes,table
sections,describe,behavior
value,permitted,list
EL3,emented,level
abort,taken,ion
ARM,recommends,values
instruction,specifies,address
Register,configured,event
EL0,accesses,register
EL1,s,registers
registers,reset,domain
Register,offset,variant
breakpoint,implemented,System
vector,exists,table
Example,shows,use
reset,exiting,state
information,see,support
address,marked,instruction
domain,used,architecture
use,described,register
instruction,executed,field
instructions,mark,access
instructions,included,instructions
registers,see,page
section,describes,page
instruction,using,EL1
description,describes,entry
requirements,affect,information
description,gives,register
level,G3.4.9,cache
bits,control,use
reads,debug,registers
function,sets,Register
effect,accessing,register
information,depend,sections
Address,taken,exceptions
levels,using,AArch64
event,pended,cases
list,floating,behavior
fields,describes,page
implementation,see,information
fields,give,register
Registers,control,implementation
instructions,guaranteed,execution
field,identifies,ion
value,written,bits
bit,handled,return
return,describes,encoding
execution,attempted,state
exception,taken,case
execution,attempted,instructions
Register,specifies,range
instructions,set,instructions
execution,enabled,EL1
level,resolves,bits
instructions,supports,implementation
mode,Banked,addition
section,shows,controls
Cache,support,memory
instructions,register,EL1
Register,register,Register
accesses,•,tables
system,required,instruction
Operation,floating,encodings
sections,describe,System
EL3,AArch64,registers
Operation,executing,encodings
instructions,have,encodings
implementation,uses,encodings
Traps,accesses,EL3
registers,become,instruction
state,provides,instructions
EL3,enabled,translation
translation,performed,cases
translation,using,th
Traps,apply,mode
exceptions,described,EL0
write,performed,memory
registers,have,bits
table,referenced,entry
list,includes,encodings
size,s,levels
Architecture,permitted,field
value,corresponding,exception
EL3,implemented,address
instruction,executing,instruction
value,implemented,range
list,Move,instructions
bit,assign,register
instruction,follows,EL1
event,EDSCR,event
event,enabled,EL3
list,separated,bits
EL3,Disabling,exceptions
Cases,determined,mode
value,executing,bit
level,taken,case
Execution,floating,point
result,required,example
Events,resulting,operation
Register,read,EL0
instruction,stepped,exception
Traps,HCR_EL2,EL2
type,Floating,point
operation,updates,memory
exception,•0x33,level
example,•,example
PE,performs,execution
counter,updated,entry
AArch32,hosted,exception
AArch32,nvalidate,bit
Use,means,bit
instruction,writeback,register
number,encoded,variant
registers,tain,state
section,Floating,point
instruction,divides,values
fields,affect,stage
translation,causes,exception
controls,programmed,case
mode,used,mode
value,saved,exception
stage,enabled,translation
instruction,stepped,address
controls,summarized,information
range,rmined,stage
Operation,test_passed,encodings
exceptions,hosted,exceptions
Operation,Do,encodings
Execution,makes,EL1
instruction,tr,value
instruction,generates,access
accesses,accesses,state
type,••Linked,breakpoint
mode,see,EL1
traps,apply,EL1
registers,cha,translation
Register,read,accesses
instructions,executed,mode
Execution,•,instructions
One,floating,registers
instruction,generates,abort
types,•,instruction
Behavior,Send,instructions
instructions,•,instruction
location,determining,bit
register,follows,System
registers,G4.17.2,registers
AArch32,implemented,level
level,implemented,state
value,match,bit
Traps,accesses,AArch32
size,690Decode,page
translation,VMSAv8,address
system,implemented,addition
exceptions,happen,state
EL1,using,state
return,change,implementation
EL1,accesses,registers
encodings,access,registers
variant,ordering,variant
Table,summarizes,behavior
EL3,implemented,description
exception,See,controls
exceptions,generates,Abort
instructions,return,EL2
instruction,initiates,operation
AArch32,hosted,effect
instruction,writes,example
instructions,permit,exceptions
PE,generate,exception
bit,reflects,result
operation,updates,address
registers,•,behavior
types,defined,list
section,processing,type
instructions,following,value
use,deprecated,instruction
Execution,sets,instruction
instruction,stepped,case
descriptions,include,section
instruction,restores,variant
field,define,stage
level,meaning,mode
section,describes,traps
field,fies,support
AArch32,Secure,debug
list,rred,instructions
control,applies,EL0
memory,entering,level
execution,calls,instruction
exceptions,Reset,fields
mode,enabled,state
memory,See,page
description,contains,operations
translation,translate,cases
Execution,apply,Descriptions
fields,follows,EL1
value,determined,address
EL2,register,accesses
behavior,updated,state
software,coming,reset
implementation,use,memory
list,result,instructions
page,specified,stage
System,registers,operation
registers,•,effect
field,Determining,level
domain,see,information
implementation,use,cases
System,register,addition
event,rated,instruction
section,decoded,access
EL1,hosted,AArch64
level,executed,instruction
sections,following,description
value,added,value
reads,return,field
write,causes,case
Traps,trapping,EL2
field,resets,cases
bit,=,reads
implementation,Indicates,support
architecture,changed,cases
value,permitted,support
register,permitted,value
Memory,accesses,state
Operation,CheckAdvSIMDOrVFPEnabled,encodings
AArch32,Descriptions,event
instruction,extended,register
bit,has,state
entry,follows,entry
descriptions,described,regime
entries,use,th
Use,provides,instructions
Access,see,information
registers,use,format
controls,taken,exceptions
interface,see,information
operations,guaranteed,effect
Th,rounds,vector
mode,entered,exception
effect,supports,bit
software,set,example
exceptions,generated,addition
Extension,affects,registers
ARM,expects,operation
ARM,considers,entries
operation,lengthens,vector
behavior,•,behavior
field,implemented,field
list,m,instructions
size,floating,list
PE,remains,mode
value,register,register
instruction,create,vector
stage,implemented,size
Operation,preferred,encodings
Software,assume,cache
Register,accesses,mode
access,described,registers
architecture,requires,events
levels,managed,instructions
values,permitted,level
event,define,event
values,map,values
Return,H9,interface
PE,attempts,access
result,returns,value
state,controls,state
Debug,registers,Register
type,specify,example
field,•,implementation
register,writes,write
architecture,forbids,type
state,implemente,registers
PE,makes,use
value,represent,format
list,performs,instructions
table,D_TableLevel,Level
instruction,falls,one
Events,issued,operations
control,trapped,register
instruction,ensures,PE
location,extracted,variant
PE,handling,example
instruction,specify,example
register,Accessing,read
Behavior,described,System
information,taking,exception
levels,defines,set
Register,=,address
controls,used,bit
PE,executes,execution
event,read,read
mode,write,operation
Execution,implemented,EL1
instruction,Shared,state
AArch32,hosted,information
Exception,taken,Instruction
information,including,descriptions
controls,implemented,implementation
Software,Accessing,registers
size,consider,accesses
reset,deasserted,instructions
value,treated,field
Abort,taking,exception
Descriptions,generated,description
Software,running,EL3
access,•,page
access,use,information
EL2,emented,level
list,indicates,instructions
section,decoded,table
value,executing,EL1
instruction,Ignoring,abort
Operation,gives,encodings
implementation,support,bits
tables,walks,accesses
Address,register,access
exception,taken,AArch64
instruction,writes,instruction
Debug,regist,state
types,routing,architecture
access,unified,data
function,used,operations
PE,increments,state
instruction,has,behavior
size,bits,bits
register,Trapping,registers
address,taking,exception
registers,return,information
address,align,table
register,implemented,domain
bits,•S,case
mode,read,operation
software,configure,bits
Accesses,•,value
reset,reading,EL3
exception,nding,instruction
implementation,includes,registers
variants,given,cases
EL2,defines,encodings
encoding,determines,instructions
instructions,identified,requirements
cache,invalidate,cache
Implementation,mapped,Control
instruction,supported,regime
accesses,required,level
instruction,•,state
operation,disabled,EL0
instruction,•,instructions
field,•,table
instruction,trapped,level
Execution,supports,EL1
instruction,has,effect
exception,executed,instruction
traps,register,registers
register,used,entry
field,set,value
software,changing,addition
use,provide,cases
level,•,implementation
register,duplicates,vector
Software,interrogate,support
translation,permitted,instructions
effect,causes,instruction
register,contains,address
entry,define,mode
Operation,affect,instructions
effect,write,effect
instruction,counts,bits
operations,Provides,controls
instruction,Register,instructions
Register,suspend,execution
PE,starts,execution
list,perform,instructions
PE,issued,PE
translation,require,entries
Description,see,registers
reset,asserted,state
PE,stores,instructions
field,using,AArch64
field,indicate,cases
table,walk,function
implementations,provi,level
PE,determine,level
behavior,floating,operations
value,read,field
list,copies,instructions
implementation,reserved,range
bit,set,example
instructions,resulting,EL3
address,preferred,events
instruction,cause,exception
operation,affect,state
state,access,state
instructions,operate,instructions
Address,tagging,state
data,written,memory
fields,save,state
address,=,instructions
type,assert,type
translation,occurs,regime
EL3,trapping,mode
exception,described,exception
event,counts,events
mode,has,registers
Reads,generated,instruction
software,change,values
controls,provided,case
Extension,ented,field
implementation,include,Register
location,treated,which
events,handled,case
EL3,implemented,AArch64
address,match,breakpoint
reads,rect,execution
encoding,follows,instructions
address,R[n,list
address,aligned,access
section,applies,registers
Memory,see,information
EL0,using,AArch32
abort,taken,implementation
state,implemented,which
exceptions,hosted,exception
EL3,using,EL3
instructions,see,description
EL0,•,register
exceptions,is,case
value,point,bit
list,permitted,instructions
software,rely,result
traps,•,access
PE,copies,value
variant,encoded,vector
Instructions,load,registers
instruction,specify,instruction
exceptions,described,exception
event,ounting,EL0
data,Resolving,addition
list,ract,instructions
types,Supported,types
access,failed,registers
list,setting,instructions
instructions,used,PE
events,taken,PE
architecture,permits,PE
list,gives,information
PE,issues,instruction
read,using,mode
Accesses,•,cache
field,having,value
fault,occurs,translation
value,treated,addition
level,entered,AArch32
address,supplied,instructions
description,specifies,field
ARM,deprecates,th
list,=,result
stage,enabled,tables
access,includes,state
Software,execute,event
descriptions,handling,exception
Th,means,software
encoding,defines,bit
value,indicating,regime
type,signed,variant
Software,running,PE
Extension,Modifies,behavior
exceptions,following,mode
instruction,following,set
instructions,processing,instructions
function,floating,ARM
Field,descriptions,state
AArch32,encoding,exceptions
Table,shows,behavior
registers,H9,interface
registers,shown,table
address,tr,translation
instructions,generate,Abort
system,supports,execution
encoding,describes,encoding
AArch32,shows,descriptions
instructions,compute,register
Software,have,value
th,conflict,events
registers,used,exceptions
value,•,case
EL3,•,state
cases,•,traps
register,floating,bits
exceptions,•,PE
EL3,•,execution
execution,masked,state
control,causes,instructions
EL0,support,AArch32
registers,defined,interface
Instructions,nged,state
ion,stepped,case
list,makes,encodings
state,•,exception
PE,executing,mode
Access,acce,registers
control,accesses,registers
execution,using,AArch32
vector,uses,address
levels,using,AArch32
instruction,includes,implementation
value,routing,bit
architecture,requires,PE
value,depends,bits
size,considered,accesses
register,provides,size
section,Saturate,encoding
function,used,register
address,aligned,memory
instruction,generate,read
values,reserved,software
execution,ignores,fields
instructions,describes,state
field,determines,support
bit,used,exception
register,used,state
ARM,recommends,EL3
value,shown,table
values,implemented,field
control,supported,one
AArch32,lists,registers
accesses,treated,format
events,counting,state
values,permitted,Address
Operation,result<31:24,encodings
access,trapped,register
function,determines,example
bits,Indicates,state
value,read,implementation
register,supported,interface
Data,loaded,address
bit,•,state
entry,matches,level
bit,has,effect
tables,used,regime
Events,write,operations
entry,disturb,addition
Cache,support,instructions
Accesses,aligned,elements
PE,takes,example
encoding,causes,effect
Exceptions,taken,EL1
registers,register,fields
EL3,request,register
value,described,mode
Instructions,read,instructions
sections,following,state
Implementations,define,value
sections,following,instructions
registers,used,register
accesses,treated,accesses
control,permit,execution
tables,used,translation
cache,nvalidate,instructions
list,See,instructions
list,sets,instructions
registers,follows,software
bits,returned,state
instruction,takes,address
exceptions,generated,Breakpoint
instruction,floating,state
AArch32,Invalidate,entries
level,write,register
implementation,vary,instruction
value,have,bit
value,See,fields
debug,using,registers
Operation,subtracts,encodings
Data,accesses,set
PE,count,event
instructions,Floating,ion
table,walk,translation
description,taking,exceptions
memory,has,value
bits,following,value
address,executed,exception
registers,•,page
Fields,defined,domain
write,completed,location
software,split,execution
size,tes,size
instructions,provide,operations
requirements,taking,exceptions
value,treated,address
software,read,registers
EL3,including,information
registers,accessed,instruction
list,adds,instructions
architecture,require,size
function,shared,debug
Operation,elsif,encodings
field,take,value
stage,ted,translation
breakpoint,links,breakpoint
instruction,perform,access
Software,•,Use
Fields,affected,domain
fields,identify,support
variant,has,case
state,returns,execution
value,used,register
Software,use,instruction
bit,indicates,field
architecture,support,entries
fields,classified,control
vector,offset,mode
exception,curs,addition
requirements,based,domain
instructions,describes,th
bits,appear,register
exceptions,hosted,information
EL3,implemented,value
system,use,interface
encodings,describes,page
address,Read,value
field,trapped,instruction
return,taken,AArch64
field,indicates,size
values,has,bit
EL3,Performs,translation
Table,shows,information
instruction,read,register
list,causes,instructions
value,associated,case
EL2,implemented,bit
exceptions,taken,state
PE,marks,address
write,completes,location
accesses,read,accesses
Architecture,include,descriptions
Register,•,page
behavior,lists,instructions
behavior,using,levels
description,summarizes,operations
support,•,accesses
Register,accesses,EL3
result,differs,value
state,requires,implementation
translation,turned,regime
interface,override,controls
event,genera,entry
ARM,hosted,use
Exception,taken,exceptions
exception,taken,which
values,mitted,field
bit,force,regime
events,Counting,operations
AArch32,hosted,value
Type,faulted,access
access,uses,example
Behavior,returning,exception
encodings,write,encodings
description,applies,example
EL2,using,translation
register,ssing,register
format,summarizes,format
interface,encoding,state
field,Monitors,bit
instructions,access,set
value,ignored,one
bit,ignored,state
AArch32,Provides,Control
register,naming,register
list,writes,instructions
event,counts,access
exception,depends,operation
architecture,requi,instruction
PE,occurred,state
description,indicates,instruction
cases,•,bits
PE,halted,event
field,programmed,value
AArch64,implemented,value
ion,decoded,encoding
effect,occurs,register
one,use,cases
write,•,case
field,set,example
values,Permitted,size
address,indexed,register
register,has,value
function,checks,access
EL2,•,state
level,taking,exception
Operation,Check,encodings
implementation,provi,controls
set,including,example
implementation,perform,access
system,shows,translation
Support,change,Point
bit,ignores,bit
access,translated,addition
Exceptions,caused,instruction
register,register,System
register,defines,state
implementation,includes,implementation
cache,Write,which
instruction,executed,state
value,floating,exception
implementation,includes,addition
register,floating,table
instruction,executed,execution
exception,following,events
list,does,instructions
Operation,Signed,encodings
AArch32,Provides,information
Operation,sat,encodings
address,adjusted,size
System,using,instruction
Effect,determines,field
ion,instruct,vector
instruction,targets,regime
behavior,corresponding,system
extension,implemented,extension
Th,compares,values
instruction,following,levels
fields,•,result
implementations,supp,instructions
cache,invalidate,set
behavior,permit,access
Execution,using,EL0
Event,required,data
example,emulating,PE
exception,written,registers
execution,enabled,EL2
exception,corresponding,state
instructions,access,registers
register,floating,point
value,has,value
registers,includes,level
fields,described,section
Software,enable,counter
instruction,is,level
information,see,accesses
translation,regimes,number
instruction,rated,exception
exception,generates,exception
access,generate,fault
access,Complete,event
data,accesses,EL3
implementation,permitted,access
size,multiplied,bits
field,holds,reset
system,identify,Point
information,see,Requirements
System,register,state
types,attributes,location
Breakpoint,See,events
System,register,instructions
exception,generated,execution
register,encoded,field
value,determines,instruction
section,•,requirements
requirements,includes,architecture
debug,enabled,exception
instruction,applies,memory
translation,tables,control
mode,implemented,state
access,made,memory
AArch32,inst,encodings
counter,count,instructions
control,determines,behavior
instruction,compares,values
bits,ignored,read
number,Indicates,levels
value,Has,read
bits,•,registers
execution,enabled,EL0
instruction,causes,addition
Extension,implemented,regime
exceptions,is,state
tables,walks,Control
register,mapped,register
system,use,registers
AArch32,Holds,address
Exception,reporting,implementation
reset,change,value
Software,use,ion
variants,described,ion
description,gives,elements
exception,taken,AArch32
Operation,adds,encodings
PE,generate,system
PE,resets,state
value,permitted,registers
Support,states,levels
bit,defined,example
regime,using,regime
exceptions,led,EL0
function,makes,access
instructions,executed,instruction
PE,leaves,state
EL3,AArch64,Register
software,write,register
EL1,accesses,encodings
PE,ignores,value
mode,write,registers
section,ribes,registers
bit,indicates,memory
Cache,support,behavior
Instructions,accessing,fields
size,variantApplies,point
instruction,ensures,accesses
bit,applies,software
implementation,contending,event
values,disabled,field
execution,access,instructions
section,decoded,register
set,Providing,set
controls,apply,accesses
table,contain,entry
event,triggered,access
values,reserved,ARM
mode,supports,instructions
field,hold,cases
use,driven,use
EL3,includes,implementation
registers,accessed,registers
EL2,implemented,events
register,accessed,registers
execution,executes,implementation
access,Unaligned,access
state,defines,page
read,returns,one
Debug,•,event
value,•,state
PE,uting,EL0
one,generated,effect
System,registers,software
fault,see,information
exception,taken,example
access,registers,System
EL2,implemented,EL1
software,use,addition
Behavior,•,state
encoding,see,Accesses
stage,VMSAv8,stage
registers,relate,counter
register,accesses,AArch32
field,using,AArch32
effect,invalidate,entry
field,upports,levels
EL1,•,case
requirements,break,entry
Abort,caused,abort
operations,change,state
implementation,using,format
description,taking,exception
fields,shown,information
values,accesses,field
instruction,reads,value
events,counted,events
operation,=,variants
instruction,disabled,debug
AArch32,used,exception
level,using,implementation
traps,apply,EL0
instruction,reads,elements
ARM,recognizes,encoding
ARM,recommends,interface
AArch64,using,instruction
section,includes,encodings
address,aligned,fault
Register,controls,stage
ARM,recommends,event
function,trace,debug
variant,permitted,instruction
types,attributes,memory
events,counted,EL1
PE,determine,case
Execution,described,EL0
requirements,shift,mode
PE,removing,data
entry,meaning,Entry
bit,indicates,address
encodings,encode,instruction
instruction,used,elements
descriptions,following,exception
PE,checks,value
registers,provide,Extension
architecture,define,value
instructions,enabled,EL1
instruction,round,result
AArch32,register,information
Reset,ID033117An,reset
page,used,description
effect,failed,access
variant,Acquire,page
events,count,addition
which,lie,point
set,includes,instructions
range,required,values
Controls,•,EL2
event,knowledged,PE
value,genera,fault
address,supported,cases
implementation,stated,section
value,indicates,field
instructions,signal,system
format,supports,bit
level,•,state
list,nerates,instructions
table,walks,regime
reads,•,state
bits,ignored,registers
list,rotate,instructions
PE,has,instructions
exceptions,•,level
field,indicates,type
EL2,implemented,EL3
instruction,triggers,cases
System,•,information
software,Changing,value
implementation,shown,list
level,targeting,page
table,walks,translation
exception,see,information
access,write,data
address,accessed,access
exceptions,•,EL2
Behavior,entering,state
control,accesses,memory
registers,trapped,EL0
level,associated,fault
fault,•,fault
exception,branching,vector
Events,have,events
EL2,implemented,regime
types,composed,one
Th,ltiplies,values
list,observe,instructions
value,ecuted,bit
implementation,has,value
PE,detects,event
mode,rounding,instructions
levels,Meaning,AArch64
PE,tests,address
register,stated,register
Register,defines,cache
EL3,registers,access
list,offset,instructions
domain,is,registers
domain,=,types
Exception,routed,execution
effect,following,instructions
Th,decoded,access
system,lists,instructions
EL2,implemented,translation
EL2,trapped,instructions
effect,defined,cases
level,Describes,Level
Address,See,state
format,support,levels
state,controls,bit
elements,integer,variants
instruction,generates,exception
EL3,included,implementation
reset,using,EL3
exceptions,see,information
entry,held,state
EL0,trapped,encodings
instruction,create,operations
architecture,permits,accesses
instruction,acts,ion
section,describes,entries
encoding,floating,registers
value,fixed,case
state,entered,reset
implementation,fetch,example
operation,halves,result
instruction,required,stage
register,holds,value
entry,identifies,cases
Effect,taken,exception
control,using,AArch32
EL3,Compared,PE
description,restores,return
EL2,uses,EL3
tables,use,format
types,treated,memory
Traps,•,EL1
use,concatenated,tables
Execution,called,EL0
format,gives,access
PE,see,information
range,resolved,level
traps,apply,register
architecture,require,operation
Software,executing,EL1
instruction,register,instruction
size,encoded,elements
instructions,applies,which
PE,executing,example
architecture,assumes,system
levels,indicated,levels
exceptions,•,accesses
field,identifies,state
instruction,•,page
set,indexed,register
Accesses,enabled,registers
sections,describe,requirements
Abort,caused,Instruction
Software,access,register
EL3,using,EL2
registers,•,example
section,introduces,registers
Exception,see,information
Level,determ,information
register,register,page
address,supplied,size
EL2,Exists,state
registers,ded,list
registers,mapped,values
bits,see,control
traps,using,AArch32
EL3,executed,state
fields,follows,state
Th,customized,operations
Operation,esize,encodings
ARM,•,addition
Instruction,taken,ion
instructions,do,case
values,enabled,bit
cache,see,PE
address,hit,entries
mode,implemented,one
value,preserved,bit
state,includes,instructions
fault,rated,level
range,starts,address
translation,obtain,address
section,describes,exceptions
Execution,•,EL1
instruction,.HPMN,registers
events,Return,state
Implementation,permitted,state
bits,mapped,address
EL0,know,AArch32
Table,shows,system
format,starting,level
Example,shows,example
ARM,discourages,use
System,trapped,access
size,SEE,encoding
instructions,interpret,encoding
address,preceding,instruction
instructions,executes,instruction
value,returned,read
Write,trapped,accesses
entry,has,state
instruction,writes,address
use,described,data
encodings,exist,example
list,clears,instructions
entries,match,value
range,increased,table
exceptions,generating,exceptions
instruction,takes,value
bits,follow,behavior
information,See,exception
fields,standardized,instructions
requirements,changing,System
control,implemented,execution
registers,encoded,list
register,encoded,list
domain,powered,state
EL1,accesses,instructions
architecture,permit,EL0
implementation,has,support
which,performs,read
set,provides,access
System,registers,implementation
architecture,require,data
register,mapped,System
Software,rely,field
Register,•,example
instructions,lists,instructions
PE,writes,instruction
reset,.HPMN,state
registers,register,registers
bits,returning,level
instruction,compares,elements
Th,means,reset
Traps,apply,EL0
size,implemented,size
operation,floating,function
access,trapped,mode
address,held,field
exception,generated,return
registers,define,th
register,set,reset
registers,provided,access
value,read,register
events,prohibited,state
values,imply,AArch32
list,STLR,instructions
value,depends,format
function,returns,range
system,disabling,translation
exceptions,•,register
Traps,See,mode
instructions,executed,level
instruction,provides,software
write,guaranteed,tables
implementation,perform,architecture
list,includes,types
value,result,list
field,has,effect
Use,affects,th
format,defined,format
access,acquires,instructions
Operation,Vm1,encodings
ARM,expects,implementation
implementation,supports,accesses
Table,shows,which
Set,Ov,page
return,pass,EL3
size,generate,cache
requirements,accessed,registers
instruction,•,write
System,Fixed,values
EL2,seen,state
register,fected,reset
instruction,generate,exception
Operation,executed,event
location,making,access
fields,reset,register
levels,described,value
bits,depend,values
implementation,include,extension
exceptions,reporting,fault
register,follows,event
Behavior,•,effect
translation,described,translation
PE,executing,instruction
value,added,field
Th,affected,reset
values,trap,bit
return,•,state
list,shift,instructions
instruction,targets,set
levels,implemented,page
Th,used,example
field,indicates,example
value,permitted,implementation
description,entering,state
fields,re,register
sections,following,requirements
encodings,ode,set
memory,referred,example
Software,ensure,breakpoint
operations,pending,th
value,loaded,memory
encoding,encoding,exceptions
behavior,see,operations
exception,taken,ion
access,accesses,memory
Memory,see,descriptions
exception,Holds,state
PE,Depends,exceptions
Implementations,use,location
requirements,indexed,use
write,caused,write
instructions,allow,instructions
value,using,reset
architecture,requires,use
instructions,describes,page
Accesses,merged,system
operation,specified,field
data,stores,instructions
instruction,executed,values
ARM,floating,support
EL1,using,translation
fields,defined,register
description,control,cases
entry,remain,cache
instruction,generates,values
register,loaded,address
Behavior,permitted,access
table,concatenated,cases
sections,scribe,implementation
access,see,description
domain,contains,types
stage,permit,access
exception,taken,Exceptions
information,used,PE
implementation,based,event
EL3,implemented,bit
values,reserved,fault
exception,generate,event
domain,indicates,state
EL1,registers,instruction
EL2,accesses,registers
use,enabled,format
Write,asserted,access
encodings,perform,addition
registers,apped,page
bits,written,result
read,causes,reads
EL1,•,state
Th,decoded,encoding
accesses,itted,register
event,counts,exceptions
mode,allows,use
Exception,reporting,fault
mode,makes,mode
registers,implemented,implementation
breakpoint,generate,exception
ion,used,translation
size,=,variants
bit,corresponds,field
behavior,taken,exceptions
value,ted,breakpoint
format,determines,format
Operation,shifted,encodings
instruction,generate,case
instruction,implemented,EL0
Instructions,executed,result
Support,nsed,information
Execution,continues,address
level,implemented,AArch32
EL2,using,entry
PE,resets,information
register,updates,instruction
instruction,beha,state
operation,issued,Events
behavior,described,encodings
return,makes,EL3
instructions,defines,instructions
Extension,operates,support
implementation,provide,support
access,generates,example
mode,described,mode
fault,reported,instruction
table,shows,register
exceptions,taken,mode
bit,matches,bit
AArch32,accessing,register
register,comprises,field
instruction,shows,which
Stage,control,translation
access,matches,entry
Register,accesses,EL2
behavior,determines,field
operation,Describes,AArch32
values,ranges,translation
translation,indicates,regime
point,covers,list
Translation,split,stage
description,applies,levels
stage,has,translation
registers,oded,field
implementation,includes,state
EL2,executed,AArch64
registers,ID033117G1.18,interface
PE,reports,example
Exceptions,taken,EL0
EL2,generate,register
memory,abstracts,system
list,produces,instructions
interface,implemented,accesses
list,floating,registers
event,Linked,breakpoint
implementation,support,exception
information,accesses,section
level,change,level
Debug,registers,registers
number,is,tables
PE,fetched,instructions
registers,accessed,cases
exception,enabled,state
PE,taken,mode
value,defined,addition
descriptions,refer,instructions
Table,executed,instruction
reads,DBGDTRRX_EL0,reads
ARM,recommends,operations
EL2,provides,set
values,Defined,state
bits,•,address
Address,see,information
size,Dd,variants
Register,accesses,EL0
Data,trapping,instructions
mode,ac,memory
AArch64,ID033117In,regime
implementation,provides,regime
registers,using,state
PE,change,mode
registers,using,instructions
mode,Determine,case
breakpoint,programmed,exception
register,accesses,registers
section,Unallocated,page
list,Signed,instructions
software,executes,state
list,sat,instructions
Effect,register,entry
architecture,defines,registers
bit,indicates,state
entry,Write,entry
instructions,Move,register
Effect,taken,fault
execution,starts,reset
event,write,page
operations,•,state
instruction,taken,exceptions
breakpoint,enable,control
descriptions,contains,descriptions
EL3,ted,EL1
AArch32,Descriptions,state
values,permitted,type
instruction,•,variant
instructions,•,state
instructions,•,instructions
events,related,events
software,executing,level
breakpoint,See,address
Extension,recommends,implementation
exception,taken,EL1
instructions,attempt,register
section,floating,page
values,reserved,state
instruction,executed,mode
instruction,interleaving,elements
address,take,exception
mode,taken,which
list,=,address
Elements,loaded,register
memory,accessed,location
instruction,causes,state
value,has,bit
address,s,memory
field,defines,size
instruction,load,register
PE,Determines,software
description,returns,execution
data,',data
PE,executing,set
result,Floating,point
descriptions,show,entry
software,update,cases
EL3,provides,support
exceptions,enabled,level
address,indicates,register
format,Determining,stage
execution,achieve,level
fault,handled,exception
function,sets,PE
ion,decoded,System
implementation,VMSAv8,format
operations,encoding,encodings
ARM,recommends,use
Field,•,fields
EL2,executed,state
field,holds,information
memory,•,instruction
read,returns,value
variants,setting,register
table,excludes,access
address,accessed,entry
AArch32,registers,access
cases,apply,instructions
data,accesses,EL2
fault,generated,bit
Field,descriptions,events
domain,powered,behavior
register,specified,domain
exception,target,state
behavior,following,state
value,used,value
instructions,shows,state
list,register,instructions
encoding,Floating,point
instructions,shows,instructions
address,Check,fault
Instructions,accessing,registers
mode,selected,example
bits,indicate,case
instruction,loads,register
instruction,accesses,set
number,•,result
Access,control,System
descriptions,include,registers
type,called,breakpoint
instruction,execute,example
description,arch,ARM
types,defined,Translation
operation,doubles,result
AArch32,implemented,AArch32
architecture,requires,one
format,depends,format
traps,taken,traps
instructions,invalidate,cache
Reset,save,Debug
address,ponding,address
access,use,registers
memory,attributes,instruction
list,eferred,instructions
write,is,event
exception,using,level
PE,ignores,bit
extension,plied,variant
domain,accessed,state
software,ac,state
data,accesses,EL0
values,are,registers
description,generates,exceptions
system,registers,registers
software,running,mode
regime,describe,state
Th,updated,operations
translation,disabled,function
set,implemented,implementation
address,matches,entries
value,return,ion
Operation,calls,encodings
PE,takes,exception
memory,bits,level
set,describes,encoding
instruction,pped,mode
registers,Banked,state
function,achieved,state
registers,•,registers
Stage,See,stage
memory,ordering,variant
register,becomes,state
sections,following,stage
type,see,format
EL1,accesses,System
description,refers,types
EL3,R[n,mode
System,•,support
architecture,supports,reset
register,accessed,encoding
descriptions,relate,description
which,lie,th
entry,is,cache
state,defines,instruction
instructions,completed,state
EL1,implemented,value
encodings,encoding,AArch32
Register,access,example
registers,accesses,debug
instructions,providing,addition
sections,following,events
Accesses,generate,registers
architecture,defines,debug
value,pointed,entry
instruction,provides,cases
section,defines,descriptions
Traps,describes,mode
requirements,apply,instruction
ARM,Howeve,use
address,indexed,value
instruction,clears,address
exceptions,enabled,exceptions
level,taken,regime
encodings,shown,fault
encoding,encoding,exception
Software,treat,field
PE,records,exception
Register,returns,PE
Use,deprecated,events
requirements,depend,architecture
field,See,descriptions
instruction,extended,instruction
exceptions,provide,information
instructions,return,result
Cache,support,support
instructions,treated,instructions
value,returned,register
implementation,provides,implementation
regime,s,translation
value,held,bits
interface,•,example
registers,used,variant
descriptions,identify,cases
Exception,leve,effect
exception,•,information
field,resets,value
access,trapped,EL3
EL0,accesses,registers
instructions,disables,state
description,floating,operations
System,mapped,System
register,restored,value
Th,gives,information
address,refers,memory
descriptions,assume,AArch32
Operation,round_const,encodings
event,assigned,one
list,•,number
requirements,follows,accesses
software,determines,level
implementations,provide,addition
tables,affected,bit
return,see,events
value,shifted,bits
level,configured,vector
aarch32,specified,AArch32
use,return,registers
Register,taken,exception
Bits,Reserved,use
mode,used,exception
Extension,implemented,field
page,shifted,type
software,indicating,field
execution,trapped,instructions
registers,integer,variant
Exceptions,E1,page
type,VMSAv8,format
reads,described,requirements
access,aligned,function
list,following,stage
encodings,permit,addition
mode,•,state
mode,•,instructions
Interface,Recommended,registers
format,Indicates,level
EL2,implemented,EL2
value,•,bit
types,reserved,stage
level,Set,cache
format,used,stage
size,reduced,table
Th,decoded,instructions
execution,•,system
field,corresponding,translation
instruction,copies,System
Abort,taken,AArch64
translation,takes,address
instruction,follows,mode
bit,permitted,reads
System,=,domain
set,•,set
exceptions,•,Breakpoint
Control,•,table
event,causes,entry
one,applies,instruction
AArch64,meaning,tables
value,reserved,read
Operation,Shared,encodings
write,guaranteed,register
register,support,instructions
translation,regi,th
Accesses,resulting,EL0
access,register,EL0
one,following,cases
registers,executed,EL3
software,set,state
address,used,instruction
read,register,data
controls,means,translation
instruction,accesses,entries
software,permit,entry
mode,using,AArch32
stage,stage,state
event,•,example
Registers,described,domain
range,limited,stage
data,write,access
Use,•,tables
function,is,exception
value,holds,registers
state,governed,state
cases,cause,behavior
AArch32,has,value
address,called,exception
Description,defined,values
EL0,accesses,EL2
reset,using,EL2
EL2,implemented,EL0
sections,following,translation
descriptions,-mapped,registers
value,corresponding,field
EL3,controls,access
control,taken,AArch32
behavior,see,encodings
registers,have,Table
types,defined,translation
level,•,page
list,selects,instructions
state,determines,exception
access,occur,size
controls,apply,execution
abort,taken,mode
access,occurs,PE
elements,referred,elements
address,adds,instructions
state,gives,state
architecture,supports,state
translation,disabled,translation
instruction,rounds,value
register,cause,EL1
point,•,which
counter,•,page
values,reserved,behavior
entries,define,format
instruction,used,registers
instruction,complete,execution
type,describes,section
counter,count,Operations
events,counted,EL0
PE,suspended,event
address,accessed,th
fields,specify,size
EL2,•,EL1
address,translated,case
return,made,instruction
bits,indicate,fault
access,ched,memory
list,encoding,instructions
counter,counts,exceptions
field,has,value
read,using,register
Case,include,example
value,saved,field
EL1,writes,registers
implementation,described,section
use,s,translation
mode,share,registers
instruction,executed,EL1
ARM,using,AArch32
exceptions,taken,EL3
Register,passes,instructions
table,taken,exceptions
exceptions,Enabled,exceptions
software,Provides,location
field,indicates,level
exception,set,one
software,configure,size
stage,permits,execution
value,nvalidate,bit
location,permits,example
AArch32,Secure,page
mode,determines,set
implementation,include,bits
translation,using,format
registers,loaded,register
stage,programmed,size
architecture,associated,software
instructions,ecuted,EL1
Exception,fault,registers
PE,reads,value
instructions,load,registers
instructions,returned,instruction
read,returns,data
register,Banked,register
entry,aborted,instruction
EL2,implemented,exceptions
operation,generates,exception
level,caches,cache
field,implies,encoding
interface,mapped,registers
register,used,example
Accesses,trapped,controls
translation,generated,regime
abort,generated,mode
table,uses,descriptions
Controls,provided,Controls
Reset,describes,support
execution,register,EL1
behavior,held,case
instruction,executes,instruction
point,defined,operations
Operation,returns,encodings
access,accesses,state
instructions,executing,level
counter,counts,operations
register,described,register
list,lists,instructions
ARM,expects,implementations
exception,•,mode
event,Selected,fields
control,floating,access
fields,Entering,state
counter,count,events
exceptions,generated,stage
instructions,see,EL1
values,used,exceptions
exception,caused,instruction
Register,see,Register
Abort,caused,exception
bits,see,Access
instructions,floating,exceptions
list,Add,instructions
Interface,Recommended,debug
architecture,guarantee,cache
type,represented,list
Traps,implemented,mode
instruction,treated,instruction
fields,D1.7.1,state
Exception,taken,EL3
bit,including,accesses
exceptions,hosted,registers
abort,includes,implementation
controls,apply,value
Software,read,value
fault,generated,translation
field,give,information
instruction,performs,mode
stage,use,translation
Descriptions,ID033117I3.1,descriptions
read,come,location
result,programmed,instruction
EL0,using,AArch64
bits,•,state
return,using,level
requirements,cached,entries
Exception,reporting,Abort
implementation,used,registers
bit,corresponding,level
bit,corresponding,entry
instruction,executed,EL3
Software,load,instructions
implementation,comply,extension
exception,enable,controls
Table,shows,registers
values,use,variants
value,disables,bit
Fields,reset,register
EL2,implemented,register
descriptions,assu,sections
descriptions,following,AArch32
instructions,specify,level
bit,used,set
instruction,see,address
implementation,Indicates,instructions
value,permitted,state
value,permitted,instructions
encoding,executes,state
instruction,pies,value
data,re,implementations
event,issued,event
instruction,combined,instruction
description,extended,elements
value,permitted,range
Execution,•,level
instruction,required,entries
data,has,instructions
accesses,•,instruction
list,=,instructions
value,executed,example
fault,occur,access
write,ented,register
accesses,register,EL1
location,observed,location
translation,disabled,access
information,Floating,implementation
description,apply,bit
execution,•,AArch32
implementation,mapped,registers
abort,routed,mode
Operation,R[n,encodings
behavior,see,control
Reset,describes,Reset
instructions,floating,register
access,read,access
read,used,example
register,mapped,domain
registers,accessed,state
function,called,case
registers,accessed,instructions
stage,supports,address
effect,ocked,entry
AArch32,modes,which
exceptions,•,page
EL2,ate,EL0
instructions,made,instruction
value,denormalized,bits
state,•,registers
instruction,operates,set
EL1,using,EL2
control,m,format
encodings,classified,values
instruction,described,fault
description,checking,accesses
sections,give,information
address,borted,Abort
value,use,bit
information,include,exceptions
variants,taken,exception
PE,executing,addition
PE,put,example
return,•,mode
section,see,information
value,Offset,address
EL3,following,instructions
case,CheckVFPEnabled,list
write,using,register
instruction,retired,state
function,provides,addition
Software,•,example
format,provides,levels
Access,executableb,level
PE,writes,memory
value,returned,case
value,ignored,bit
architecture,describes,behavior
one,occur,event
Size,addressed,levels
instruction,required,accesses
EL3,using,AArch64
EL1,executed,AArch64
data,register,address
PE,ignore,value
PE,taking,exception
registers,•,addition
access,stage,translation
PE,resets,EL3
register,used,table
operation,nerate,exception
list,reverses,instructions
instruction,see,description
instruction,used,levels
list,flushes,instructions
PE,requires,cases
exceptions,routed,EL1
EL1,using,EL0
Counter,enables,Table
range,determined,set
descriptions,•,accesses
exceptions,generated,regime
Access,•,event
register,implemented,register
elements,multiplied,elements
access,misaligned,access
stage,read,translation
event,debug,event
type,encoded,elements
exceptions,generates,exception
Access,=,EL2
Cache,support,instruction
bit,walk,Abort
implementation,conform,architecture
sections,describe,controls
software,support,implementations
implementation,provide,registers
register,contains,bits
instruction,shows,registers
point,Floating,support
software,regard,value
value,means,register
addition,shows,instructions
values,Reserved,registers
list,extended,instructions
regime,referred,translation
registers,executed,instruction
instruction,writes,vector
field,defines,data
breakpoint,programmed,value
execution,cause,instruction
instruction,rounds,vector
return,makes,EL2
debug,uses,state
EL1,using,accesses
field,ignored,types
traps,sses,register
AArch32,Descriptions,Access
state,Shows,value
bit,programmed,value
value,floating,bit
architecture,quire,instruction
value,•,regime
mode,implemented,AArch32
bit,encountering,event
list,label,instructions
registers,use,registers
instruction,using,EL3
type,describes,fault
values,Permitted,field
controls,replace,cache
PE,accept,read
register,LDSETAB,memory
instructions,require,instruction
instruction,executed,PE
software,access,example
fields,allow,use
Memory,accesses,EL0
architecture,stage,stage
description,converts,function
instructions,targeting,regime
example,tr,event
Reset,returns,state
State,describes,state
implementation,combined,requirements
register,includes,fields
EL1,executed,state
value,ned,size
behavior,indicated,registers
which,mapped,control
Exceptions,caused,execution
exception,raised,value
bit,selects,field
state,supports,instructions
field,specify,breakpoint
PE,cancels,accesses
registers,See,page
Th,decoded,System
abort,walk,table
tables,used,AArch64
PE,enters,state
registers,ers,state
Registers,used,state
write,ignored,bit
instruction,excludes:•,state
level,supports,accesses
EL3,use,AArch32
exception,take,cases
access,mapped,register
Debug,hosted,debug
implementation,supports,state
reads,generated,memory
reset,deasserted,level
PE,performs,register
EL1,Taken,EL1
accesses,specifies,memory
section,describes,value
one,executed,encodings
values,Defined,mode
registers,determines,mode
EL3,shown,values
Traps,sses,EL2
instruction,reported,value
instructions,following,use
EL0,use,AArch32
instructions,using,EL0
instruction,Wait,Event
value,Floating,function
operations,using,format
Accesses,permitted,EL0
access,causes,abort
set,includes,regime
encodings,•,access
PE,ts,information
EL3,implemented,controls
entries,reflect,value
instruction,set,instruction
instructions,processing,set
instruction,disabled,one
exception,E1,instructions
Extension,provides,instructions
list,floating,encodings
PE,execute,state
PE,execute,instructions
values,refer,registers
read,write,registers
instruction,follows,EL3
Descriptions,assume,execution
Th,subtracts,elements
field,see,format
encoding,reserved,EL3
requirements,writing,case
architecture,guarantees,fault
size,floating,point
Instructions,see,information
EL2,provides,controls
Traps,register,mode
set,control,fields
System,register,access
EL1,ted,level
Debug,0x080,registers
bit,has,exceptions
registers,see,Extension
execution,•,instruction
events,Frontend,point
access,known,information
mode,floating,operations
data,written,cache
size,encoded,field
implementation,required,field
Exception,reporting,mode
Entry,change,state
PE,tr,PE
return,performed,instruction
instruction,generated,exception
field,identifies,support
sections,following,controls
Behavior,taking,bit
Support,registers,architecture
Traps,lockdown,EL2
exceptions,enabled,Breakpoint
list,add,instructions
read,has,cases
event,counting,implementations
PE,using,addition
operation,•,vector
list,•size,point
type,encoded,variant
section,describes,system
instructions,executed,state
information,Holds,address
registers,Howeve,reset
values,chosen,description
instruction,imposes,example
implementation,provi,support
event,taken,exception
accesses,•,registers
instruction,•,entries
event,Halting,PE
description,applies,state
address,refers,state
stage,generated,th
address,see,information
value,encoding,registers
Debug,shows,instructions
exception,Exception_Uncategorized,System
section,describes,type
instruction,cause,location
instruction,•,EL0
reset,determined,EL3
exceptions,generated,implementation
Implementation,includes,implementation
access,have,stage
Software,uses,event
Exceptions,taken,mode
which,Check,encodings
instruction,performs,EL1
EL2,using,AArch64
value,IGNORED,field
value,generates,bit
abort,taken,translation
use,used,bit
instructions,transfer,data
entry,ID033117In,implementation
exception,targets,level
data,generate,instruction
Implementation,implemented,Extension
format,see,control
system,shows,size
translation,using,address
accesses,see,description
Operation,executed,Events
access,trapped,registers
Accesses,trapped,register
sections,define,instructions
instruction,uses,register
PE,entered,state
level,using,AArch64
EL0,see,information
fields,set,cases
cache,hit,which
bits,set,reset
counter,support,case
instruction,multiplies,values
events,include,th
Accesses,generate,controls
Translation,requires,range
value,•,implementation
exception,generated,cases
register,becomes,mode
description,taken,exceptions
Behavior,writing,state
Behavior,ID033117In,state
register,cted,reset
registers,applies,which
PE,executes,state
bit,derived,result
value,ate,register
PE,executes,instructions
location,identified,level
Operation,means,breakpoint
table,refere,value
bit,debug,entry
bit,debug,level
execution,coming,reset
sections,describe,control
architecture,guarantees,instructions
list,s,Return
software,rmines,range
bit,read,instruction
event,count,accesses
software,Enables,debug
mode,Attempting,mode
EL2,provide,controls
behavior,•,case
EL1,•,traps
tables,implemented,table
function,moves,bit
exception,Copied,state
Field,descriptions,architecture
instructions,handling,page
value,see,register
stage,see,information
section,decoded,instruction
Register,encoding,register
implementation,cting,behavior
EL3,Provides,information
stage,using,translation
instructions,take,implementation
Software,using,register
data,loaded,cache
field,read,domain
Debug,quest,event
bit,disables,ion
registers,=,encoding
instruction,classified,instruction
ARM,recommends,value
types,gives,state
Registers,described,registers
field,taken,exceptions
list,dHi,instructions
read,return,case
bit,trapped,bit
EL1,support,execution
instructions,performed,location
behavior,executing,EL1
architecture,define,point
address,returns,abort
control,causes,EL2
event,count,exceptions
registers,ranges,addition
architecture,permits,return
entries,follows,EL1
register,using,AArch64
counter,increment,exceptions
memory,accesses,state
write,follows,address
level,provides,tables
format,•,access
access,trapped,EL2
entries,Specified,table
address,resulting,translation
instruction,adds,elements
table,shows,type
variant,SEE,encoding
exception,nerated,cases
implementation,have,cache
fault,taken,EL2
level,uses,implementation
EL3,Implemented,state
field,controls,breakpoint
instruction,subtracts,vector
encodings,•,read
register,register,field
bit,have,value
instructions,generate,exception
fields,using,PE
return,targets,level
instruction,trapped,EL1
Th,affected,value
entry,required,EL3
encoding,register,bits
PE,•,EL3
values,updated,write
instruction,ecuted,mode
Behavior,floating,system
instructions,have,register
AArch32,generated,EL0
control,causes,EL0
value,read,bits
EL1,•,EL1
state,see,state
instructions,listed,cases
breakpoint,aligned,breakpoint
types,attributes,types
fault,reported,encodings
implementation,require,use
event,hosted,behavior
Implementations,compliant,architecture
EL3,CNTP_TV,AArch32
instruction,AArch32.CheckITEnabled,description
registers,summarized,registers
event,count,operations
tables,defined,tables
value,ignored,field
registers,setting,bits
bits,perform,access
EL3,implemented,EL0
mode,•,mode
abort,ing,exception
list,iplies,instructions
table,following,values
EL1,mapped,fields
effect,generated,Location
instructions,generates,Abort
System,aliasing,encodings
value,executing,EL3
ARM,recommends,system
instructions,offset,range
system,supports,accesses
Exceptions,routed,mode
exception,floating,execution
instructions,implemented,EL2
instructions,specify,address
types,supported,instructions
field,defined,case
exception,taken,state
value,depends,which
register,deprecated,addition
event,wake,Register
State,taking,registers
Debug,Holds,value
bits,fetched,domain
fields,ignored,state
register,follows,AArch64
behavior,executing,EL3
format,provides,description
instruction,ensures,instruction
requirements,performed,instructions
values,permitted,field
registers,writes,which
access,fect,register
bit,generates,instruction
implementation,incl,EL2
field,defined,description
implementation,has,address
implementation,includes,EL1
state,d,state
th,VMSAv8,translation
traps,described,section
type,selected,bit
ARM,deprecates,use
PE,treated,domain
level,•,instruction
software,controls,level
behavior,pending,state
PE,add,data
abort,using,exception
access,generates,case
data,executed,Instruction
address,operates,entry
instruction,specifies,register
system,counter,system
Execution,have,instruction
EL2,use,AArch32
Effect,set,entry
execution,described,instructions
encoding,described,registers
Architecture,describes,Architecture
values,disabled,bit
type,defined,type
encoding,associated,values
implementation,treat,example
registers,describes,page
bits,set,register
values,Depending,instruction
PE,marks,access
information,includes,register
Controls,apply,operation
value,held,register
number,describe,sections
size,initiated,accesses
mode,Secure,mode
register,treated,cases
execution,guaranteed,instruction
level,changes,exception
description,register,operations
ion,instruct,value
encodings,include,field
instructions,continued,state
section,describes,example
PE,following,state
instructions,continued,instructions
list,read,instructions
exceptions,taken,EL2
registers,integer,BIT
EL3,implemented,implementations
address,implemented,range
Traps,register,EL1
field,permitted,case
values,load,field
bit,affect,size
description,used,function
section,covers,exceptions
return,involves,one
Field,reserved,use
elements,corresponding,th
exception,taken,th
counter,ignores,th
Field,descriptions,register
field,uses,encoding
EL3,implemented,state
value,programmed,value
EL3,implemented,instructions
instruction,treated,location
AArch32,Returns,address
vector,variantApplies,variants
implementation,includes,EL3
EL3,using,AArch32
controls,mapped,system
types,accesses,memory
control,applies,memory
access,made,regime
Operation,result,encodings
field,specifies,number
Traps,follows,EL2
Read,write,accesses
descriptions,ID033117Note,entry
Events,taken,exceptions
EL0,implemented,state
value,performs,bit
effect,associated,accesses
instruction,accessing,register
software,perform,system
PE,pending,Behavior
EL2,provides,instructions
EL3,ented,example
events,•,page
implementation,use,entry
ARM,recommends,operation
Bits,AArch64,Debug
Software,designed,architecture
addition,generate,exceptions
size,controlled,stage
event,counted,counter
write,sets,register
instruction,caused,exception
instruction,register,value
instructions,accessed,state
Abort,Entered,vector
fault,reported,fault
value,ignored,addition
EL2,following,AArch32
mode,uses,set
values,targeted,bit
EL2,implemented,AArch64
Register,set,PE
EL3,meaning,mode
field,specified,descriptions
implementation,handle,cases
software,modify,state
ARM,expects,mode
Instructions,accessing,instructions
values,tagged,field
fault,generated,fault
instruction,requests,function
instruction,executed,entry
instruction,executed,level
PE,set,state
Exception,return,event
use,nvalidate,example
value,indicates,bit
variant,Unallocated,page
cache,identified,level
reads,occur,register
execution,describes,instructions
section,decoded,registers
values,permitted,implementation
instruction,executed,EL2
stage,shown,translation
software,use,EL1
operations,Supported,range
EL1,holds,regime
behavior,remain,PE
bit,ignored,EL0
Traps,register,EL3
field,indicating,exception
Behavior,counted,Behavior
register,see,System
PE,executing,state
PE,executing,instructions
accesses,trapped,EL1
Level,bits,values
registers,Accessing,state
number,specifies,one
instructions,floating,mode
field,determines,domain
instruction,creates,vector
register,See,System
list,aligned,instructions
PE,Executes,instruction
behavior,register,System
description,ignores,register
instructions,ensure,instructions
support,recommends,ARM
regime,used,access
architecture,require,control
architecture,designed,range
exceptions,taken,exceptions
implementation,use,format
requirements,recommends,operations
instruction,taken,EL3
registers,•,state
registers,•,instructions
Page,Gives,address
instructions,modify,state
Reads,writes,accesses
ion,accessed,EL1
access,failed,debug
vector,used,level
address,marked,access
read,accesses,register
point,fixed,operation
instruction,•,exception
elements,SEE,encoding
instruction,executed,EL0
level,has,EL0
Table,shows,encodings
System,register,reset
register,executed,EL1
exceptions,continued,description
bit,ignored,accesses
value,executed,field
Instruction,see,information
encodings,listed,case
architecture,supports,types
bit,prevents,use
Reads,return,bit
domain,implemented,which
access,causes,EL0
events,passed,PE
field,described,instructions
event,enabled,registers
AArch32,registers,information
Reset,debug,registers
level,described,AArch64
information,following,EL0
bit,required,case
architecture,provi,bits
sections,following,use
register,required,implementations
Example,shows,state
write,requi,register
registers,provide,control
mode,=,value
instruction,generating,exception
stage,defines,address
effect,entering,state
instruction,set,field
entry,Determines,state
bits,Read,registers
Software,debug,exceptions
register,shifted,register
PE,resets,level
exception,generated,fault
size,preceding,instruction
register,recommends,use
cache,miss,which
format,provides,control
architecture,support,debug
range,Determining,level
Write,modes,accesses
entry,matches,regime
value,rpreted,register
instruction,affects,registers
table,•,address
levels,Implement,Implementation
entry,required,table
bit,fails,instruction
accesses,occur,size
exception,generated,control
instructions,have,effect
ion,split,stage
entry,addresses,level
values,supported,address
range,runs,address
Reads,writes,field
execution,generates,instruction
address,supported,translation
bits,restored,value
event,counts,result
Support,•,event
field,encoding,memory
bits,interpreted,field
section,Move,encoding
bit,br,register
accesses,•,number
accesses,•,memory
software,•,location
function,changes,mode
values,signed,instruction
address,shown,translation
Traps,accesses,EL1
mode,•,events
access,generates,fault
cache,Supported,operations
implementation,include,th
instruction,load,example
tables,VMSAv8,tables
requirements,defines,registers
encoding,formed,instructions
System,register,accesses
instruction,ISH,EL1
EL0,enabled,bits
Traps,describes,EL2
registers,implemented,page
Information,see,information
implementation,rts,accesses
mode,executes,state
controls,prevent,addition
fault,occurs,instruction
abort,classified,fault
list,gives,instructions
event,enabled,EL1
value,floating,point
access,increments,access
PE,ignores,state
domain,powered,read
description,shifted,instructions
Execution,debugged,software
instruction,supports,values
Software,executing,mode
accesses,mapped,interface
PE,behaves,value
exception,floating,operation
software,defines,table
AArch32,Reserved,mode
Registers,•,domain
vector,VCVTP{<q>}.<dt>.<dt2,variants
fault,nerated,fault
register,shown,registers
state,taking,exception
Operation,CheckVFPEnabled,encodings
stage,provided,translation
events,described,operations
type,floating,bits
register,updated,size
value,see,information
read,has,register
addition,prevents,instruction
fields,using,Registers
value,introduced,case
one,specified,instruction
operations,apply,implementation
EL2,using,AArch32
instruction,shown,table
execution,overflow,instructions
EL2,implemented,value
registers,packed,registers
instruction,guaranteed,memory
bit,depends,value
Use,Attempting,mode
exceptions,routed,EL2
information,included,implementations
register,utilized,bits
PE,enters,mode
Traps,register,access
bits,generate,exception
Bits,•,address
state,returning,exception
level,using,AArch32
architecture,defines,behavior
level,•,level
bit,written,instruction
level,executing,instruction
field,have,value
level,implemented,AArch64
EL1,write,accesses
controls,have,effect
which,shared,address
instructions,see,instructions
exception,generated,state
control,tr,accesses
Field,ignores,value
Read,Writes,One
PE,using,state
Instructions,executed,state
EL1,using,AArch64
access,floating,register
behavior,perform,function
controls,determine,accesses
Registers,loads,registers
abort,•,data
bit,implemented,operation
architecture,trapped,exceptions
Cache,miss,access
registers,associated,architecture
stage,causes,regime
list,applies,case
translation,enabled,AArch32
exception,occur,operation
exceptions,reported,instructions
EL3,implemented,one
register,•,instructions
value,applies,bit
value,contain,data
bit,taking,reset
EL1,=,instruction
instruction,supported,set
descriptions,taking,exception
bits,desc,table
vector,offset,value
System,register,register
behavior,D7.1.3,accesses
register,set,instruction
PE,accesses,location
PE,Means,tables
exceptions,enabled,vector
level,using,example
Use,describes,bit
controls,provided,register
execution,•,implementation
ARM,recommends,instruction
Execution,executed,instructions
Memory,accesses,size
Fields,affect,domain
AArch32,hosted,which
register,follows,domain
Registers,have,list
register,accesses,System
support,depends,state
level,described,value
size,provides,set
PE,do,event
types,taken,exceptions
description,provides,operations
register,•,register
values,read,System
entry,defines,table
bits,have,th
registers,offset,variant
System,see,instructions
address,adjusted,instructions
EL3,Disabling,instructions
Extension,implemented,Abort
variant,performs,instruction
elements,placed,register
effect,programming,field
System,registers,support
bits,used,result
Exception,reporting,information
PE,follows,state
EL1,accesses,Registers
set,divide,page
exceptions,m,value
counter,permitted,state
list,produce,instructions
EL1,reads,read
sections,described,exceptions
Exceptions,generated,result
behavior,documented,effect
EL2,taken,mode
bit,implemented,AArch32
effect,permitted,cases
Access,using,EL0
instruction,uses,mode
field,see,control
Support,using,Extension
field,programmed,behavior
access,permitted,implementation
sections,following,effect
Effect,disabling,translation
registers,apply,execution
values,signed,ion
AArch32,accesses,memory
list,contains,registers
fault,generates,abort
bits,s,case
bit,corresponds,bit
section,describes,registers
software,encounte,implementations
registers,ite,which
write,using,system
field,defined,value
reads,occur,System
example,see,state
EL3,provide,controls
value,.M,addition
Operation,executed,Operation
list,contain,register
events,wake,state
ion,trapped,exception
PE,required,set
fault,set,instruction
Table,shows,instructions
Extension,modifies,registers
value,taken,bit
ion,following,operations
translation,•,EL2
value,combined,level
instructions,used,level
registers,stored,register
software,re,value
Instructions,accessing,System
values,Defined,tables
system,registers,operation
state,includes,entry
descriptions,taking,description
exception,•,level
entry,•,table
format,entries,access
behavior,covered,bits
registers,trapped,EL2
instruction,meaning,implementation
register,see,page
description,describes,register
level,supports,execution
accesses,include,operations
value,Depending,operation
Accesses,•,registers
instructions,take,register
value,used,case
exception,•,EL2
counter,counts,operation
instructions,floating,support
instructions,permit,execution
exception,Shows,value
number,fixed,bits
value,gned,exception
access,reads,counter
value,stage,bit
level,•,field
PE,consider,state
list,encoded,instructions
tables,use,stage
registers,Holds,state
ARM,recommends,bit
Operation,occur,encodings
PE,described,state
register,defined,type
software,using,events
state,supported,level
support,having,value
case,applies,AArch32
translation,supports,range
requirements,using,AArch32
access,ricted,mode
address,See,translation
reset,using,fields
effect,step,exception
PE,take,exception
PE,apply,reset
value,stored,register
instructions,support,mode
section,hosted,exceptions
state,taken,event
types,controls,Instruction
value,has,effect
Event,clears,instruction
values,updated,read
registers,register,Descriptions
value,indicated,list
Fields,re,domain
ARM,breakpoint,instruction
Abort,caused,instruction
list,subtracts,instructions
field,permitted,value
range,depends,system
Register,calculates,address
registers,selected,set
entry,pending,state
PE,finds,access
events,following,state
return,taken,exception
list,shows,types
register,read,accesses
access,See,access
entry,specifies,table
instruction,executed,exception
Accesses,generate,System
registers,described,AArch32
Th,means,set
instructions,floating,operation
Accesses,referred,registers
entry,fetched,addition
EL1,use,AArch32
value,returned,instruction
EL3,Holds,address
One,become,registers
entry,required,EL2
registers,See,registers
traps,•,levels
variant,FNMADD,page
state,lost,registers
types,guaranteed,which
instructions,store,result
description,walk,translation
sections,following,information
result,returned,fault
table,register,System
value,used,encodings
register,indicates,abort
architecture,provi,controls
location,cleaned,cache
AArch32,associated,registers
size,determined,accesses
descriptions,give,information
control,permits,execution
Instruction,executed,Instruction
descriptions,include,information
Implementation,ofiling,Extension
EL1,reads,registers
ARM,•,PE
Read,register,System
instructions,suppor,addition
Exception,encoding,access
control,applies,execution
address,read,memory
address,used,register
value,executing,EL2
register,numbered,list
EL2,•,effect
return,•,level
operations,invalidate,th
exceptions,debug,EL0
EL2,trap,use
description,•,accesses
Software,identify,address
number,runs,system
EL2,implemented,AArch32
Traps,generated,description
value,permitted,bits
AArch32,describes,System
exception,taken,mode
abort,read,data
Information,recorded,field
instructions,abled,EL1
result,floating,operation
section,describes,debug
Exception,leve,reset
controls,Enabling,counter
event,counted,event
access,described,level
instructions,invalidate,instructions
PE,updates,register
information,included,description
Support,apped,memory
section,summarizes,System
registers,registers,registers
bit,has,value
encoding,associated,bits
result,sponding,vector
encodings,provide,System
counter,counts,example
instruction,initiates,access
EL3,using,EL1
instruction,generate,addition
table,see,information
AArch32,generated,Fault
level,hosts,software
bits,have,effect
instruction,uses,value
result,set,which
description,•,exceptions
address,accessed,instruction
encodings,used,fault
value,recorded,field
controls,accesses,EL2
value,executing,EL0
execution,trapped,instruction
ARM,recommends,registers
Accesses,accessed,instructions
accesses,mapped,accesses
instruction,affected,traps
EL3,taken,example
PE,choose,example
bit,written,reset
support,describe,support
elements,adds,vector
instruction,pped,exception
EL2,implemented,example
exceptions,GE[3:0,state
number,described,bits
Elements,loaded,registers
implementation,clears,function
Th,includes,exceptions
control,•,debug
value,based,Extension
Support,implemented,control
registers,Enables,Descriptions
instruction,fails,implementation
return,treated,EL1
mode,meaning,state
instruction,See,instruction
PE,determines,mode
register,using,interface
Control,walks,table
Exception,implemented,state
controls,accesses,EL0
Register,extends,encoding
EL3,•,AArch64
list,ESB,instructions
Register,apped,Descriptions
PE,perform,execution
description,•,operations
use,mapped,addition
values,permitted,implementations
effect,ordered,effect
instruction,compares,value
instructions,Floating,point
field,specifies,Address
stage,disabled,translation
registers,floating,instructions
system,Concatenating,range
instruction,treated,execution
register,implemented,AArch32
field,ignored,register
instructions,trapped,instruction
instructions,update,value
registers,described,Access
System,register,System
instruction,operates,value
debug,gives,controls
Use,concatenated,tables
fields,desc,table
fields,ammed,value
value,ignores,bit
Point,merged,cases
value,means,cache
implementation,includes,EL2
Register,OS,page
access,Accessing,data
instructions,have,types
EL3,implemented,mode
values,defined,field
size,overwritten,memory
interface,defined,registers
values,debug,field
exception,enabled,level
vector,considered,elements
point,causes,which
case,arise,implementation
system,include,memory
Bits,stage,data
stage,enabled,address
instruction,producing,result
abort,occur,th
instructions,executed,EL1
exception,turn,mode
Register,shown,list
value,means,data
debug,ExternalSecureNoninvasiveDebugEnabled,Description
information,used,data
bits,ignored,bits
address,has,value
address,permitted,ion
breakpoint,generates,exception
value,applies,field
mode,taken,use
behavior,reads,values
EL2,Applies,execution
list,added,instructions
implementation,quires,registers
list,Descending,instructions
list,ensure,instructions
fields,flags,state
registers,have,encoding
reset,change,values
implementations,follow,architecture
ion,hosted,exceptions
System,Trapped,access
reads,Writes,registers
behavior,affect,registers
Extension,implemented,bit
entry,guaranteed,cache
ARM,deprecates,value
number,implied,elements
ARM,recommends,software
values,reserved,level
section,decoded,encoding
PE,set,mode
entries,used,translation
access,generates,Abort
control,cause,instruction
instructions,following,data
list,MOV{<c>}{<q,instructions
values,reserved,architecture
type,integer,variants
traps,register,EL0
list,assert,instructions
types,cause,exceptions
field,meaning,value
instructions,cause,exceptions
encodings,include,instructions
Traps,register,EL2
ARM,targeting,implementation
software,debugged,instruction
exception,routed,mode
Register,set,register
Software,program,field
Encoding,executing,instructions
controls,defined,mode
register,archit,System
Extension,supported,state
Exception,reporting,level
support,see,information
EL2,means,instruction
Th,generated,instruction
data,offset,address
System,•,instructions
counter,read,access
fault,misprogrammed,bit
implementation,supports,bits
instruction,taken,level
encoding,described,Accesses
access,used,example
registers,ted,instruction
registers,have,encodings
instruction,return,result
behavior,issued,instruction
requirements,using,tables
instructions,following,example
events,•,event
types,VMSAv8,description
Bits,Reserved,registers
AArch32,match,registers
implementation,Implemented,AArch32
Implementation,write,translation
fault,walk,table
Instructions,accessing,page
registers,take,format
control,rmit,execution
System,AArch32,System
PE,fetch,instructions
implementation,provides,support
information,cached,entries
Behavior,lists,instructions
format,stated,levels
instruction,guaranteed,execution
fields,control,use
write,ignored,register
implementation,includes,exceptions
state,set,state
register,stored,address
instruction,copies,register
description,tests,operations
instructions,including,information
function,checks,exceptions
Exceptions,taken,EL2
exceptions,See,state
value,force,instruction
list,loads,instructions
Accesses,trapped,EL3
registers,see,implementation
Control,describes,access
registers,register,variant
instruction,•,type
counter,count:•,Accesses
value,generated,bit
exception,Taken,mode
which,following,result
EL1,using,AArch32
Exception,reporting,format
PE,controlled,state
requirements,•,System
value,produced,information
value,using,format
address,aligned,exception
field,Depending,values
Register,accesses,EL1
instructions,=,EL0
descriptions,taken,level
exception,requests,function
control,signal,state
control,apply,implementation
values,mask,th
Access,See,event
abort,write,read
instructions,count,instructions
implementation,•,operation
Exception,caused,use
value,saved,bit
accesses,causes,instruction
mode,execute,instruction
section,gives,description
registers,correspond,implementation
Field,descriptions,value
which,•,reset
instruction,allocated,level
instructions,op2,state
ARM,recommends,field
memory,Means,example
instructions,•,exceptions
pe,•,stage
instruction,encoding,mode
register,accessed,cases
EL3,registers,Debug
AArch32,Enable,access
write,uses,System
instruction,counts,number
value,treated,one
value,masking,tables
reads,include,reads
Operation,"Int(op2,unsigned",encodings
value,corresponds,level
mode,related,which
instruction,generates,fault
list,Send,instructions
execution,resumes,return
entry,refers,addition
instruction,updates,memory
instruction,result,behavior
value,applies,addition
list,=,point
Address,Derived,stage
instruction,executed,size
EL2,•,AArch64
encoding,accesses,register
Exception,taken,AArch64
access,accessed,instructions
encoding,instruct,instructions
Table,include,registers
accesses,trapped,EL0
section,organized,accesses
information,trapping,accesses
field,corresponding,value
operation,floating,vector
abort,taken,case
fields,•,bits
software,cause,exception
behavior,treat,encodings
ARM,used,PE
implementation,supports,access
translation,specify,size
description,transfers,return
register,desc,fields
example,following,example
descriptions,cated,registers
AArch32,returned,value
value,documented,value
data,writes,instructions
Register,CPSR,Register
value,resulting,exceptions
set,register,variant
