user_id	item_id	predicted_rating
1	260	94.6675
1	1927	95.0941
1	804	83.6874
1	3	82.8459
1	1009	83.1039
1	2406	87.8541
1	1587	84.7333
1	3671	94.8848
1	2617	80.3001
1	3053	94.9783
1	2571	92.6447
1	1222	98.3537
1	2137	88.3038
1	1377	80.1105
1	2395	85.8883
1	2761	96.9836
1	2641	78.8633
1	2872	90.2200
1	1258	96.5610
1	2700	92.6041
2	333	73.7338
2	122882	74.7373
2	71535	75.1054
2	46970	67.3229
2	58559	80.8462
2	80489	74.8726
3	5764	42.9096
3	647	29.0718
3	6835	42.9096
3	5919	56.3124
3	2851	27.6888
3	2288	45.1986
3	5048	16.4770
3	4518	55.1787
4	106	64.6613
4	1291	77.1163
4	3408	62.7477
4	265	63.6403
4	52	72.8613
4	4347	74.3531
4	2467	72.1588
4	908	84.6196
4	345	69.9113
4	1304	80.1201
4	1923	64.5854
4	2959	73.5391
4	368	55.8648
4	1219	80.2560
4	4765	68.9158
4	1199	72.3939
4	4166	64.2634
4	1732	72.7685
4	21	59.9452
4	2858	69.0604
5	515	72.9989
5	1	78.2452
5	364	78.7304
5	608	81.5341
5	290	78.8506
5	261	73.5800
5	34	70.5810
5	318	85.9958
5	21	66.7583
6	349	78.1862
6	318	89.3853
6	775	73.5875
6	141	76.2264
6	348	73.2125
6	104	78.5587
6	327	65.3947
6	410	72.4257
6	165	80.8121
6	87	69.9529
6	366	68.2168
6	17	81.3393
6	1084	86.9531
6	222	80.8141
6	16	75.6413
6	416	57.0527
6	277	72.1088
6	460	73.4255
6	867	64.4828
6	316	74.5591
7	8528	69.7432
7	3623	48.0115
7	8636	69.7497
7	8360	71.4158
7	1517	67.9925
7	466	51.2084
7	8373	43.4060
7	1220	74.2522
7	7155	47.9290
7	8808	45.9533
7	6863	65.0025
7	31878	66.8660
7	1610	72.8432
7	1219	77.7439
7	4700	53.2725
7	45668	50.3965
7	8970	66.1683
7	27741	68.4874
7	6333	69.8926
7	8865	47.2491
8	356	82.5262
8	47	80.0305
8	231	63.4344
8	318	88.7721
8	454	72.6537
8	292	67.6428
8	32	81.1088
8	141	69.9126
8	380	70.2891
8	252	66.7781
9	5451	56.8697
9	923	84.7247
9	5890	88.8959
9	2901	59.9842
9	922	83.7057
9	6044	65.0573
9	1987	65.0573
9	5378	69.8428
9	3735	71.4011
9	5447	55.0450
10	597	56.0501
10	33679	67.1771
10	8533	70.4063
10	8969	64.9843
10	72720	66.1120
10	88810	75.8506
10	136020	55.9786
10	6377	66.7626
10	5943	55.6584
10	109374	70.5041
10	113394	63.8920
10	61250	53.6304
10	82167	60.6458
10	140110	64.5316
10	5377	71.0695
10	77841	63.8920
10	6942	70.0290
10	1028	68.4879
10	72330	63.8920
10	66203	59.6984
11	733	78.8918
11	1584	80.2815
11	1210	88.0949
11	170	69.3826
11	1438	59.7425
11	648	76.4342
11	1918	64.3541
11	493	79.8800
11	10	74.7647
11	457	84.6519
11	1693	77.6929
11	150	82.4672
11	1923	78.8264
12	2717	78.8418
12	2100	79.1305
12	838	95.4018
12	2072	79.0318
12	1876	78.4355
12	2581	81.6794
12	6942	95.1097
13	3717	71.0161
13	3624	71.7495
13	3798	68.6680
13	2174	79.5348
13	47	87.0633
13	3893	76.5870
13	305	63.1009
14	344	59.4703
14	477	73.5050
14	110	75.9317
14	540	61.2384
14	597	69.0561
14	153	58.2923
14	592	66.6254
14	4	54.0341
14	539	70.6616
14	105	70.3333
15	91529	62.8309
15	7438	69.4321
15	111759	64.7449
15	2329	82.0519
15	1	76.8906
15	1909	72.9248
15	1240	79.7448
15	115713	65.6644
15	1200	82.2772
15	293	80.0867
15	2571	80.4323
15	3949	67.3949
15	120466	61.8391
15	1198	81.7532
15	2028	83.5785
15	2011	73.6372
15	158	50.3121
15	160980	67.8535
15	4306	72.2977
15	4022	70.8700
16	1230	73.4896
16	78499	74.8756
16	913	76.9700
16	1136	74.4182
16	1299	73.4809
16	1617	73.2956
16	1203	76.7494
16	3429	79.0190
16	2858	69.1210
16	608	73.1005
16	3683	77.0203
16	4002	68.0433
16	1199	78.9756
16	912	75.7263
16	2707	58.8618
16	5782	73.2724
16	1260	69.3108
16	319	70.5547
16	27773	75.4745
16	2109	63.9937
17	260	91.7684
17	64839	79.8053
17	296	91.8564
17	5952	87.3686
17	527	92.4472
17	1193	88.4402
17	3681	83.9087
17	1240	84.5777
17	2717	67.0719
17	2858	88.4068
17	1093	70.6177
17	81932	79.1848
17	5618	89.2187
17	50	91.2408
17	5971	83.7147
17	2959	93.0090
17	1201	85.3344
17	541	89.7337
17	82459	79.7879
17	1	86.5216
18	8117	70.0409
18	65596	70.0409
18	88094	70.0409
18	145283	70.0409
18	157110	70.0409
18	166015	70.0409
18	171023	70.0409
18	103253	62.2722
18	60684	78.1780
18	44199	78.8595
18	2	64.9108
18	86628	70.8770
18	59784	69.7187
18	2918	77.7919
18	109374	79.5644
18	4226	85.7736
18	53129	82.6068
18	139385	77.4204
18	47	78.2399
18	1291	83.0387
19	3692	56.2249
19	3662	49.6269
19	54	43.1028
19	2733	47.0826
19	1702	44.9087
19	1240	70.4830
19	1270	75.7902
19	3712	52.9378
19	1881	53.7982
19	216	56.3693
19	3	49.5490
19	1834	60.3565
19	2184	51.9960
19	3017	50.3519
19	2044	47.7154
19	2354	46.9496
19	2005	60.0822
19	3146	39.7898
19	3387	47.9998
19	2694	49.1754
20	1566	79.8520
20	5419	56.7344
20	4014	76.0307
20	2140	70.9309
20	586	75.4676
20	661	78.9343
20	3189	75.3941
20	5014	84.4484
20	1333	84.7145
20	4161	56.3905
20	3784	63.3543
20	1030	71.9642
20	5313	39.2719
20	2804	91.3836
20	2054	69.4187
20	34	85.6038
20	1097	85.0982
20	6358	72.7120
20	4519	65.1501
20	1722	55.5983
21	107013	65.0828
21	117922	65.0828
21	140301	65.0828
21	57640	76.8481
21	2985	65.0991
21	2990	80.6153
21	2717	62.6661
21	5418	70.5753
21	31433	61.6411
21	112175	78.4969
21	7153	73.4765
21	30793	62.4422
21	4446	74.9092
21	52973	70.4279
21	45186	75.0594
21	2023	70.3055
21	79185	67.4328
21	1721	63.6285
21	102125	71.0296
21	5459	62.5574
22	8961	48.3157
22	2723	51.3552
22	60950	31.8799
22	64575	37.8000
22	1193	65.2211
22	70286	46.1185
22	4993	62.1839
22	2160	68.7513
22	39183	44.6690
22	7147	50.3854
22	3996	58.7881
22	3481	57.4900
22	55765	42.5459
22	48780	51.9139
22	7361	58.7114
22	51540	42.9974
22	6711	55.8234
22	2968	67.4609
22	3949	54.6452
22	48394	46.2260
23	6234	64.1757
23	3996	67.6153
23	293	72.5508
23	1206	74.5976
23	1136	74.0433
23	1960	68.7861
23	7587	72.6330
23	3424	74.7635
23	3181	75.4393
23	2467	69.7125
23	1248	83.3661
23	1617	75.1873
23	6807	72.7131
23	1952	75.6661
23	6440	74.4686
23	1258	74.6397
23	1243	76.3680
23	1080	69.6918
23	8228	66.5751
23	1711	56.0277
24	1784	71.7493
24	2617	63.0353
24	111759	75.6211
24	134853	76.0860
24	58998	73.5976
24	1265	76.2196
24	1198	81.4126
24	3147	78.9294
24	1197	83.0835
24	1220	74.9154
24	2424	64.0975
24	5418	73.7139
24	72011	70.6876
24	54286	71.5244
24	27773	77.0570
24	64957	67.6961
24	356	79.8418
24	44191	75.0242
24	1682	75.6102
24	68358	74.8111
25	58559	100.0000
25	60069	97.2612
25	74458	95.4148
25	79132	98.4622
25	527	100.0000
25	260	100.0000
26	10	69.4435
26	34	72.5476
26	47	78.0404
26	150	74.8214
26	153	58.8024
26	165	71.7956
26	185	60.9624
26	208	59.2365
26	225	69.7918
26	288	66.7649
26	296	82.1358
26	300	70.7420
26	344	61.8168
26	349	70.7056
26	356	81.1498
26	380	69.3335
26	434	60.8338
26	454	71.4850
26	457	77.5844
26	592	68.2660
26	593	82.9275
27	1196	78.9169
27	2478	64.1598
27	2640	71.8543
27	3508	82.7200
27	3555	64.0565
27	1201	76.1149
27	3519	64.6944
27	969	77.9771
27	2080	72.1769
27	673	60.1027
27	2886	55.7544
27	2529	72.9665
27	1387	77.1094
27	1101	64.1321
27	1947	75.9467
27	1250	81.0209
27	1276	79.1990
27	3114	80.1647
27	1083	63.8284
27	3809	67.7372
28	27450	58.5672
28	60943	58.5672
28	61011	58.5672
28	63033	58.5672
28	5617	60.7048
28	59369	61.0446
28	60046	58.5672
28	507	53.4919
28	3300	57.3635
28	55094	57.4393
28	59018	58.5672
28	26695	58.5672
28	2951	65.4164
28	3006	59.9759
28	2231	62.2103
28	5418	69.1223
28	26812	56.2939
28	2058	52.1996
28	353	62.7819
28	61167	58.5672
29	98961	86.3240
29	7379	78.6578
29	1250	88.1898
29	1201	88.4697
29	111362	83.5377
29	48516	90.2361
29	1100	56.9201
29	26554	79.1919
29	3441	70.0605
29	4327	79.2765
29	2872	78.1455
29	2301	81.5600
29	1617	86.7556
29	3681	88.2726
29	55820	85.7135
29	4223	79.6775
29	99114	83.5740
30	5952	96.9699
30	108932	97.1507
30	1200	94.4710
30	91529	98.4092
30	116823	94.2762
30	112852	99.7914
30	1198	99.2659
31	1198	88.1191
31	1200	84.5581
31	648	76.5466
31	1363	71.2457
31	1073	83.8676
31	1036	83.0695
31	1197	88.5627
31	377	75.9067
31	1246	84.7519
31	1270	85.9181
32	236	72.0727
32	314	82.7230
32	1356	77.2280
32	357	75.9030
32	224	77.1551
32	627	78.3801
32	1079	81.7967
32	1084	81.0247
32	318	91.4820
32	761	57.4309
32	1197	87.6914
32	849	60.8143
32	912	87.0622
32	880	56.1670
32	1198	86.4511
32	58	85.5191
32	203	69.3914
32	608	85.5371
32	497	84.0695
32	410	64.5223
33	110	87.2418
33	17	79.7237
33	2396	80.5155
33	2272	75.4757
33	448	65.9045
33	428	72.1264
33	265	77.1225
33	1280	86.7602
33	1177	83.4865
33	1617	86.2564
33	50	86.4429
33	261	77.3365
33	11	80.4722
33	452	62.0174
33	345	81.0411
33	608	85.9287
33	150	82.7310
33	1188	76.4946
33	800	82.6339
33	2690	77.3970
34	780	63.3086
34	2273	61.9118
34	3717	66.4182
34	26606	73.2502
34	45499	69.4324
34	3996	77.0787
34	4310	65.5433
34	3624	65.1017
34	31685	66.0446
34	1721	67.3892
34	5146	70.6294
34	7090	84.7530
34	70	66.0569
34	2006	63.9457
34	3000	81.8340
34	4306	74.6165
34	27728	63.5045
34	3997	49.2784
35	11	84.3612
35	185	72.2084
35	595	86.4345
35	21	80.7546
35	300	82.3951
36	5171	35.9596
36	3066	63.5194
36	552	39.6079
36	4025	36.5509
36	1262	58.0498
36	2735	40.9341
36	2359	52.5542
36	1372	45.6614
36	1278	57.3195
36	2194	54.3040
36	3347	65.6254
36	1704	54.5423
37	344	73.4408
37	356	91.5814
37	661	79.8171
37	329	78.5043
37	457	88.0189
38	434	54.0939
38	39	59.2292
38	223	67.5397
38	161	66.2901
38	246	79.0462
38	168	54.2787
38	273	55.2299
38	480	67.9047
38	356	76.2160
38	457	72.0894
38	364	72.4123
38	50	77.4452
38	500	63.5275
38	300	65.1543
38	551	65.8652
38	21	64.3048
39	2571	90.6268
39	2391	80.4352
39	1921	85.2783
39	1862	49.7994
39	1219	85.3794
39	1907	71.7881
39	2081	69.7600
39	2459	65.5116
39	924	85.6626
39	2529	77.2423
39	1729	76.0728
39	47	87.0497
39	260	93.5083
39	2080	62.7466
39	592	74.3534
39	296	90.6161
39	3213	83.4997
39	610	71.9579
39	589	86.5062
39	596	65.1720
40	440	77.1998
40	454	74.5932
40	588	77.6324
40	339	73.4287
40	158	60.1184
40	432	54.4727
40	431	77.8709
40	186	56.8438
40	616	78.9302
40	514	77.3729
40	21	75.2005
40	592	70.9245
40	1	81.3227
40	223	82.3883
40	585	62.5581
40	216	74.6839
40	104	71.5908
40	371	81.6876
40	111	85.3946
40	267	66.6522
41	96829	74.3767
41	64839	71.7801
41	122882	60.4436
41	6287	58.0295
41	1569	57.4928
41	106920	67.7708
41	86781	81.7478
41	3160	65.7061
41	1721	55.4558
41	2028	61.2383
41	6763	44.0432
41	5418	68.7796
41	53519	57.1121
41	122904	60.2370
41	55247	74.3112
41	924	58.8441
41	4011	69.3477
41	2324	74.3679
41	35836	64.1548
41	5995	81.9006
42	3869	80.3831
42	4654	68.8892
42	1021	57.3386
42	2423	74.5077
42	3248	50.1241
42	4477	58.7519
42	2500	51.8774
42	1431	53.8983
42	195	69.1664
42	3326	73.5938
42	2407	69.4835
42	1090	78.9613
42	2735	67.1909
42	3693	62.0060
42	1020	73.1898
42	4545	71.7460
42	4132	62.8464
42	2263	63.2028
42	3535	84.4767
42	2805	60.6873
43	225	85.6652
43	296	95.6726
43	596	95.9512
43	588	89.2089
43	587	86.0130
43	420	76.3949
43	158	82.7453
43	631	98.5560
43	5	81.9446
43	597	85.1519
43	168	80.8086
43	355	75.0719
43	47	92.5143
43	367	82.2376
43	519	76.7855
43	594	94.9989
43	236	85.4003
43	1	95.5696
43	60	95.1739
43	259	92.7431
44	36	73.6096
44	663	74.4367
44	12	52.1058
44	661	65.8122
44	94	79.6628
44	1	78.0383
44	104	68.4909
44	112	66.1159
44	494	69.5017
44	889	70.7150
45	2718	73.7921
45	1036	86.5968
45	2028	92.7338
45	1653	86.3947
45	1682	89.7075
45	2396	81.4275
45	3249	66.0370
45	261	80.1964
45	4308	86.8698
45	329	75.7148
45	1367	66.8107
45	2890	74.9328
45	593	94.6795
45	1127	73.8757
45	2431	71.9541
45	6377	96.7554
45	569	59.2209
45	1197	89.7861
45	1060	82.0275
45	2858	91.8182
46	590	85.1637
46	588	86.3949
46	315	73.0445
46	208	71.2012
46	1	88.3788
46	432	65.0488
46	225	80.8092
46	434	71.8859
46	339	78.9134
47	508	61.2305
47	68932	66.5965
47	72395	65.6393
47	2420	53.9332
47	597	52.5722
47	148626	63.9919
47	5989	56.6354
47	96588	61.8146
47	69122	53.4068
47	6155	50.0940
47	4975	52.0570
47	30749	62.0744
47	106100	66.2808
47	45950	66.2348
47	2028	62.2376
47	4018	48.6556
47	1259	60.2046
47	6373	48.0937
47	33166	58.2548
47	2407	50.5651
48	4886	87.7860
48	1320	77.3197
48	1527	86.0212
48	1193	92.7884
48	3793	84.5594
48	48	76.2725
48	1653	89.3598
49	2028	88.8379
49	1214	85.9859
49	139385	85.0361
49	318	93.5059
49	527	89.5073
50	8143	53.9597
50	114335	53.9597
50	136564	53.9597
50	142074	53.9597
50	171759	53.9597
50	175693	53.9597
50	179073	53.9597
50	175707	53.9597
50	71264	45.6853
50	82848	53.9597
50	1377	51.9156
50	44555	67.0254
50	8157	62.0927
50	6807	66.5364
50	95543	38.7804
50	8253	59.0030
50	96610	44.8720
50	924	69.5478
50	32875	53.9597
50	4896	55.3276
51	7040	76.4998
51	5620	66.0585
51	2613	61.9180
51	4437	91.5699
51	2023	73.9921
51	1500	82.1995
51	522	83.4142
51	858	90.8792
51	4508	84.4749
51	2951	90.3947
51	1014	79.3284
51	1407	67.6777
51	2282	64.1452
51	2420	82.3347
51	3388	56.9692
51	260	87.6048
51	3186	80.3318
51	3994	64.6428
51	3501	72.1015
51	2371	74.2714
52	152081	90.4217
52	51255	93.6229
52	74458	91.8709
52	1923	82.5666
52	7438	91.5902
52	40583	86.6120
52	59784	82.7670
52	55765	93.7002
52	112852	94.9656
52	86892	85.0516
52	55363	94.1502
52	112138	87.5088
52	49272	93.9886
52	52245	79.8460
52	69481	96.5015
52	50794	76.9642
52	1704	91.1736
52	54736	91.6842
52	44665	93.9542
52	47200	81.9614
53	481	96.1514
53	1100	85.8244
53	249	100.0000
53	1125	100.0000
53	916	100.0000
54	296	68.8243
54	593	69.6825
54	639	48.5326
54	1	64.5842
54	205	52.6428
54	161	59.8292
54	500	54.9993
55	2407	40.9630
55	673	43.2003
55	3275	75.4627
55	2890	55.2766
55	4011	72.6712
56	786	73.0484
56	253	82.4690
56	165	82.7532
56	110	89.5608
56	589	88.9481
56	370	73.4785
56	434	70.9553
56	410	74.6900
56	69	84.7759
56	185	71.5992
57	2140	67.6037
57	942	80.6228
57	920	78.0780
57	3175	74.0348
57	1784	76.7703
57	3429	79.5788
57	933	87.0035
57	1193	91.2764
57	3446	54.7882
57	160	49.0886
57	1499	28.2667
57	2640	71.0002
57	892	67.4190
57	11	71.1401
57	2947	75.4104
57	6	75.4673
57	2478	55.6468
57	2291	78.9410
57	1688	64.7912
57	2301	66.9378
58	588	87.0795
58	282	73.0906
58	185	67.5843
58	419	62.4897
58	367	75.9292
58	277	74.1395
58	48	73.7451
58	280	86.8270
58	337	80.3986
58	345	83.4796
58	3	74.7703
58	357	79.4533
58	527	95.1584
58	587	77.5447
58	218	75.5706
58	500	78.5437
58	508	82.0365
58	368	78.8216
58	364	89.7382
58	353	79.5526
59	1696	74.9853
59	6460	99.9053
59	3489	69.4525
59	1188	86.3181
59	1222	84.6381
59	2076	87.4781
59	3448	82.0029
59	1263	89.4109
59	1247	84.5023
59	527	83.8965
59	1244	91.2979
59	904	91.2246
59	903	92.6781
59	965	88.8224
59	2616	70.0035
59	1953	85.5614
59	608	83.6767
59	105	78.0604
59	912	89.9299
59	3471	83.0409
60	832	67.9230
60	58559	80.2630
60	805	69.8165
60	455	51.8039
60	858	81.5623
61	266	73.6664
61	1101	73.2213
61	7438	83.6067
61	173	60.4772
61	555	80.5906
61	2012	74.5719
61	4878	84.6371
61	3949	82.8658
62	99114	87.7619
62	176371	82.4620
62	3793	82.5379
62	56757	81.2716
62	73017	86.9822
62	30793	74.3317
62	179819	69.0407
62	68554	75.8814
62	185135	81.8834
62	168248	88.7762
62	5903	88.0238
62	4878	95.3144
62	2028	93.3117
62	5502	78.2795
62	6058	64.8644
62	344	72.4755
62	1721	77.4414
62	45499	77.4247
62	41566	80.8582
62	78105	63.8630
63	5669	67.9481
63	4246	61.5242
63	48780	75.9122
63	500	65.4359
63	6016	78.9344
63	31658	76.2613
63	2858	73.6914
63	64285	80.0619
63	85414	74.1717
63	1221	81.4831
63	106696	75.1177
63	4963	67.5658
63	50	83.9079
63	1097	70.2941
63	260	81.3879
63	110	77.0032
63	1222	75.6807
63	4979	63.8499
63	5952	72.9329
63	77561	69.5456
64	5878	86.3125
64	3101	68.5285
64	2640	73.9523
64	2959	86.6358
64	8784	77.9836
64	2054	59.0016
64	4239	79.3345
64	4025	61.2584
64	5026	79.8009
64	40819	80.5815
64	266	72.1137
64	2699	62.1952
64	27266	83.1668
64	3969	69.3564
64	1805	64.7333
64	6296	82.9192
64	4776	76.7962
64	3148	78.8787
64	4262	81.4272
64	356	82.6932
65	1246	81.2567
65	33660	83.3027
65	7458	72.3810
65	2329	85.1819
65	4993	83.7018
65	91542	75.8023
65	3147	83.3323
66	593	86.7491
66	47	81.6445
66	5418	85.1737
66	922	92.4915
66	2139	83.4172
66	2956	75.3700
66	3745	78.2340
66	1956	90.2100
66	4581	76.1348
66	5349	78.9706
66	1210	80.8930
66	1094	76.8097
66	2001	68.1953
66	380	74.0975
66	6539	86.9849
66	671	77.5399
66	1	82.1075
66	6378	83.7256
66	7766	86.6660
66	296	88.2457
67	99114	78.4076
67	4306	76.9992
67	27193	87.6485
67	79132	79.9334
67	60069	79.8471
67	2012	70.8380
67	4886	76.5550
67	4993	79.0781
68	47978	65.9999
68	95218	65.9999
68	6534	50.4185
68	48696	60.9463
68	67267	77.3293
68	30825	65.9814
68	1799	65.4237
68	3556	65.8569
68	8622	65.7993
68	4351	62.7753
68	63113	70.6110
68	58295	70.1516
68	7151	61.2594
68	2413	66.4759
68	6287	64.4109
68	653	58.2347
68	41566	72.6367
68	5541	55.8320
68	260	80.1891
68	48043	66.2806
69	4370	83.9422
69	4848	95.3479
69	3671	94.2552
69	2476	93.5470
69	1193	98.3542
69	356	96.5099
69	553	91.8293
69	4022	89.7780
69	260	99.3901
69	3994	86.9074
70	1193	88.4066
70	1097	82.5283
70	1914	82.1404
70	1269	86.9144
70	4995	85.9484
70	318	92.6154
70	8949	82.9375
70	1968	82.8837
70	1210	87.6074
70	89492	83.7796
70	1250	90.9815
70	1235	95.3548
70	2366	77.2842
71	494	73.6251
71	647	73.7794
71	736	69.1200
71	95	63.6702
71	733	75.4067
71	589	80.8609
71	7	65.2899
72	1047	74.0059
72	150	82.7396
72	858	93.2213
72	2490	78.4775
72	1357	87.4421
72	260	91.9312
72	50	91.0265
72	1198	91.4078
72	1196	89.4993
73	1193	84.1730
73	45720	71.8913
73	105037	59.3078
73	6333	81.4063
73	59315	83.7166
73	76293	68.6220
73	138204	64.4146
73	2706	71.6478
73	152081	85.8204
73	45221	58.5886
73	68135	74.6839
73	150	77.6822
73	8376	73.7293
73	93510	81.2557
73	59784	78.8084
73	116823	85.9827
73	106072	80.4763
73	1682	81.3917
73	52245	70.7768
73	35836	72.5834
74	31522	77.7097
74	2594	81.2306
74	2908	81.8068
74	30749	85.9884
74	6870	83.5965
74	3006	80.5187
74	52281	81.8249
74	49772	82.2547
74	55118	86.4639
74	2997	89.2863
74	6305	82.8257
74	608	94.0701
74	4546	85.5911
74	41863	84.4134
74	27773	88.8365
74	6001	85.6296
74	1251	95.0796
74	6552	81.5232
74	46976	80.9625
74	44555	94.6178
75	5445	65.9817
75	1240	66.2839
75	5952	72.1656
75	2193	61.7749
75	6870	64.5249
75	2529	69.2641
75	168	47.4541
75	541	72.0837
75	3176	60.5571
75	1962	61.1636
75	2078	67.2145
75	1889	61.0915
75	1266	74.5338
75	1374	67.8176
76	48877	57.1509
76	5956	56.6813
76	2918	67.6350
76	58803	62.1765
76	1247	69.6350
76	74458	61.0632
76	7669	67.2380
76	79132	63.3846
76	8957	48.5483
76	858	79.5975
76	55820	66.2021
76	1258	75.8121
76	63436	66.5189
76	1201	74.1541
76	1208	77.4812
76	48	34.0335
76	288	55.9278
76	34405	64.7288
76	1	60.8238
76	1196	73.9494
77	3996	79.3334
77	4973	85.6200
77	7361	84.1653
77	8636	78.6552
77	3578	81.4502
77	33794	78.1331
78	296	79.4966
78	165	71.5498
78	3809	64.6909
78	589	77.3883
78	546	41.4910
78	27904	67.0005
78	260	82.0872
78	590	71.8013
78	480	71.3311
78	68791	64.2785
78	344	60.8336
78	44974	64.2534
78	380	67.4507
79	3266	98.0120
79	3029	78.0358
79	589	86.8337
79	1916	82.5552
79	307	89.1475
79	4005	76.8566
79	260	92.6038
79	1189	94.1111
79	1345	78.1618
79	2000	81.8297
79	1374	85.9067
79	2659	78.6383
79	2076	86.4097
80	7445	88.9064
80	96691	81.0512
80	84189	81.2087
80	91630	86.3779
80	49530	89.0803
80	8950	92.5908
80	6539	89.7148
80	4223	89.5054
80	5630	85.4348
80	3527	87.1731
80	76251	87.9546
80	80363	73.0423
80	52604	88.1120
80	6502	91.9814
80	34048	83.7983
80	1221	95.8893
80	60684	90.7059
80	6952	73.7539
80	5989	90.5316
80	77561	85.1722
81	10	69.4435
81	32	79.3729
81	47	78.0404
81	110	79.0763
81	150	74.8214
81	153	58.8024
81	161	72.5119
81	165	71.7956
81	208	59.2365
81	231	62.4603
81	288	66.7649
81	296	82.1358
81	316	66.6779
81	318	86.9491
81	329	67.1286
81	344	61.8168
81	356	81.1498
81	364	79.0946
81	367	64.7850
81	377	69.4599
81	380	69.3335
81	457	77.5844
81	480	73.0938
81	588	74.7867
81	589	78.2071
81	592	68.2660
82	6886	70.9768
82	2381	58.2059
82	2378	63.0974
82	6566	62.9064
82	368	72.0508
82	6536	79.9631
82	3253	72.7779
82	4310	69.4945
82	1608	69.7555
82	1372	65.8944
82	145	71.1172
82	356	80.9331
82	6708	83.5267
82	1485	65.1200
82	4369	71.1378
82	6564	61.1488
82	6888	56.6455
82	5803	60.9926
82	4015	66.7091
82	364	75.0106
83	56367	65.1483
83	7143	66.8843
83	7323	65.7934
83	6539	68.1198
83	161	67.4061
83	586	50.2043
83	2115	63.7517
83	1270	72.6792
83	6874	71.4778
83	2324	81.0302
83	1537	71.1003
83	7153	74.0106
83	68954	71.1592
83	48774	67.9829
83	30749	67.6699
83	8014	77.4366
83	1222	73.0831
83	3753	54.4291
83	1223	71.4465
83	64983	55.0437
84	55	69.7090
84	987	69.7090
84	912	83.3079
84	1096	76.5764
84	420	57.1280
84	1227	82.1945
84	113	61.3007
84	580	63.5033
84	5060	80.6095
84	1293	77.7253
84	900	71.6101
84	1097	72.9322
84	62	78.5374
84	368	71.2293
84	1305	75.0375
84	1247	77.1913
84	1296	77.8901
84	11	79.9753
84	1073	74.6595
84	1094	71.5538
85	1519	69.8834
85	1624	68.9086
85	1140	69.8834
85	1694	59.8738
85	1643	73.5560
85	1747	67.9243
85	1635	80.4949
86	4993	83.4700
86	4310	66.0251
86	6947	78.4231
86	2411	66.8513
86	457	80.2875
86	5418	78.1895
86	3996	79.4176
86	4901	75.4453
86	1835	75.2327
86	33794	79.0900
86	1196	83.6764
86	3555	73.4127
86	1097	78.2868
86	2687	73.9946
87	4023	69.1550
87	2009	76.1576
87	3504	87.8493
87	671	76.7417
87	2139	80.3508
88	7312	74.5878
88	74795	75.4552
88	4993	91.2041
88	68157	91.5545
88	5952	89.5951
88	1193	91.2285
88	223	85.5271
88	8665	84.3396
88	4262	86.9886
88	56782	96.0290
88	8677	71.8426
88	58559	92.6923
89	26645	65.5123
89	32060	65.5123
89	44851	65.5123
89	53280	65.5123
89	53578	65.5123
89	67888	65.5123
89	69211	65.5123
89	81087	65.5123
89	84246	65.5123
89	103602	65.5123
89	108078	65.5123
89	109596	65.5123
89	118894	65.5123
89	121007	65.5123
89	128089	65.5123
89	128944	65.5123
89	131098	65.5123
89	131439	65.5123
89	134847	65.5123
89	140481	65.5123
89	146684	65.5123
89	148632	65.5123
89	150554	65.5123
89	164226	65.5123
89	30793	47.5876
89	169912	57.1428
89	87869	64.1050
89	1923	45.8066
89	4015	45.2934
89	950	63.0627
89	173253	65.5123
89	2324	56.5083
89	27826	65.5123
89	92259	70.2674
89	11	41.7749
89	3977	38.0414
89	86298	61.8082
89	8154	57.1733
89	77688	65.5123
89	2997	48.6073
89	170837	65.5123
89	49274	52.1973
89	157775	65.5123
89	1	50.3938
89	142196	65.5123
89	99117	61.2573
89	62008	65.5123
89	72624	65.5123
89	108156	60.2711
89	3752	54.3955
89	2059	54.1829
89	128520	70.8054
89	3175	45.1270
89	133879	65.5123
89	48649	65.5123
89	126088	65.5123
89	5529	69.4458
89	65588	65.5123
89	99130	65.5123
89	40962	67.9628
89	1732	52.5752
89	68659	56.9027
89	91666	65.5123
89	2683	42.8165
89	3751	51.1049
89	750	48.5703
89	6650	50.3412
89	149508	65.5123
89	2395	42.4695
89	51575	57.3151
89	65230	56.6431
89	171751	65.5123
89	85881	78.0890
89	139157	65.5123
89	6863	52.9097
89	4246	55.2495
89	108949	69.9779
89	1230	44.2730
89	160567	67.3392
89	73319	57.2407
89	177185	65.5123
89	130520	67.4809
89	5220	47.8791
89	121338	65.5123
89	153386	65.5123
89	50872	62.0666
89	149566	65.5123
89	145491	65.5123
89	4890	52.9563
89	129354	55.7563
89	32243	65.5123
89	84944	66.7146
89	6402	65.5123
89	1288	48.3951
89	140133	65.5123
89	119141	63.0291
89	947	58.7775
89	176621	65.5123
89	4973	61.5956
89	158398	65.5123
89	69469	65.5123
89	54503	59.8446
89	141928	65.5123
89	102481	64.6771
90	1137	77.9132
90	1144	77.9132
90	581	82.8865
90	81	75.2296
90	892	86.9274
90	1073	81.2308
90	116	76.1981
90	896	79.1161
90	17	82.3545
90	7	68.9515
90	613	75.0920
91	3013	67.8220
91	6395	67.8220
91	8147	67.8220
91	7153	88.1077
91	3360	71.7318
91	2791	79.4289
91	3897	70.9828
91	1080	74.4472
91	4850	70.7582
91	3429	80.1656
91	7000	61.9374
91	2060	64.9393
91	2916	75.2025
91	1391	64.6342
91	2100	58.4303
91	318	89.6264
91	2146	63.9950
91	1225	80.4575
91	1246	73.5144
91	8501	77.0043
92	2572	83.9400
92	2114	84.8408
92	1015	75.9477
92	2454	77.4484
92	1801	82.8113
93	736	84.3160
93	1917	78.4664
93	552	82.8219
93	1721	85.4878
93	539	89.1230
93	480	90.9203
93	1372	87.8673
93	368	91.4115
93	2355	87.7228
93	1923	89.4109
93	2193	90.4124
93	2006	81.8553
93	339	87.5059
93	1097	92.4355
93	1591	74.3188
93	260	100.0000
93	2968	94.7171
93	1676	86.7011
93	593	100.0000
93	558	78.6165
94	231	55.9863
94	377	62.6129
94	367	57.9694
94	364	73.6083
94	288	58.2574
94	19	47.9923
94	10	63.2840
94	586	52.8363
94	590	68.7615
94	380	62.7463
94	589	73.5240
94	318	80.2118
95	18	82.8227
95	4878	90.6757
95	6979	75.7200
95	4732	60.5090
95	3019	86.0210
95	5246	68.2178
95	32	91.0723
95	2952	80.3102
95	1247	92.0383
95	1198	95.5735
95	5283	69.8462
95	3361	83.4727
95	1513	65.4487
95	2009	80.4550
95	539	80.3546
95	122	63.6607
95	1584	85.1319
95	1240	88.5348
95	4262	87.9153
95	5349	82.9037
96	527	92.3085
96	1094	72.3356
96	272	76.8862
96	3819	70.9836
96	150	84.2743
96	2021	70.4803
96	2571	90.5589
96	1214	85.7605
96	2058	64.9186
96	1220	80.0573
96	733	77.8566
96	2340	58.5535
96	1721	75.4224
96	2396	84.0899
96	367	73.2825
96	1291	88.2273
97	4701	83.6227
97	4306	92.3220
97	3578	93.6691
97	4993	96.6447
97	4963	91.6363
97	4299	82.0900
97	3981	66.5694
97	4161	78.3830
98	81845	87.8915
98	8961	77.9465
98	122912	86.5250
98	5299	67.9246
98	63992	56.1907
98	187541	78.5611
98	56152	80.2864
98	134853	86.2903
98	69644	63.6847
98	6863	70.5506
98	5618	85.2332
98	56801	61.5938
98	3499	80.6236
98	134130	85.6318
98	74789	69.2570
98	82461	74.8076
98	1258	84.7347
98	88810	85.1865
98	79132	84.8725
99	318	100.0000
99	161	91.5727
99	420	75.3888
99	592	88.4512
99	196	72.4189
99	122	68.0541
99	145	80.3682
99	150	95.9202
99	316	86.8861
99	236	86.1687
99	588	95.5573
100	497	82.9131
100	296	86.0269
100	1393	76.3840
100	95	66.6356
100	592	72.6385
100	605	71.4610
100	6059	80.4055
100	28	90.7692
100	2245	71.5291
100	62	80.0361
100	4308	82.5754
100	1777	75.6004
100	838	84.1439
100	2125	87.7669
100	1288	83.1534
100	234	64.7431
100	1197	88.2700
100	2005	77.2640
100	4014	78.9343
100	4623	82.9663
101	2580	81.6195
101	3285	62.9133
101	2723	64.3096
101	2700	75.8875
101	2908	80.4613
101	2390	82.9220
101	3175	70.1184
101	2395	74.5040
101	358	60.5224
101	2702	65.0891
101	3394	56.3703
101	2997	81.1063
101	2502	81.4703
102	158	56.1561
102	588	74.0793
102	150	74.3971
102	592	67.2317
102	253	70.3424
102	480	72.8090
102	344	61.0196
102	539	69.4361
102	553	73.8705
102	593	82.5181
102	586	61.2768
102	223	77.1055
103	86014	74.9404
103	1954	84.2980
103	60040	60.2353
103	1968	83.7939
103	77206	74.9404
103	2161	84.5371
103	1732	89.0663
103	81834	66.3467
103	608	85.8054
103	2384	67.8945
103	4254	52.3134
103	104	71.6692
103	139642	65.0919
103	56782	97.7495
103	2096	77.2736
103	101	90.4738
103	6534	55.7522
103	374	60.2676
103	60069	74.1049
103	30793	63.0018
104	4740	70.0983
104	743	49.3257
104	5218	75.4331
104	8643	74.3834
104	1288	73.9843
104	47997	70.1978
104	468	69.4526
104	76251	71.3465
104	8533	78.1833
104	4018	68.1658
104	38038	81.8745
104	1566	72.9676
104	7361	81.4047
104	6060	67.5604
104	3034	75.5826
104	1641	76.0804
104	4641	69.5476
104	108190	63.0550
104	616	77.9534
104	7034	77.8438
105	4788	77.1090
105	69685	77.1090
105	95311	77.1090
105	95313	77.1090
105	110586	77.1090
105	141816	77.1090
105	141818	77.1090
105	170597	77.1090
105	172587	77.1090
105	172793	77.1090
105	173351	77.1090
105	173535	77.1090
105	6433	71.4126
105	4974	66.5772
105	70286	77.5234
105	108981	77.1090
105	95175	77.1090
105	69122	76.7443
105	1243	85.3608
105	3916	80.8591
106	69844	92.0273
106	72998	85.1970
106	59501	84.2482
106	86880	79.4135
106	5349	86.8654
106	53125	83.4047
106	59784	82.1024
107	231	71.8993
107	253	81.7575
107	590	84.5810
107	165	81.3364
107	434	70.5936
107	208	69.1190
107	318	94.9300
108	800	85.9552
108	6022	71.7253
108	4995	87.7017
108	2585	77.9396
108	5316	72.2946
108	4975	78.7613
108	3978	69.6242
108	5349	79.3950
108	2926	79.4647
108	4246	83.1346
108	4878	88.6543
108	4994	78.8732
108	1968	85.8060
108	1684	69.6147
108	497	85.8976
108	5380	82.5433
109	380	63.5790
109	1033	64.9887
109	231	57.1579
109	364	74.3845
109	589	74.5144
109	480	68.5697
109	62	66.2811
109	31	59.1472
109	587	64.1008
109	1032	61.2781
109	586	56.1568
109	778	80.1231
109	540	49.5077
109	256	50.0635
109	163	65.9223
109	252	60.7030
109	223	73.6988
109	553	68.3140
109	537	58.5979
109	168	54.1462
110	26171	67.3014
110	2468	53.8172
110	1198	81.9970
110	1089	82.4315
110	1222	80.9839
110	1208	83.5956
110	4881	78.6945
110	47	76.8884
110	527	81.2244
110	1193	81.8727
110	2428	51.6010
111	100194	69.4619
111	162602	69.4619
111	171251	69.4619
111	2145	65.8834
111	96588	76.5723
111	65088	72.7841
111	66203	62.4663
111	84772	68.6665
111	2081	72.4617
111	91529	76.3564
111	6365	54.6639
111	45666	58.2225
111	3255	69.9166
111	1282	71.8015
111	6539	65.4457
111	86833	79.9923
111	122882	73.4357
111	59143	71.2735
111	86911	65.3896
111	5283	65.2214
112	788	54.9134
112	161	65.0582
112	1917	66.0768
112	16	80.5323
112	21	62.1681
112	208	56.5948
112	434	56.7250
112	39	61.8598
112	3717	73.0162
112	19	55.5416
112	110	84.0314
112	32	81.1714
112	70286	85.5684
113	4083	68.4970
113	39	63.7395
113	3168	73.7953
113	932	88.4941
113	2331	70.3279
113	3359	84.4980
113	1086	87.1457
113	3504	83.5289
113	1339	66.0843
113	904	82.5476
113	3546	68.4970
113	4063	58.9504
113	4062	65.4133
113	1077	81.4007
113	1589	70.7810
113	2475	75.6587
113	3831	74.0064
113	46	61.0681
113	1733	77.2890
113	4007	64.7072
114	141718	60.7379
114	54001	67.3809
114	2291	68.2613
114	167732	60.7379
114	122886	64.9605
114	8961	68.1451
114	3147	71.8473
115	1580	77.8692
115	2804	87.2740
115	1387	90.1305
115	2792	80.7991
115	3146	61.6938
115	3273	59.3730
115	3052	80.5992
115	2841	78.0558
115	2719	53.5753
115	595	75.5415
115	2700	79.0461
115	383	71.6704
115	2027	56.2081
115	2148	71.9362
115	2770	65.0825
115	3785	68.1835
115	2916	84.2102
115	3175	77.8960
115	588	77.2469
115	1377	68.0236
116	2716	72.7934
116	858	77.2406
116	1299	68.6570
116	62383	49.7764
116	1339	64.1185
116	1276	74.4752
116	597	67.2498
116	1029	65.5723
116	1101	64.5689
116	2797	72.3810
116	2657	62.5733
116	1961	72.1714
116	1407	61.8110
116	5995	73.7326
116	1704	73.4601
116	165	70.4514
116	2115	70.2759
116	8360	70.3473
117	708	66.0918
117	587	69.0056
117	589	76.5017
117	151	72.8858
117	36	71.8715
117	1036	74.4749
117	595	74.1010
117	288	64.8313
117	596	70.9220
117	48	64.1369
117	315	59.2895
117	454	71.1442
117	353	68.1867
117	474	70.5981
117	10	66.3018
117	60	63.5450
117	805	69.2503
117	491	63.7960
117	616	71.2356
117	485	61.3432
118	1221	84.7806
118	1625	72.6220
118	153	57.2339
118	1961	74.8177
118	1810	65.9889
119	95441	76.7248
119	117176	82.4836
119	1092	75.3782
119	91529	89.3334
119	74458	87.4372
119	4387	91.7673
119	79132	90.2694
119	168252	93.9316
119	44022	75.7785
119	78499	91.7628
119	122904	84.1839
119	106782	89.0842
119	442	73.6541
119	4993	90.6333
119	31685	78.9909
119	6365	77.9990
119	141004	80.3911
119	4148	71.1036
119	88744	82.8010
119	8644	80.4760
120	260	83.3613
120	32	76.8254
120	5	56.2253
120	631	59.6877
120	52	68.5527
121	497	71.8536
121	440	67.1965
121	161	66.9738
121	527	81.4910
121	292	63.3273
121	344	57.0784
121	186	52.6155
121	316	62.7523
121	1	77.2503
121	19	50.2095
121	163	68.7824
121	337	70.1256
122	27660	89.8934
122	69784	86.1170
122	7022	97.5449
122	148652	79.5581
122	4816	89.0550
122	56174	87.5521
122	94959	93.5465
122	81591	90.0929
122	71535	92.8853
122	30810	90.5437
122	2997	97.7986
122	1732	97.8995
122	108932	92.4761
122	780	87.1794
122	1090	98.0238
122	3253	89.6865
122	106782	95.8034
122	72226	98.8302
122	1200	97.2103
122	1214	95.5745
123	68554	71.5490
123	115569	83.9423
123	79132	82.2923
123	109487	82.0860
123	1196	81.8725
123	4226	83.7238
123	296	82.3023
123	7153	82.8966
123	143458	72.1583
123	47	78.5558
123	96829	85.6713
123	2858	80.8099
124	56145	78.6182
124	2161	79.9885
124	260	90.1836
124	175	87.2158
124	1358	82.3476
124	6377	85.9824
124	4226	89.8451
124	3147	87.8603
124	608	88.2678
124	1223	92.1208
125	5088	72.7951
125	86721	72.7951
125	110330	72.7951
125	54503	77.6888
125	72011	75.9069
125	162578	84.9533
125	119145	78.7524
125	176371	75.8900
125	55247	76.4174
125	1240	85.6301
125	86332	73.5028
125	68157	81.5533
125	112623	73.8872
125	4082	68.5092
125	160567	80.0033
125	3342	75.1944
125	109487	79.2893
125	88140	71.9412
125	98607	72.7951
125	81562	74.2643
126	364	74.9983
126	349	67.1628
126	231	57.8059
126	380	65.1633
126	410	59.5221
126	300	66.1176
126	253	66.7030
126	457	73.2991
127	2915	56.6072
127	903	69.1164
127	55276	61.4158
127	5060	65.6761
127	272	66.6719
128	904	87.9525
128	965	81.0314
128	926	87.4977
128	1066	91.2249
128	1721	70.9724
128	1080	80.9012
128	1198	85.7862
129	4370	75.8319
129	480	76.7803
129	3698	72.6519
129	2692	84.3534
129	2138	88.3716
129	1968	79.7750
129	8368	85.1550
129	653	70.8506
129	7143	85.4779
129	316	72.1405
129	6874	82.7656
129	239	68.0752
129	2916	79.7138
129	733	77.4580
129	4896	79.7057
129	2028	84.3495
129	3977	63.2017
129	3000	86.6114
129	1907	82.3338
129	31658	85.2417
130	208	59.6169
130	316	65.8303
130	292	68.8211
130	110	78.1020
130	590	74.0982
130	296	81.5962
131	2273	55.7172
131	6947	65.6817
131	58559	73.5198
131	908	76.3166
131	4878	71.0406
131	89745	69.1396
131	7256	72.4071
131	68237	72.0603
131	2722	52.5817
131	2028	71.6929
131	48516	74.1162
131	3178	68.3715
131	64614	70.7615
131	969	73.1876
132	6251	59.2807
132	3275	73.6721
132	4995	70.0756
132	2987	61.0904
132	7444	60.5786
132	3262	54.9612
132	4168	56.6169
132	31658	65.0924
132	44191	71.4300
132	1089	71.7175
132	3967	68.2077
132	5502	57.9647
132	50	70.6260
132	58559	70.5518
132	5992	72.0284
132	2108	53.1251
132	1844	63.8432
132	2657	57.2368
132	47	66.0156
132	2470	52.7704
133	454	56.2792
133	356	67.0993
133	589	64.3419
133	150	60.3056
133	153	44.1466
133	380	54.8737
133	527	68.4539
134	442	65.8869
134	595	77.5441
134	349	75.8361
134	380	73.9076
134	367	68.2582
134	509	75.1102
134	296	86.6017
135	592	68.9026
135	4084	61.6246
135	893	66.1863
135	3994	76.3617
135	2004	69.7543
135	608	90.0379
135	1358	80.4071
135	3852	67.2916
135	3489	73.7172
135	1614	57.7785
135	1198	89.2198
135	4128	76.5084
135	1883	65.1769
135	2302	70.4618
135	1291	86.0916
135	410	64.5921
135	1261	87.3240
135	4022	78.6374
135	4881	80.4808
135	1077	78.0261
136	161	72.9973
136	193	51.7922
136	585	61.3242
136	338	63.5992
136	277	67.8449
136	380	65.3514
136	181	54.8836
136	337	72.8853
136	437	61.5137
136	165	67.4176
136	611	59.6299
136	151	72.2002
136	340	76.6603
136	252	72.7584
136	432	54.3851
136	552	64.3162
136	350	70.8143
136	280	82.5359
136	273	65.2519
136	150	70.8686
137	6787	86.7139
137	2716	77.4028
137	1198	83.5783
137	750	91.2838
137	919	79.1463
137	1270	81.0049
137	318	86.4959
137	150	72.4100
137	2997	80.9698
137	1200	80.9080
137	6986	71.7733
137	7153	82.0643
137	1242	87.0347
137	110	79.4164
137	33493	70.9404
137	1197	85.8337
137	2959	82.9297
137	1237	88.9079
137	903	88.1144
137	7762	81.9817
138	2707	60.5808
138	1960	69.6782
138	1959	73.9900
138	849	57.9836
138	3996	74.4676
139	4025	33.5781
139	7445	43.6519
139	60684	45.3903
139	4865	40.8004
139	68319	35.6978
139	7090	51.1462
139	5502	38.9887
139	260	65.2479
139	8371	35.8246
139	53953	30.7779
139	58025	35.9931
139	106782	54.9283
139	6957	40.2041
139	7163	28.6670
139	3827	30.8475
139	3624	35.7415
139	52722	36.2125
139	54259	43.3461
139	4367	33.3062
139	115617	51.0398
140	5699	67.6468
140	5299	64.4040
140	1393	68.7403
140	356	80.9063
140	609	66.3839
140	32596	58.0614
140	4795	64.8548
140	34072	73.7644
140	1617	76.9630
140	5256	62.7142
140	5943	49.1934
140	1084	77.4504
140	4337	67.6468
140	3108	76.7605
140	43396	73.3988
140	4719	54.2026
140	1005	53.4563
140	4321	73.4783
140	5812	72.8379
140	4259	70.2137
141	5418	69.8323
141	54503	76.4921
141	4963	70.6079
141	2478	64.8257
141	71535	74.0500
141	317	57.5999
141	68954	78.7349
141	54286	69.9474
141	6365	61.2532
141	54272	67.0976
141	4447	61.0132
141	5502	61.3423
141	6377	75.4477
141	6373	61.9978
141	1265	70.5362
141	91529	80.3313
141	2502	75.1023
141	441	77.8511
141	1517	67.7917
141	48516	77.3506
142	434	64.7462
142	384	75.4510
142	588	78.8417
142	50	87.0070
142	527	87.3099
142	356	85.4031
142	337	78.5334
142	377	73.0060
143	1721	57.9660
143	61250	56.4567
143	6942	62.6095
143	7169	76.5900
143	8533	72.9779
143	106696	68.0391
143	3421	60.3235
143	87232	64.4059
143	78316	75.4990
143	69069	68.4756
143	59421	58.5339
143	2144	66.6339
143	96821	74.0800
143	7173	59.6169
143	500	56.7394
144	589	76.6149
144	541	80.2573
144	8368	81.4412
144	597	68.2167
144	590	74.9941
144	410	64.6206
144	1246	75.5745
144	527	82.2530
144	356	84.0893
144	500	66.4435
144	19	53.8560
144	2700	73.1007
144	434	61.8481
144	733	68.8625
144	780	65.4025
144	1036	72.7846
144	5377	76.2851
144	552	65.5299
144	586	59.8231
144	2081	71.5426
145	344	59.1449
145	339	65.7593
145	380	66.4554
145	318	85.8564
145	588	73.2088
146	7293	65.1620
146	3257	56.1484
146	32	70.5885
146	1367	55.8627
146	3686	54.9775
146	410	55.1590
146	47610	67.3336
147	1234	85.1460
147	168	59.8858
147	552	63.9800
147	555	79.5741
147	2395	77.0034
148	88125	73.4838
148	5618	78.4878
148	108932	74.2767
148	81847	74.2621
148	72998	66.8716
148	5816	69.0814
148	8368	75.1551
148	7153	75.6894
148	81834	75.1784
148	4993	74.5705
149	1097	61.7883
149	1374	58.8279
149	1831	35.8296
149	1527	62.2593
149	260	69.1237
149	173	43.0832
149	1206	69.2065
149	1200	66.4693
149	2021	54.6433
149	1580	56.1046
149	1391	51.5754
149	1375	50.8273
150	3	67.8475
150	1356	80.7227
150	5	62.7599
150	95	63.7567
150	733	75.9158
150	1073	80.1691
151	786	75.2471
151	562	88.4963
151	780	81.6195
151	837	78.5706
151	747	73.1830
151	1265	90.9659
151	828	76.7574
151	1073	88.6150
151	1	91.4833
151	648	82.7754
151	1393	85.7446
151	1359	66.1542
152	50	84.7375
152	2959	86.4923
152	116897	81.6588
152	89492	76.4135
152	1193	84.1987
152	69481	78.7132
152	85774	72.7079
152	115713	76.7811
152	111	83.8487
152	92259	86.1603
152	1234	81.2770
152	79132	81.0363
152	318	89.1786
153	134853	46.2874
153	1732	47.7853
153	8533	47.0936
153	4014	45.0056
153	81456	37.9177
153	106782	48.3946
153	8528	37.5401
153	6863	42.6933
153	87194	49.8855
153	2617	22.2857
153	1246	47.1719
153	106100	54.9629
153	1954	37.3331
153	7458	44.6510
153	4226	54.4184
153	89904	47.9212
153	72998	36.5249
153	133780	41.8698
153	586	22.2860
153	36535	54.6125
154	114662	90.5960
154	119145	94.4269
154	81834	95.2538
154	122904	93.7382
154	106072	82.8495
154	76093	95.8735
154	77561	88.1172
155	153	60.3182
155	3286	61.1921
155	1200	82.1853
155	260	85.7790
155	141	71.6259
155	2355	74.3272
155	2384	62.8473
155	2948	80.2537
155	432	56.0793
155	2959	86.8814
156	26313	67.6778
156	31038	67.6778
156	1230	79.1030
156	1711	56.8580
156	3341	82.6896
156	6296	76.1279
156	762	46.9416
156	2361	60.7108
156	2076	78.4717
156	4784	70.4275
156	661	59.3157
156	2926	66.4213
156	8571	67.6778
156	47	74.4511
156	3176	66.7644
156	58	83.2925
156	848	72.1106
156	866	82.9233
156	1485	55.6601
156	923	80.7054
157	785	69.1401
157	3617	66.7076
157	2720	42.6606
157	2770	58.5359
157	527	81.5813
158	1093	70.5807
158	2605	67.3150
158	2872	74.9936
158	2723	72.4403
158	2428	59.2706
158	66320	73.0360
159	2959	74.8984
159	60069	75.1653
159	45720	65.6192
159	597	66.5273
159	4022	69.7075
159	89864	66.2732
159	49286	69.3470
159	140110	69.0456
159	84954	59.6677
159	4447	61.9902
159	1197	75.9560
159	68954	78.8110
159	6942	69.5650
159	1961	68.4678
159	106696	73.1506
159	480	64.7590
159	539	65.8720
159	166643	68.7941
159	40819	66.2274
159	63082	70.6786
160	126	39.3709
160	1371	37.3265
160	1198	75.9948
160	196	42.0526
160	3408	68.2111
160	5349	65.8829
160	3213	66.5110
160	2408	33.2565
160	839	38.9684
160	3593	14.6234
160	2748	21.4063
160	533	44.1090
160	1975	40.4935
160	1676	54.1083
160	3745	52.1718
160	2011	62.0797
160	733	55.0415
160	3826	31.9620
160	778	81.8757
160	2840	35.0698
161	4980	65.2013
161	7247	74.5793
161	47610	75.8608
161	1223	89.1395
161	38038	78.1085
161	3429	89.6593
161	2144	75.7306
161	2336	76.7296
162	150	87.2386
162	225	83.1985
162	168	75.4398
162	50	94.6603
162	300	84.6147
162	266	81.2047
162	31	80.9934
162	62	86.8337
163	1608	60.5465
163	1810	62.9073
163	1747	62.0532
163	1777	63.6345
163	1837	59.9855
164	1036	86.5310
164	2916	82.6129
164	110	89.3070
164	589	87.9017
164	3527	82.3409
164	1101	77.0107
164	1201	92.7137
164	2167	75.5758
165	2353	67.4817
165	3624	65.4832
165	110	80.1617
165	5505	65.5756
165	5527	67.2987
165	3256	68.6250
165	5956	72.2649
165	5418	77.8691
165	5530	51.3017
165	5450	65.0375
165	1127	73.0564
165	3409	59.9355
165	5881	64.4010
166	33794	85.2700
166	1721	75.3994
166	4011	86.4037
166	5378	74.3764
166	3481	77.7138
166	49530	82.7047
166	2353	72.6987
166	47644	73.9106
166	54272	81.1026
166	8961	86.0302
166	1198	87.6524
166	2542	87.0597
166	1036	78.7316
166	608	85.4000
166	434	63.1761
166	5219	72.5262
166	5418	86.6879
166	2396	77.1488
166	349	72.9695
166	2324	85.4155
167	33493	77.1943
167	4886	81.3331
167	778	73.7816
167	3052	73.6548
167	7147	79.9082
167	6857	78.6518
167	45501	53.3194
167	6480	65.3289
167	1682	77.0105
167	2231	74.8424
167	784	54.0470
167	33794	83.1029
167	2083	72.4466
167	2413	68.8730
167	6333	76.7151
167	8961	81.0280
167	2139	71.5704
167	150	65.0323
167	6773	77.4351
167	35836	69.8289
168	3730	93.4825
168	1248	98.0634
168	1201	94.1551
168	1089	94.7350
168	296	93.0184
168	923	93.2155
168	1222	94.1922
168	5291	87.6509
168	3543	84.1631
168	1302	83.2190
168	3362	87.1682
168	1148	92.1212
168	3101	72.8172
168	57669	95.0985
168	2076	88.3258
168	1729	84.2616
168	908	93.1861
168	85354	74.4347
168	80463	90.7135
169	3536	84.4588
169	2028	92.4866
169	364	95.0421
169	953	96.1493
169	4886	91.1878
169	5400	73.7616
169	8644	80.7845
169	524	88.0168
169	2795	89.4698
169	1022	88.3999
169	3114	91.0201
169	3967	93.8884
169	1517	88.2856
169	1035	97.4964
169	8641	91.0338
169	6365	82.6347
169	661	81.8975
169	457	91.4452
169	3287	74.6520
169	1416	84.8189
170	318	82.8164
170	296	78.0740
170	586	57.7872
170	377	65.7267
170	34	68.8542
170	592	64.2254
170	277	60.9404
170	500	64.3667
170	266	65.9801
170	588	70.6412
171	485	78.6428
171	1220	87.6501
171	1025	89.5849
171	801	80.2180
171	1259	92.4094
171	1079	92.2191
171	828	86.9191
171	317	79.7639
171	869	84.8387
171	380	83.0590
171	1136	96.0735
171	1225	96.0432
171	661	83.3631
171	318	100.0000
171	47	91.3792
171	1198	95.8288
171	1208	98.3391
172	3087	64.6117
172	3578	79.2343
172	7438	78.6963
172	2072	62.1802
172	3793	74.8807
172	2762	76.5335
173	10	65.6056
173	329	63.8452
173	586	58.7261
173	597	68.0143
173	588	70.7568
174	553	85.8599
174	520	72.4371
174	224	76.8299
174	648	77.5817
174	161	83.8656
174	317	74.2111
174	158	67.3901
174	780	74.9600
174	315	66.7181
174	485	72.0471
174	282	72.1322
174	440	78.7354
174	350	74.4724
174	10	79.0131
175	531	78.3681
175	8911	73.4151
175	43904	53.5498
175	38388	75.0885
175	8362	62.6753
176	165	80.1592
176	434	69.7533
176	39	75.0547
176	368	80.1061
176	380	77.9500
176	780	77.2531
176	47	86.0673
176	471	81.3140
177	42002	62.8941
177	91542	75.2210
177	6332	62.7084
177	3668	72.3310
177	45672	57.4629
177	783	69.0334
177	27706	68.6224
177	2657	66.2250
177	114662	74.1806
177	1206	76.8332
177	83132	74.5052
177	5218	73.0439
177	508	70.9725
177	3114	74.2172
177	1321	64.1685
177	2176	72.0549
177	8798	69.3380
177	88140	74.7116
177	2012	67.0416
177	339	71.1973
178	7361	90.3488
178	527	89.0451
178	2329	87.9517
178	5995	86.9864
178	6502	84.3148
178	4235	89.7504
178	1198	87.4512
178	208	64.2962
178	6539	79.8357
178	296	88.7406
178	349	77.5327
178	10	75.3478
178	4226	88.0063
178	1240	81.2668
178	2579	84.5109
178	318	92.8063
179	367	72.1151
179	589	86.7612
179	161	79.8091
179	231	70.8144
179	288	72.5438
179	743	56.9464
179	1061	81.0315
179	317	71.0845
179	786	70.5690
179	592	75.6053
179	671	75.2824
179	296	90.5329
179	434	67.3332
179	364	87.3905
180	1261	80.4123
180	260	82.2862
180	1748	77.4220
180	1242	80.0340
180	2140	70.2820
181	157	51.7010
181	593	74.1743
181	596	64.1580
181	353	65.3890
181	539	67.7911
181	516	58.8122
181	132	60.1829
181	169	43.2460
181	25	64.3122
181	31	55.4553
181	542	51.1059
181	6	68.8348
181	707	50.9571
181	185	55.7347
181	464	49.0990
181	502	41.4377
181	415	48.2771
181	480	66.2694
181	592	62.1242
181	344	55.8315
182	4879	68.5199
182	6969	68.5199
182	3911	72.9316
182	2728	76.0341
182	4313	74.8782
182	8042	82.1193
182	1291	74.9111
182	3113	50.6847
182	3578	71.7890
182	1590	62.7810
182	161	67.1966
182	4452	62.1034
182	224	75.6266
182	4980	59.3971
182	4262	79.9206
182	2353	57.4899
182	2890	71.1816
182	1127	67.1318
182	541	79.9417
182	6041	76.0875
183	480	77.7831
183	380	75.0779
183	1196	84.1941
183	2951	80.3672
183	2534	56.5035
183	4085	72.4387
183	1287	79.1794
183	2194	82.3831
183	3247	63.6653
183	1233	85.1438
183	2662	68.4738
183	1408	83.4062
184	158035	71.1910
184	181413	71.1910
184	193565	71.1910
184	97304	87.4175
184	74754	63.6877
184	168250	76.8648
184	191005	71.1910
184	106072	72.4150
184	166291	78.9916
184	127152	71.7892
184	86332	76.7940
184	80463	86.2960
184	5816	78.5217
184	122898	61.9710
184	81845	87.9443
184	5810	72.0220
184	170813	70.5758
184	174479	71.1910
184	112852	88.9367
184	148626	86.5562
185	1685	67.6438
185	2396	73.2966
185	5377	75.5621
185	1721	67.0994
185	5952	79.5347
185	1393	70.5035
185	595	72.1923
185	2085	67.1891
185	4995	79.4868
185	899	79.4254
186	2605	76.6097
186	1214	86.2269
186	1291	88.3305
186	3745	82.8629
186	1269	88.6853
186	2527	82.2625
186	2532	71.7248
186	4361	81.6549
186	1307	87.2942
186	2968	85.2217
186	4306	83.1536
186	2541	78.2477
186	1702	68.8232
186	480	83.6048
186	1097	84.8294
186	3977	64.8094
186	919	87.7555
186	3527	82.3469
186	593	91.8235
186	1196	89.0662
187	26122	70.4078
187	3949	76.0065
187	49272	63.7979
187	231	41.1757
187	1206	82.7640
187	6874	68.1090
187	1729	76.2138
187	1209	84.8293
187	48394	68.5115
187	6502	70.1861
187	2701	32.4256
187	4027	73.9736
187	288	59.1348
187	2542	77.0710
187	7153	71.8515
187	39427	65.3336
187	6890	87.2579
187	1222	82.2467
187	8949	72.1175
187	1748	84.4635
188	2346	77.1445
188	1212	92.2812
188	594	87.8120
188	1282	91.2916
188	3469	82.1551
188	2396	88.0487
188	1091	67.0212
188	3341	90.2642
188	1264	88.3168
188	2206	90.7785
189	48516	84.5647
189	4993	81.9434
189	79132	81.6005
189	2959	84.8657
189	58559	83.8873
190	6711	83.2125
190	4776	74.3463
190	8784	76.2882
190	4995	80.3429
190	5630	67.8629
190	4306	77.8756
190	30749	76.8968
190	1221	85.6035
190	4975	70.0661
190	8961	78.0746
190	858	85.7299
190	8464	73.0624
190	69844	81.9246
190	7438	79.0347
191	496	72.1157
191	21	67.9136
191	72	66.8429
191	175	88.6491
191	494	65.3815
191	417	84.5227
191	17	77.3046
191	6	77.8425
191	85	88.6600
191	292	58.7696
191	314	78.9615
191	58	93.5759
191	235	77.0359
191	213	83.1310
191	161	64.7796
191	160	48.9845
191	162	95.5142
192	356	86.5341
192	288	75.7277
192	316	77.1789
192	349	81.2930
192	432	65.1285
193	44555	78.7436
193	55442	80.5308
193	4878	74.8125
193	6016	77.6327
193	307	74.3586
193	1270	73.0447
193	5618	77.5563
194	163	72.3895
194	1396	71.7655
194	1500	72.3412
194	1288	79.7002
194	5060	76.2612
195	3424	78.6200
195	2770	56.2429
195	1041	82.6606
195	1653	81.2380
195	1923	73.1739
195	3160	75.7102
195	4723	56.6327
195	1863	57.8346
195	2336	69.5497
195	2166	53.0049
195	4308	73.0325
195	1909	66.3113
195	260	86.3867
195	2028	84.9847
195	3252	77.9236
195	2908	72.1305
195	1392	67.0339
195	1365	73.5215
195	70	65.2075
195	190	61.0353
196	70286	76.7862
196	3578	77.7881
196	59315	74.9432
196	58559	82.4452
196	364	79.9247
196	1214	77.3945
196	110	79.9928
197	1513	64.1619
197	1240	80.2106
197	1882	50.3981
197	786	66.6036
197	2167	71.5285
197	153	64.2249
197	1784	76.9795
198	3894	67.1555
198	3499	73.3027
198	920	69.2965
198	1213	80.6591
198	3949	76.7353
198	1994	65.4322
198	1485	57.3011
198	2572	65.4129
198	4019	75.8837
198	1089	76.6792
198	110	79.4194
198	593	82.4043
198	4128	66.0558
198	1270	72.4906
198	4886	72.9326
198	1079	65.9895
198	2117	61.9484
198	912	75.0112
198	1573	57.5800
198	1682	70.7892
199	5464	68.5036
199	2165	63.9003
199	2280	63.4377
199	736	56.7756
199	5673	72.8747
199	349	60.4112
199	5502	55.0742
199	482	71.4851
199	8532	63.4068
199	1172	81.9567
199	300	64.0553
199	50068	76.9939
199	4881	71.3504
199	3175	65.4990
199	7445	65.1146
199	2973	78.0305
199	34338	64.2520
199	41997	72.2548
199	1956	76.6577
199	377	63.2920
200	3809	73.9845
200	7022	88.8808
200	50802	72.9906
200	3968	71.1916
200	2485	72.8365
200	500	71.8711
200	5610	62.3514
200	590	80.6807
200	1029	74.2501
200	53996	77.7456
200	2572	87.4695
200	4993	88.2185
200	4041	76.5977
200	57640	78.8469
200	1302	78.7416
200	1784	80.7420
200	6383	58.2435
200	1653	83.1691
200	1569	82.1794
200	1517	78.5877
201	1748	90.0601
201	1527	88.1352
201	1584	86.4730
201	2858	94.1365
201	339	81.6020
201	589	93.2960
201	2717	70.9751
201	994	89.5693
201	788	67.7823
201	1196	97.3123
201	2797	91.1178
201	733	81.9618
201	1259	95.0652
201	2174	85.9764
201	1198	100.0000
201	2455	79.9046
201	1569	77.4178
201	1213	98.2211
201	160	66.7316
201	24	74.4219
202	3329	72.1661
202	924	82.4419
202	29	82.6805
202	2289	84.4599
202	1197	90.3215
202	1196	85.7051
202	2966	81.9752
202	161	71.8571
202	608	85.4849
202	1209	81.5353
202	1296	79.5702
202	3194	74.2495
202	1784	81.6974
202	469	74.8022
202	923	86.5842
202	2000	79.4263
202	1587	66.4755
202	1719	91.4195
202	3147	83.4426
202	32	81.6105
203	56174	74.1428
203	8665	80.2595
203	2407	68.5262
203	5952	84.4486
203	590	76.6572
203	49272	85.5994
203	40815	79.6172
203	333	74.3162
203	296	84.3411
204	1136	90.8418
204	3949	86.1587
204	33794	84.7427
204	48394	84.3199
204	27075	73.9930
204	1080	86.8878
204	79008	85.1308
204	6104	85.2783
204	8874	88.7403
204	81591	80.4512
204	4878	87.2517
204	91658	79.3886
204	711	70.8940
204	2313	83.5454
204	86320	76.1222
204	55820	85.8183
204	5218	79.9347
205	912	82.8464
205	99114	78.8964
205	91542	74.3098
205	5816	73.6783
205	95167	71.7755
205	96079	76.8996
206	36	84.4957
206	608	85.8383
206	733	75.2156
206	140	74.3453
206	141	76.2122
207	2991	68.3630
207	2428	40.9869
207	2707	52.7015
207	3740	67.3395
207	100	36.0609
208	1210	79.1468
208	2628	61.0539
208	380	63.8420
208	2353	63.7599
208	2278	66.1161
208	2762	74.4200
209	60684	82.3191
209	1291	87.5404
209	68157	87.6584
209	74458	84.5461
209	185029	81.8242
209	122886	81.4385
209	88125	82.1324
210	123553	79.4353
210	34405	93.6417
210	166203	79.4353
210	3147	90.9161
210	31696	81.2513
210	7649	74.7750
210	58559	92.5088
210	2105	83.4334
210	6365	82.2760
210	34397	79.4353
210	4625	71.2618
210	84772	79.7730
210	122926	95.1889
210	76093	90.2815
210	62836	79.4353
210	33493	82.9465
210	1584	83.5503
210	47610	87.5650
210	108932	89.7347
210	122918	90.3586
211	58559	86.7026
211	63113	71.2027
211	90405	67.0876
211	57669	83.8597
211	60684	77.5513
211	7153	87.0928
211	73017	78.5253
211	2105	69.2236
211	4367	60.6034
211	356	86.0638
211	2642	53.9986
211	1556	41.3053
211	318	91.6182
211	44665	77.3672
211	85414	72.8136
211	1198	87.4318
211	1136	87.3282
211	260	88.1462
212	170697	68.6196
212	122920	74.0080
212	122892	68.8176
212	2571	68.6680
212	5218	66.4131
212	48394	70.1467
212	3578	67.0423
212	1196	67.9594
212	135143	71.6863
212	74795	69.4285
212	179401	71.1505
212	79132	74.1788
212	77800	75.9520
212	108932	75.7514
212	110102	71.7910
212	96821	77.4791
212	8874	75.3723
212	65261	80.1274
212	59784	64.8419
212	2291	69.7951
213	3285	69.8014
213	87520	58.1025
213	80363	68.3541
213	76251	81.0459
213	8957	72.7268
213	2860	66.9834
213	1234	85.3717
213	5419	73.6654
213	51935	84.1829
213	69844	83.9339
213	39446	65.9924
213	4132	70.7778
213	858	89.5616
213	69526	60.7815
213	4558	65.2944
213	49530	79.8788
213	58559	88.8909
214	83	59.3676
214	628	59.7519
214	743	41.3662
214	1363	53.0002
214	802	55.9720
215	1172	85.5404
215	4973	85.7522
215	63082	80.7232
215	1291	79.8864
215	2028	80.9727
215	3252	71.4700
215	3210	69.9230
215	1968	79.2544
215	1247	83.3407
215	49272	82.5874
215	1089	82.3297
215	72407	61.9645
215	5650	71.6922
215	318	85.7894
215	1208	83.8954
215	2000	74.0013
215	1197	83.3705
215	1196	80.4709
215	1297	74.6012
215	4019	77.3138
216	104	62.1102
216	21	67.8404
216	3996	74.0016
216	3946	56.4888
216	2946	65.7823
216	3993	63.0728
216	3897	75.6978
216	2599	73.9025
216	34	66.8259
216	3994	68.9306
216	4034	77.6697
216	3363	76.6446
216	1965	74.4024
216	3422	61.9774
216	3555	69.4774
216	3253	67.7842
216	2087	70.9950
216	3986	57.1045
216	2018	66.2681
216	1923	67.8107
217	1867	59.1906
217	3434	59.1906
217	1275	65.6042
217	2468	45.6799
217	3197	52.8949
217	1912	65.9138
217	2302	56.8341
217	1876	54.7846
217	380	62.7122
217	1221	77.3421
217	2471	45.7892
217	1918	50.3392
217	1385	52.9820
217	3165	64.1261
217	1590	50.5496
217	1562	37.3565
217	1703	55.5974
217	2056	59.1906
217	1831	45.0541
217	160	48.2207
218	2657	62.0917
218	2692	74.5718
218	1380	60.7610
218	1198	77.3822
218	6934	56.8000
218	5349	65.7506
219	60072	58.2886
219	2115	71.2225
219	59315	71.4611
219	6539	74.3790
219	442	58.7791
219	30707	76.3598
219	1704	81.4438
219	180	66.4155
219	1219	72.2013
219	1005	39.0803
219	27773	81.1112
219	56156	54.9070
219	6188	62.5294
219	6721	61.9883
219	30825	51.9242
219	2997	73.4839
219	1552	62.2905
219	1500	66.4263
219	2890	68.0101
219	1921	73.9132
220	3996	91.4052
220	733	82.3178
220	1198	94.7373
220	3994	84.8470
220	6539	89.1313
220	1258	93.8493
220	1917	76.5531
220	4545	67.6104
220	33794	88.3023
220	165	79.9290
220	71264	76.5177
220	4623	80.5492
220	53464	53.8107
220	5218	86.3759
220	6365	80.8721
220	3751	85.5626
220	32	88.7168
220	1036	91.7033
220	5502	79.5158
220	1591	62.7005
221	4338	76.2728
221	7013	87.6179
221	8529	67.6465
221	1080	84.3189
221	3246	90.8073
221	2871	82.0817
221	1208	91.9571
221	7063	90.7663
221	2702	72.5119
221	4029	86.9913
221	5954	85.4772
221	2352	80.1450
221	922	88.7168
221	2997	83.2094
221	1278	85.9565
221	2858	80.3388
221	1212	88.5974
221	1959	84.4040
221	1961	78.9795
221	3671	86.3214
222	81831	63.1920
222	100498	43.2115
222	48516	79.9791
222	1249	73.4728
222	99813	69.4146
222	91529	76.1968
222	59900	51.6867
222	93287	66.2230
222	1721	64.1594
222	2706	64.8191
222	3273	45.0239
222	2411	51.7025
222	64622	66.4016
222	7143	73.1112
222	87869	69.1744
222	778	74.8803
222	30825	64.3531
222	42011	43.3251
222	673	53.5416
222	64839	73.7086
223	55854	60.3281
223	6711	75.6275
223	1	67.5813
223	736	53.4907
223	1961	71.1108
223	457	64.1486
223	2716	69.4167
223	48394	71.2889
223	608	73.3868
223	8784	69.0390
223	48516	77.4459
223	3863	50.6205
223	4306	72.5915
223	260	77.3237
223	2683	58.3091
224	3496	76.8235
224	3044	84.8556
224	356	89.0297
224	2915	87.6951
224	289	73.2295
224	3668	83.2778
224	1270	88.4681
224	2797	86.8390
224	1721	77.7422
224	2716	86.1205
224	1259	91.1231
225	2423	75.2547
225	1285	76.4849
225	588	80.3299
225	1717	63.8826
225	2791	81.1773
225	1321	69.3810
225	1136	86.9281
225	1197	88.1291
225	1753	75.3035
225	2004	73.2297
225	2371	65.5281
225	1407	67.9552
225	785	72.3481
225	1060	77.6321
225	3024	71.3049
226	6938	69.3747
226	32666	69.3747
226	3552	82.5701
226	542	59.6013
226	1240	78.4281
226	3098	75.3799
226	2804	84.8811
226	3668	73.1937
226	3653	72.2091
226	2231	76.6374
226	145	59.6313
226	2253	58.8687
226	3052	77.0607
226	2628	64.4641
226	762	55.1864
226	53129	81.5805
226	4816	71.9760
226	16	83.1410
226	2144	72.0064
226	46948	61.0708
227	46976	82.6645
227	52319	79.4356
227	81845	86.3348
227	109487	84.2321
227	134130	83.5121
227	215	87.9483
227	48738	86.7415
227	47099	83.9427
227	1196	85.4933
227	32587	82.5353
227	912	89.4553
227	55721	90.3040
227	1682	82.1284
227	750	91.0013
227	778	87.5336
227	40629	79.4630
227	97913	82.3726
227	70286	82.7777
227	150	79.0577
228	2571	84.8616
228	1373	64.4227
228	362	75.2457
228	318	90.4898
228	3113	65.4530
229	34	77.2264
229	589	83.1081
229	377	75.0952
229	45	72.4644
229	587	74.3928
229	5	68.5246
229	475	90.2387
229	442	64.9152
229	597	74.5338
229	364	83.9548
229	213	66.0743
229	110	84.6640
229	527	87.6276
230	34330	57.9566
230	52715	57.9566
230	47	56.9713
230	7438	73.3052
230	527	61.8117
230	3147	68.0535
230	45499	72.9054
230	6537	68.4652
230	2291	62.9131
230	1387	61.2225
230	6863	73.7033
230	1485	50.1789
230	595	58.3717
230	4022	65.2010
230	2096	55.2749
230	588	58.3409
230	4034	58.5210
230	1676	54.9421
230	8644	75.0126
230	2641	42.8463
231	92259	83.6592
231	858	84.9148
231	593	81.9145
231	1198	83.6470
231	109487	80.2860
232	31867	66.8933
232	41769	66.8933
232	57526	66.8933
232	70336	53.4440
232	8644	70.1376
232	1586	53.4611
232	44972	46.6024
232	4019	80.7322
232	43928	41.6838
232	30883	50.9086
232	65802	58.9463
232	8376	67.2287
232	39292	75.7704
232	1035	71.4703
232	66198	63.0695
232	66097	75.5639
232	32011	48.5927
232	6564	52.0974
232	7451	77.7353
232	33164	40.6398
233	48394	68.5828
233	3751	64.2856
233	48516	75.5095
233	1721	62.4545
233	356	75.1535
233	106100	67.2957
233	162600	55.9644
233	608	74.8676
233	7153	76.4757
233	134214	57.1836
233	57669	73.0834
233	122920	57.1740
233	2329	76.5261
233	4239	67.8169
233	7371	74.8790
233	3977	47.9892
233	3147	75.9039
233	3948	61.7621
233	49272	70.7197
233	5418	67.8507
234	2616	68.4405
234	2140	76.9358
234	172	64.1979
234	126	56.2610
234	1562	55.5091
234	4519	77.0029
234	153	65.9243
234	2710	64.2344
234	3624	72.8323
234	3483	68.5249
234	1391	68.2378
234	438	67.0390
234	1460	76.7108
234	2987	82.2873
234	65	56.5143
234	260	92.5858
234	1359	56.1175
234	3175	78.3427
234	588	84.4318
234	2080	77.0214
235	480	75.6845
235	736	67.8794
235	500	69.4794
235	454	69.0998
235	592	69.1972
235	235	75.6089
235	595	75.4126
235	32	83.5974
235	527	86.7765
235	648	72.4953
235	223	81.5419
235	588	75.8246
235	377	70.4423
236	1214	78.1369
236	1278	80.7125
236	1345	69.1083
236	1350	77.7550
236	1387	80.3928
236	1388	61.2071
236	1982	72.4973
236	1997	77.3001
236	1998	53.0045
236	2447	65.8157
236	2459	66.5871
236	2490	70.6332
236	2496	65.3533
236	2502	81.0735
236	2505	60.2046
236	2542	80.9069
236	2572	72.6642
236	2580	79.5693
236	2596	73.1317
236	2598	59.4664
236	2606	56.7022
236	2657	67.8162
236	2683	65.5078
236	2694	65.3214
236	2718	68.5537
236	2770	58.1270
236	2806	52.0439
236	2858	79.9072
236	3024	67.9730
236	3052	72.8152
237	32	71.0137
237	4254	37.5284
237	94959	66.6544
237	293	72.8167
237	1371	57.5537
237	1193	74.5850
237	7361	75.6806
237	7980	71.5630
237	43936	57.0792
237	1374	70.5364
238	4954	78.9355
238	3528	77.2314
238	4265	66.8935
238	4901	70.8322
238	4238	71.2676
238	593	76.1816
238	4499	83.0378
238	4957	74.8258
238	1193	77.2716
239	58559	90.1126
239	5459	68.9676
239	4085	73.6399
239	380	76.4329
239	95	68.0209
239	7445	85.4389
239	608	91.3158
239	7147	81.9785
239	6378	83.8714
239	2115	77.7734
239	4896	85.8971
239	36529	81.9023
239	3994	76.1559
239	33679	76.6184
239	47	88.6918
239	590	83.0006
239	4022	82.6159
239	208	67.5762
239	733	77.0130
239	51662	81.2010
240	368	80.8146
240	543	84.1953
240	480	79.9154
240	367	74.0178
240	810	60.1350
240	500	76.3842
240	546	66.4111
240	110	84.6786
240	173	70.6626
240	1	86.3283
240	542	73.4996
240	104	88.5375
240	34	81.4088
240	174	73.5267
240	204	73.7043
240	225	81.7202
240	383	77.8698
240	262	85.4799
240	434	70.2261
240	420	71.1678
241	81786	70.4761
241	71899	90.6027
241	527	78.1027
241	1206	77.4698
241	1193	77.8394
241	99114	77.2918
241	100714	71.0225
241	8981	78.9978
241	53123	85.9567
241	116897	85.7109
241	56367	73.0128
241	3910	80.6222
241	106782	81.5787
241	115569	82.8964
241	4235	79.9787
241	48780	74.4247
242	39	69.0633
242	380	70.9213
242	231	64.3881
242	457	79.3600
242	592	70.0573
242	454	73.5255
242	111	85.5713
243	112	84.2272
243	353	93.5780
243	62	89.3036
243	588	90.1509
243	193	69.0021
243	586	78.0088
243	181	67.4036
243	376	82.8647
244	3090	80.9371
244	1049	72.2207
244	110	82.9786
244	257	65.0438
244	165	75.0400
244	151	65.0640
244	1090	79.5997
244	3755	64.6443
244	2278	73.8087
244	648	74.2797
244	1580	77.6479
244	1957	73.9306
244	1610	81.7088
244	1196	88.2474
244	3256	68.1805
244	1573	75.3598
244	1242	82.9637
244	3753	75.6562
244	2243	75.5344
245	3196	55.4773
245	2739	60.1541
245	3114	51.3021
245	3274	51.2169
245	1361	65.6434
246	1304	83.3639
246	616	82.3618
246	1680	83.5269
246	6016	91.8589
246	3081	82.4852
246	44191	90.2774
246	60684	90.1546
246	4973	94.3526
246	1732	87.9266
246	1298	81.0187
246	53125	79.3828
246	2291	84.0593
246	2692	90.6930
246	293	90.2830
246	4011	92.2162
246	5013	86.1574
246	60069	94.3850
246	48082	91.8418
246	82202	70.4168
246	95167	84.4386
247	48516	80.7317
247	593	83.0332
247	2858	79.1125
247	49272	74.9280
247	1961	71.9363
247	44191	73.6711
247	527	83.3418
247	116797	77.1359
247	68358	72.0154
247	122886	74.6142
247	480	74.1130
247	223	73.9214
247	1265	78.9789
247	2078	68.4503
247	1198	82.1469
247	1682	73.8519
247	6377	73.6806
247	1089	81.3523
247	953	70.9131
247	919	68.7284
248	4886	76.3663
248	1198	81.1914
248	166528	77.9987
248	176371	76.9803
248	316	64.9138
248	147374	78.9959
248	102903	70.2691
248	189333	66.5327
248	122912	78.4954
248	58559	82.8539
248	5218	72.7614
249	110350	74.6172
249	102903	78.8952
249	2167	73.8217
249	94959	88.5697
249	84601	71.2583
249	2395	72.7450
249	97306	80.7583
249	3408	75.3602
249	89047	74.6172
249	91500	79.7806
249	91542	85.1111
249	40815	81.9675
249	69844	82.8849
249	904	87.8990
249	46723	78.1928
249	3826	59.4359
249	68791	74.7569
249	88812	66.8588
249	67695	70.0281
249	50	91.7943
250	1282	87.4407
250	2407	77.8756
250	318	97.3963
250	1597	71.9018
250	1246	91.8361
250	8880	81.2572
251	142115	93.1322
251	293	96.1966
251	356	97.2381
251	318	100.0000
251	1089	99.2711
252	164179	83.8713
252	89745	86.0548
252	6377	90.1677
252	164909	80.2977
252	1682	87.9314
252	166643	79.5280
252	143355	72.8136
252	78499	89.5802
253	44555	92.7618
253	916	95.7238
253	608	93.5039
253	2300	91.0679
253	7099	91.3379
253	4217	84.8058
253	26366	80.0404
253	1192	94.5407
253	4642	96.2228
253	3363	88.9191
254	46578	84.1464
254	44195	84.0219
254	207	72.3576
254	49278	68.0909
254	6333	77.0808
254	780	71.1879
254	110	84.4895
254	1210	84.8905
254	49272	81.6004
254	27846	80.4376
254	32587	79.3001
254	2571	87.0407
254	44929	75.0910
254	47	83.7394
254	293	83.6218
254	1580	75.5185
254	5995	86.7471
254	32	82.2463
254	592	71.7450
254	48394	79.5439
255	1270	62.6733
255	4467	54.3549
255	2023	49.8353
255	3501	44.9234
255	1663	56.0278
255	1394	57.6592
255	3392	46.3430
255	2542	59.6132
255	2915	49.5437
256	3247	73.0198
256	88744	79.6139
256	377	81.6231
256	4973	88.3982
256	53972	79.2948
256	118696	74.9681
256	95441	75.3551
256	104841	80.1751
256	71535	81.4284
256	2953	69.9141
256	81229	79.5455
256	53121	72.0441
256	30707	86.2092
256	2571	88.9505
256	68791	79.1947
256	170	83.4417
256	6942	80.5430
256	90405	75.0969
256	6537	76.2538
256	33493	73.3428
257	1500	70.2878
257	594	73.8833
257	2502	79.9858
257	494	69.0382
257	2406	67.7622
258	4995	90.1725
258	7147	87.2680
258	72641	78.0954
258	76093	82.2599
258	47099	84.9072
259	508	58.1698
259	5945	57.7003
259	1784	62.3729
259	4886	66.8407
259	1356	62.6788
259	1584	60.9629
260	7361	81.4917
260	3556	73.6011
260	162	78.5680
260	903	83.8282
260	5690	77.1928
260	6337	72.9059
260	4878	77.8599
260	5617	73.1949
260	342	69.1796
260	5219	58.3403
260	2997	82.3529
260	8011	75.2896
260	1206	84.4413
260	3317	75.5855
260	6709	58.9021
260	8874	76.3378
260	2348	75.8260
260	3822	72.4672
260	2959	85.8786
260	8645	72.1579
261	3897	78.3677
261	16	77.7558
261	2060	70.7926
261	296	85.5660
261	2723	63.7647
261	1682	77.6161
261	4085	65.9858
261	2194	76.3868
261	7361	86.0013
261	4238	69.2101
261	58559	86.5698
262	708	59.5183
262	539	59.7864
262	457	67.4178
262	322	65.4722
262	339	58.6029
262	85	69.3389
262	26	68.6942
262	17	68.0659
262	213	48.1467
262	273	53.2890
262	593	71.9073
262	728	64.8863
263	223	75.1314
263	150	78.1449
263	500	69.5181
263	2987	72.7912
263	2953	58.0428
263	110	80.2812
263	4226	84.2445
263	8370	82.3611
263	1197	84.6642
263	7458	70.8392
263	708	70.8460
263	1111	77.3307
263	2125	79.9023
263	6942	76.6461
263	5013	78.8126
263	163	70.8488
263	457	79.9707
263	8636	76.3510
263	1967	77.3041
263	2085	71.7721
264	7841	84.8282
264	1376	70.8076
264	151	68.5806
264	5816	74.9461
264	1907	77.8316
264	1320	63.7751
264	1917	60.4358
264	150	73.6808
264	3578	79.2024
264	1090	76.1881
264	253	66.7466
264	1876	63.1056
265	3807	65.1296
265	316	65.7849
265	253	67.3855
265	1302	71.3324
265	724	59.6016
265	1240	75.7853
265	3504	71.8245
265	230	61.8033
265	3831	69.8788
265	1956	72.3079
265	3098	72.3924
265	529	74.6908
265	1270	79.5009
265	3791	64.5043
265	1177	70.6450
265	2322	60.5421
265	1488	61.1505
265	2474	65.5197
265	1198	83.9566
265	1962	65.2852
266	476	67.1774
266	2812	67.1774
266	2700	76.3196
266	2278	73.9143
266	24	53.9343
266	2770	55.9102
266	2702	64.3315
266	64	41.3660
266	1405	55.2298
266	2580	80.1569
266	1527	79.0812
266	2167	63.8250
266	457	78.8727
266	1580	71.5139
266	2300	76.7088
266	1923	72.9820
266	2094	62.6195
266	132	57.3975
266	2571	87.1547
266	2097	55.1117
267	2858	91.0424
267	593	94.3702
267	1175	89.8457
267	3006	80.9111
267	1302	84.1320
267	3999	63.9004
267	3113	67.5505
267	1093	75.0789
267	589	90.7596
267	2571	91.4847
267	923	89.6606
267	3996	87.1469
268	1641	66.7324
268	587	56.7744
268	1125	68.4276
268	1911	41.2691
268	2802	52.3453
268	1036	63.3657
268	1370	53.2015
268	50	70.5501
268	2064	76.0023
268	1784	59.9847
268	1912	70.3677
268	1966	73.0228
268	454	59.6897
268	1234	74.1476
268	2247	54.8701
268	1394	70.6153
268	2829	60.0030
268	802	58.2117
268	260	70.2829
268	2858	66.7068
269	724	67.7034
269	743	55.3942
269	95	65.8662
269	1	84.8515
269	63	62.7930
269	648	75.8638
270	661	59.9470
270	62	68.1539
270	79	46.7974
270	628	66.2657
270	14	67.6470
270	1356	70.5746
270	141	63.8170
270	25	69.0462
271	3897	69.4039
271	32	69.8982
271	2791	67.6842
271	969	70.6170
271	6787	72.4759
271	2858	70.0860
271	55765	68.2436
271	1320	53.9972
271	2288	67.6223
272	177765	65.0636
272	1240	73.2036
272	51662	71.0043
272	122922	73.2657
272	49272	76.9403
272	158238	75.9159
272	6365	63.8838
273	440	78.8161
273	593	90.5850
273	500	74.8275
273	608	90.0802
273	223	85.6273
273	111	90.9672
273	150	81.8458
273	21	77.0918
273	466	66.8759
273	235	80.1432
273	520	71.1162
274	50147	66.6429
274	2947	71.7224
274	3037	78.2482
274	1645	68.8181
274	4951	67.3823
274	2036	62.6856
274	1359	58.1067
274	35957	59.5042
274	553	76.3742
274	76293	59.4048
274	3918	68.5952
274	1503	57.8948
274	45431	64.9543
274	4816	63.6425
274	54999	69.7658
274	5667	66.6429
274	4876	52.7528
274	56805	63.3850
274	1921	75.2202
274	54004	69.0127
275	1784	78.1303
275	2289	87.0608
275	5884	75.9569
275	1171	81.6564
275	357	79.2159
275	1912	80.6973
275	2539	69.4583
275	235	83.6908
275	4886	77.0155
275	2572	76.1133
275	2355	70.8979
275	3253	75.2956
275	1192	87.5584
275	926	87.0931
275	111	88.4977
275	2100	74.2673
275	3089	90.2829
275	1393	77.1810
275	1719	95.0210
275	1392	76.3741
276	673	78.4820
276	356	100.0000
276	466	81.8693
276	104	89.4112
276	631	79.3219
276	648	90.4363
276	2	90.2874
276	1367	82.5320
276	344	83.6937
277	637	69.1554
277	736	73.2089
277	656	71.4456
277	1	86.0833
277	780	77.6450
277	260	93.2799
278	2371	68.9809
278	1347	69.2492
278	4002	79.0062
278	318	98.5255
278	2369	62.6592
279	134130	78.8821
279	1101	69.8717
279	166528	73.7985
279	90405	63.7912
279	61132	64.3273
279	79132	78.0988
279	56782	82.1549
279	97913	74.2466
279	1608	65.3521
279	4226	80.3395
279	59315	69.6896
279	88129	74.7527
279	54286	68.4079
279	1258	77.2823
279	8665	65.3612
279	58559	78.2853
279	4993	79.9389
279	8376	63.3465
279	107406	69.4019
279	1200	82.8719
280	92535	90.3320
280	344	64.8834
280	262	86.2768
280	3146	59.8445
280	4239	81.9671
280	4447	71.5023
280	8638	81.4431
280	919	79.0817
280	72641	82.8936
280	86817	73.7600
280	8368	84.6766
280	49530	80.8145
280	6863	73.4477
280	35836	77.5561
280	55052	82.0244
280	54503	85.1927
280	4246	81.0390
280	48516	88.6429
280	1911	59.4949
280	3916	81.3505
281	46578	75.9223
281	8361	58.4010
281	35836	67.7880
281	3897	72.4574
281	3861	54.1205
282	5995	88.3744
282	3977	63.1415
282	3263	76.4436
282	25	72.9419
282	6708	77.9940
282	2683	75.4223
282	4718	68.7730
282	6711	88.3057
282	5481	64.6163
282	6863	72.3890
282	5669	85.5748
282	3752	71.4609
282	588	79.2933
282	80463	84.7790
282	1921	87.6822
282	1193	86.6596
282	4369	68.4970
282	48322	86.3520
282	1194	88.5697
282	784	59.9529
283	1580	64.5336
283	39	60.4298
283	1704	73.8380
283	356	77.0564
283	586	55.3795
283	2082	50.4119
283	805	65.1705
284	474	82.4230
284	173	65.8470
284	2	81.5591
284	296	94.5585
284	15	68.4912
284	348	82.0514
284	248	68.5587
284	318	100.0000
284	47	90.9620
284	353	87.1823
284	275	59.2887
284	44	62.4031
284	339	76.8643
284	367	76.8533
284	276	73.2096
284	165	84.6548
284	637	72.5297
284	235	79.7783
285	1193	84.7136
285	949	74.3190
285	1247	82.2452
285	6978	67.4086
285	113207	69.4203
285	4447	64.3542
285	441	76.8645
285	296	84.7643
286	454	74.8241
286	778	82.8606
286	5989	76.3287
286	1333	70.6274
286	165	72.4787
286	500	66.8916
286	7438	82.5464
286	2294	64.5852
286	4993	86.3798
286	4995	80.6539
286	7361	86.9692
286	70	67.9002
286	4980	61.6683
286	1258	84.3810
286	4963	75.8776
286	1097	73.9709
286	4848	78.9732
286	539	71.7398
286	377	69.5586
286	110	87.0713
287	3160	67.8892
287	3578	58.7175
287	223	62.3882
287	2633	68.0261
287	1059	60.6369
287	586	40.0150
287	3005	40.2568
287	532	45.2873
287	1193	71.0451
287	2599	62.3079
287	2028	61.0288
287	1485	43.0224
287	3826	34.5728
287	2081	51.8561
287	8949	66.7796
287	2012	50.5062
287	101	67.3220
287	4034	72.3287
287	2422	25.1015
287	2115	54.2608
288	4473	64.4707
288	4966	64.4707
288	1008	64.4707
288	2867	59.7199
288	42015	59.8909
288	141	62.4963
288	2571	82.3793
288	13	57.7148
288	53519	64.7198
288	2407	65.9156
288	5418	72.9271
288	3916	70.7180
288	2347	41.8173
288	2528	57.3489
288	30810	70.5665
288	575	44.8364
288	32587	79.9361
288	587	65.0704
288	2517	43.5548
288	8361	59.0848
289	3	65.5968
289	16	77.9350
289	235	71.7316
289	266	67.7715
289	594	72.9526
289	708	68.2293
289	750	85.9197
289	1080	78.2451
289	1101	67.9356
289	1208	84.2976
289	1220	75.8394
289	1258	81.7597
289	1917	60.9162
289	2012	69.5488
289	2174	71.7695
289	2710	57.9705
289	2797	74.1929
289	4322	75.0674
289	6125	69.8821
289	6327	71.4532
289	6453	69.8821
289	7025	67.7809
289	7028	75.0711
289	26704	72.9425
290	1228	90.5852
290	1299	86.4116
290	2494	80.2020
290	2739	87.4751
290	608	88.8498
290	2130	77.5101
290	908	92.8575
290	341	76.3432
290	1447	72.6892
290	342	73.7582
290	1056	68.5990
290	1719	91.6889
290	953	93.3596
290	928	92.0569
290	1394	88.1489
290	2648	77.3117
290	475	91.2394
290	2731	87.1566
290	1357	87.5401
290	2385	60.8651
291	40815	93.2127
291	122892	84.4616
291	106489	81.9480
291	134853	93.3720
291	7153	95.3073
291	88125	92.4834
291	1	91.8545
292	520	61.4622
292	103339	63.1244
292	122900	75.1027
292	4896	73.1980
292	2291	74.2981
292	474	74.3675
292	85056	58.9542
292	46972	66.3956
292	95167	70.9920
292	164909	75.2254
292	3176	65.2195
292	3476	61.2571
292	1608	68.9146
292	31221	43.4946
292	1101	67.6914
292	3985	69.3309
292	3984	75.0758
292	1017	69.5155
292	69844	77.3867
292	231	59.4054
293	1682	63.4841
293	1673	67.4762
293	344	48.8291
293	1617	68.0535
293	1097	62.0890
294	416	41.6223
294	3869	60.2777
294	1064	44.8353
294	2794	49.6836
294	610	63.7086
294	2133	63.1387
294	1391	51.9815
294	3868	59.2669
294	1129	66.1594
294	520	49.6181
294	3387	49.5859
294	355	37.6866
294	2378	49.7688
294	3693	48.8362
294	785	61.3593
294	2193	59.1957
294	2367	45.7001
294	2458	50.9647
294	348	66.3635
294	3501	48.6942
295	1221	87.0881
295	3198	74.8905
295	1287	75.3358
295	1213	86.1351
295	4351	64.5183
295	1198	85.7241
295	858	88.7419
295	318	93.3282
295	2329	87.1181
296	160848	70.9830
296	2028	83.2880
296	169034	70.9830
296	4144	80.1833
296	50	86.5153
296	2324	83.2234
297	832	45.4979
297	543	52.5983
297	1645	55.7472
297	111	70.6854
297	454	55.5829
297	1089	73.9869
297	6	63.2495
297	1249	68.6511
297	1047	46.7569
297	1370	55.5329
297	1488	41.1031
297	150	60.0195
297	170	49.4536
297	1092	50.6983
297	866	68.5717
298	57640	59.1744
298	95510	53.1392
298	6811	39.7010
298	8370	57.7705
298	8807	55.9177
298	63131	48.6138
298	6881	42.2171
298	3785	42.2136
298	122900	60.4131
298	103042	52.7858
298	6294	35.6303
298	2167	50.9641
298	2005	58.1877
298	6006	41.7475
298	653	43.0931
298	55995	31.7721
298	3018	50.0886
298	69757	55.9011
298	103772	49.8136
298	3825	39.8939
299	3793	77.9600
299	1387	83.8322
299	188	78.0904
299	1198	86.5537
299	1214	81.6126
300	318	86.9491
300	356	81.1498
300	527	82.6882
300	593	82.9275
300	1172	82.1537
300	1704	80.5725
300	2028	81.4353
300	2324	81.9876
300	2329	82.6458
300	2571	81.2628
300	2762	76.0727
300	2858	79.9072
300	2959	84.3481
300	4848	79.4563
300	4973	84.7774
300	5995	80.4126
300	6016	82.0729
300	6711	81.7592
300	7361	83.8497
300	8950	78.1518
300	48394	76.1419
300	56174	69.9500
300	63082	78.6461
300	79132	80.8507
300	81591	72.4120
300	92259	83.5436
300	99114	78.1276
300	109487	78.8823
300	112183	69.8249
300	112290	78.5539
300	112552	81.3968
300	112556	76.8279
301	21	65.2129
301	357	62.8611
301	2490	57.1231
301	6711	80.5245
301	589	68.3595
301	8949	70.5137
301	837	53.2752
301	3948	63.8630
301	364	74.2843
301	527	77.2678
301	5989	74.1761
301	4963	74.2442
301	608	74.4327
301	292	61.2867
301	3578	72.0067
301	3897	76.4450
301	4226	82.3234
301	3753	56.8886
301	1393	60.5799
301	1792	49.2052
302	480	80.1485
302	14	76.9536
302	3	70.7453
302	25	77.9443
302	648	76.1973
302	707	64.7498
302	110	86.0140
303	5378	67.2246
303	3703	88.4061
303	1127	79.6280
303	5544	75.9354
303	1196	85.4080
303	3471	79.7048
303	1580	74.3697
303	1394	79.0827
303	2683	68.4896
303	920	74.2699
303	1358	74.5405
304	314	81.6597
304	2571	91.2869
304	2433	71.7227
304	10	78.2125
304	1376	82.8432
304	480	83.5812
304	1373	67.9849
304	1777	75.2138
304	1270	90.9700
304	1517	79.6578
304	151	79.3422
304	356	88.5631
304	208	64.8202
304	474	84.0040
304	1214	87.2589
304	1375	80.8530
304	640	64.4647
304	1722	68.7161
304	185	67.5904
304	2701	55.6533
305	74624	76.0050
305	140627	76.0050
305	87869	74.6980
305	919	82.9447
305	1197	89.8340
305	106100	75.1137
305	138210	76.7719
305	788	55.4988
305	7482	88.0510
305	80590	75.9934
305	103075	68.4487
305	903	89.8553
305	6537	70.8616
305	93840	79.1603
305	54736	82.5765
305	592	69.5523
305	2288	84.7430
305	58803	76.5990
305	55276	80.9065
305	1272	89.3238
306	5784	48.1926
306	68954	69.0713
306	69644	53.7993
306	6377	67.9661
306	95543	69.9741
306	81847	69.8684
306	111743	64.3782
306	85367	69.3894
306	168418	79.2805
306	167018	71.6217
306	72998	60.5600
306	122904	66.5168
306	69406	61.3026
306	85788	54.8926
306	4963	64.9928
306	115664	59.5474
306	134368	68.7815
306	112852	72.6766
306	161634	66.4122
306	133419	69.4157
307	2190	57.8972
307	4181	57.8972
307	31424	57.8972
307	49314	57.8972
307	5010	71.8463
307	7845	43.9731
307	3392	47.7500
307	1220	65.4996
307	6793	28.9743
307	6483	33.6326
307	2332	37.0632
307	56003	39.8741
307	1991	47.2379
307	3273	35.2850
307	4876	33.2116
307	3421	66.9792
307	1409	41.1958
307	413	45.3343
307	4447	55.8703
307	52867	57.8972
308	2959	49.4930
308	45517	56.7207
308	96821	72.0172
308	72998	58.1187
308	318	52.1216
308	2	44.6032
308	904	43.2164
308	589	38.2008
308	8961	57.3242
308	56152	67.5176
308	56367	66.6483
308	5618	68.2938
308	36	31.3275
308	410	31.2604
308	79132	57.5160
308	4993	52.9387
308	8464	58.4669
308	1221	44.4927
308	2248	48.5244
308	6	33.5198
309	2202	84.3105
309	1645	67.4073
309	898	85.5297
309	1682	73.5905
309	296	80.2333
309	1089	80.6585
309	1269	77.2736
309	7153	80.4540
309	6947	70.1684
309	8340	67.6913
309	1104	81.8073
309	7218	69.0022
309	25886	76.7808
309	1219	77.0907
309	8154	75.1890
309	971	75.9684
309	1944	74.0261
309	6365	64.6287
309	1262	77.1175
309	2762	74.2789
310	6863	66.3733
310	6947	73.7462
310	1101	69.0286
310	6503	46.6915
310	2524	74.4669
310	2457	72.7065
310	5899	79.0076
310	733	70.9422
310	246	83.4060
310	3254	64.5530
310	1223	88.3578
310	1080	79.3157
310	2671	70.5856
311	6561	43.5960
311	5992	49.3962
311	1517	42.4977
311	6461	44.7922
311	1407	36.8531
311	2706	41.8913
312	5816	78.9097
312	1375	69.8785
312	3499	82.9862
312	589	80.1756
312	2454	72.5400
312	1358	83.1522
312	4878	86.4075
312	4103	80.5496
312	3793	77.8792
312	2028	85.9444
312	1371	66.9529
312	4121	73.9597
312	2366	76.8694
312	2747	62.9478
312	4105	76.9612
312	5446	73.1418
312	2699	66.0181
312	2529	82.4753
312	1350	83.9211
312	1356	79.7651
313	4980	51.5872
313	170	65.8951
313	3917	78.9611
313	2455	64.7751
313	5544	78.2385
313	541	77.0137
313	2193	55.8590
313	2000	63.7780
313	6	77.9039
313	1968	58.6882
313	1089	86.0586
313	1301	70.0513
313	1240	65.9973
313	3175	57.1436
313	4865	75.2480
313	2005	52.9261
313	2167	65.0770
313	1375	61.8817
313	2087	53.2979
313	2530	65.2709
314	7	58.2006
314	1042	63.9706
314	44	40.1141
314	165	56.4735
314	457	63.6301
314	293	70.4500
314	597	59.8331
314	329	53.1940
314	442	51.1966
314	26	71.4180
314	830	61.7830
314	728	63.6832
314	618	61.8744
314	107	62.7528
314	536	60.6046
314	10	55.9390
314	1376	61.9069
314	153	43.3303
314	208	45.3721
314	150	61.1059
315	1262	71.6251
315	2729	62.8109
315	2529	66.0157
315	2067	71.5338
315	2553	57.3318
315	909	66.8757
315	902	68.1579
316	1748	68.8156
316	253	63.3600
316	3968	53.3507
316	158	47.3173
316	5445	65.4334
316	3751	62.2767
316	7438	70.1467
316	6874	71.2302
316	48	54.6030
316	3882	48.0783
316	2572	63.3652
317	133115	67.0781
317	73321	60.0313
317	91529	73.2137
317	74545	70.1964
317	7445	69.3693
317	1213	89.4974
317	48774	75.5986
317	4262	79.5659
317	1884	80.2956
317	5989	73.2208
317	3578	80.5058
317	4011	83.1423
317	68358	70.4137
317	1208	87.4300
317	72011	65.6275
317	3897	75.2932
317	3499	74.5244
317	96829	75.0839
317	116797	69.7654
317	56782	86.5186
318	26713	70.8359
318	81191	70.8359
318	90245	70.8359
318	111817	70.8359
318	127180	70.8359
318	145080	70.8359
318	150696	70.8359
318	7445	71.6092
318	1090	75.0238
318	116799	78.7782
318	82459	76.3080
318	48385	64.6992
318	2294	65.5842
318	64839	79.9632
318	88125	70.3115
318	109487	76.6877
318	4021	89.0211
318	33794	70.3463
318	54286	67.5556
318	89753	79.8229
319	115617	86.4969
319	6377	91.5377
319	356	93.3321
319	136864	58.3992
319	1221	96.4251
319	122904	86.2186
319	110	91.6642
320	72998	70.5353
320	71535	76.2823
320	31184	66.8974
320	59315	74.2246
320	1013	67.6978
321	587	71.3413
321	356	81.9513
321	160	66.1074
321	592	70.6047
321	597	72.5248
321	780	71.0192
321	339	71.5888
321	355	55.0768
321	410	68.8702
321	3	73.2535
321	500	70.6308
321	457	78.6025
322	2882	44.0221
322	1968	62.3351
322	2542	66.6871
322	58559	73.9140
322	2788	72.3944
322	2146	61.9704
322	2617	54.9172
322	2918	63.4672
322	778	67.4511
322	2599	63.6988
322	4027	68.8130
322	4993	72.1312
322	1230	66.6513
322	51540	64.9471
322	1	72.5700
322	1617	68.9924
322	1923	58.2580
322	4010	57.3293
322	11	70.1792
322	1035	69.3034
323	377	60.1868
323	480	64.4012
323	356	71.9350
323	1094	63.0616
323	161	62.1109
323	115569	64.3585
323	1198	73.8135
323	29	72.0249
323	551	66.0147
323	22	58.0650
323	318	77.9523
323	112183	58.1280
323	253	62.1981
323	111659	47.6930
323	3257	55.0402
323	260	74.4050
323	150	65.6175
323	329	56.4431
323	342	59.4482
323	266	57.3375
324	2764	81.1465
324	3972	73.4606
324	3864	47.5822
324	3949	73.1818
324	3897	73.8571
325	2848	68.6680
325	235	73.3528
325	2986	51.2252
325	262	76.4989
325	1573	63.4856
325	2596	69.2555
325	1584	73.2570
325	1217	89.1676
325	1676	63.2832
325	4714	56.7713
325	3770	55.5249
325	3261	66.6337
325	2894	68.6680
325	2155	67.2029
325	1279	83.2423
325	1614	51.6526
325	3994	67.8852
325	2268	71.5266
325	2915	65.1229
325	5008	85.0014
326	8665	76.4061
326	47610	76.8022
326	20	52.8167
326	2858	82.4789
326	86882	70.4791
326	5418	77.0736
326	4973	87.2134
326	133771	79.3094
326	48774	85.6405
326	2324	83.4147
326	1293	81.2318
326	2692	82.1570
326	72605	68.1949
326	70159	58.3082
326	54286	75.2937
326	5446	76.8119
326	6591	88.9094
326	4226	84.7456
326	105844	71.0757
326	31410	81.3898
327	3301	85.8316
327	150	87.4975
327	858	94.4408
327	1923	85.5743
327	51255	92.8702
327	48516	96.0130
327	1304	88.3693
327	765	74.5833
327	6888	67.1953
327	2706	83.2407
328	2687	64.8081
328	112852	65.7363
328	70286	60.7679
328	1196	74.7649
328	457	68.9519
328	364	72.4635
328	80463	60.4041
328	3489	64.3096
328	318	77.9252
328	595	66.8918
328	5349	60.8930
328	2542	76.0506
328	1219	73.6981
328	35836	52.6025
328	3751	67.3004
328	79091	57.4749
328	7153	68.6965
328	596	63.7056
328	2398	69.7726
328	1148	80.3713
329	130482	42.8150
329	136850	42.8150
329	858	46.8437
329	1884	40.4969
329	750	48.3810
330	5378	65.8702
330	316	53.6212
330	1639	76.6620
330	2918	79.7404
330	919	81.5666
330	3949	81.0989
330	3535	75.1153
330	5349	76.1909
330	380	57.4550
330	1676	65.6870
330	2502	84.6998
330	3703	72.6410
330	1682	83.0327
330	2683	67.8080
330	1206	80.7025
330	1721	67.3260
330	2791	78.6600
330	2081	75.2436
330	8874	84.0789
330	592	57.4663
331	8874	81.1178
331	6157	45.1750
331	88125	80.1578
331	6539	72.4151
331	3897	72.0630
331	4446	59.6320
331	7361	83.8920
331	50872	71.5962
331	4995	77.5716
331	4306	75.5848
331	6874	77.7917
331	5502	60.2379
331	3911	72.9218
331	608	86.3030
331	4447	56.3498
331	593	84.8526
331	3751	62.1931
331	8665	69.6814
331	4367	49.2637
331	2959	86.7824
332	47	78.5914
332	1653	76.2118
332	1258	82.9841
332	316	64.3695
332	8983	70.8816
332	431	71.9203
332	97757	67.1491
332	2291	75.0947
332	1835	67.3763
332	356	83.4092
332	5502	62.9904
332	4308	73.5391
332	1203	82.7549
332	1682	76.5644
332	1249	78.4949
332	76251	68.2349
332	2905	80.0899
332	318	87.6741
332	2294	63.5727
332	32	78.3213
333	3785	46.7308
333	3752	49.9006
333	3616	45.9757
333	3615	46.2528
333	3646	29.2735
334	55820	69.7042
334	1196	74.6533
334	1580	66.6878
334	1291	74.3666
334	3996	71.2348
334	589	71.0005
334	30810	62.7976
334	4027	69.3576
334	1	71.7755
334	64957	62.4041
334	1625	67.2450
334	50601	52.1206
334	44195	74.0573
334	27416	67.4229
334	6867	65.9541
334	2997	73.5456
334	293	72.6212
334	480	66.7137
334	5378	57.5709
334	51935	65.6922
335	780	72.8990
335	592	72.4909
335	356	87.1881
335	296	87.8262
335	2699	58.9200
335	2001	64.9146
336	1267	94.7402
336	1	88.0845
336	38798	76.6273
336	33660	89.0327
336	1784	84.3894
336	2001	77.2331
336	2268	87.3561
336	293	91.9852
336	1625	85.4196
336	4886	87.2751
336	50	93.4381
336	150	85.7752
337	318	100.0000
337	47	94.2295
337	16	94.4339
337	805	93.0090
337	1393	88.5481
337	266	85.0343
337	667	75.1383
337	168	80.1009
337	784	78.1254
337	65	72.3783
337	110	94.9705
337	708	85.0115
337	25	83.7727
337	1356	92.1346
337	277	78.5119
337	786	83.5384
338	189111	57.7105
338	190207	57.7105
338	190215	57.7105
338	190219	57.7105
338	7153	77.6253
338	593	83.9706
338	187541	34.5427
338	185029	38.4872
339	72641	76.7796
339	5445	75.2511
339	84152	81.1762
339	96079	73.4159
339	106072	67.5766
339	69122	73.8486
339	5617	88.1076
339	41285	81.1784
339	56869	74.0863
339	48322	90.4071
339	65216	85.4804
339	91630	73.2930
339	86504	82.8867
339	91529	73.5982
339	83613	66.6595
339	4993	82.0861
339	3470	88.4874
339	102407	72.0436
339	2028	85.4802
339	5952	78.1357
340	10	69.4435
340	110	79.0763
340	150	74.8214
340	153	58.8024
340	161	72.5119
340	165	71.7956
340	185	60.9624
340	208	59.2365
340	253	71.2258
340	288	66.7649
340	292	67.9218
340	296	82.1358
340	316	66.6779
340	318	86.9491
340	329	67.1286
340	344	61.8168
340	349	70.7056
340	356	81.1498
340	454	71.4850
340	457	77.5844
340	480	73.0938
340	589	78.2071
340	590	74.6933
340	592	68.2660
340	595	74.6371
340	648	69.4155
340	780	68.3235
340	1356	76.6261
341	2335	73.0240
341	3624	68.6441
341	130087	69.5631
341	1370	73.1432
341	135137	68.5330
341	117529	73.5141
341	5459	63.4671
341	45672	70.0951
341	1	78.3008
341	47099	79.9462
341	4025	63.6725
342	2683	61.4868
342	2598	55.9998
342	2881	60.9080
342	2369	52.4189
342	1268	68.4909
342	2605	57.3315
342	2599	69.9710
342	1198	79.4996
342	3157	49.9402
342	3826	46.6147
342	2428	48.9209
342	2827	41.7579
342	3863	57.7667
342	1959	68.9395
343	858	86.9725
343	3000	83.0038
343	48394	79.7274
343	4226	87.2044
343	4878	83.8570
343	3993	74.8547
343	2571	84.8289
343	1617	84.1407
343	31658	84.3215
343	55363	84.7372
343	55820	81.3055
343	296	86.0653
344	111362	84.7354
344	380	77.2674
344	316	71.2245
344	2628	69.7707
344	4226	75.8543
344	2571	83.0061
344	4014	70.5859
344	2012	72.3477
344	4034	70.0109
344	260	88.0950
344	2541	64.5471
344	4973	84.6827
344	5418	75.7082
344	2712	66.3509
345	1019	75.5573
345	2539	67.8662
345	926	82.9351
345	5902	84.2090
345	8810	64.5265
345	344	64.5938
345	5707	73.0492
345	2366	77.8437
345	56949	74.3989
345	3649	60.9017
345	6658	70.4002
345	3489	75.2359
345	412	75.0683
346	3174	65.5554
346	778	75.0014
346	608	77.1636
346	6711	76.6648
346	6286	76.1768
346	306	78.7291
346	7323	71.6627
346	307	75.6373
346	3535	69.5252
346	1212	82.2164
346	357	62.1361
346	3949	72.7901
346	714	75.4238
346	7937	76.0734
346	7396	80.9036
346	5878	82.2007
346	1120	70.0767
346	1131	76.8412
346	3627	75.8580
346	7115	69.5916
347	434	61.6073
347	590	74.8353
347	39	68.6051
347	150	76.2237
347	454	72.9444
347	380	69.4674
347	587	69.6839
347	317	65.9078
347	457	78.0210
348	318	100.0000
348	2324	96.6492
348	4368	61.7714
348	1213	98.4905
348	6016	97.3051
348	2959	99.4925
348	6893	92.8326
348	4973	99.5003
348	1221	99.5214
348	1960	89.9605
348	2019	98.4315
349	10	73.9832
349	161	76.4988
349	589	82.8233
349	381	75.8265
349	349	74.3477
349	231	66.5761
349	588	79.0604
349	509	74.5442
350	852	60.3292
350	7	58.2807
350	637	57.8914
350	648	67.1418
350	733	69.7845
350	12	49.2817
350	858	82.0999
350	661	66.2773
351	88932	70.8068
351	87222	64.7177
351	73344	81.5626
351	52579	68.8206
351	2231	75.3518
351	88744	72.9575
351	43836	62.2877
351	79132	81.1835
351	597	71.9737
351	58559	83.2159
351	12	48.2073
351	8914	76.5326
351	8950	77.6606
351	63082	78.2855
351	6214	80.1757
351	90376	76.0136
351	84152	80.5050
351	480	75.0060
351	4878	80.4220
351	1193	83.5973
352	72998	75.9224
352	71745	55.7771
352	1801	74.6702
352	34319	68.8422
352	2600	82.3005
352	65682	77.8696
352	1080	77.0208
352	79695	61.4991
352	110730	55.1123
352	38038	79.5456
352	130490	66.8970
352	97752	75.0706
352	1214	81.9234
352	94864	69.4588
352	41566	70.8986
352	56587	76.7682
352	44191	81.0028
352	114935	78.7915
352	59315	79.3596
352	47610	79.1561
353	552	64.6958
353	25	76.3734
353	267	56.6741
353	216	72.1716
353	367	71.8747
353	288	74.0711
353	144	68.1331
353	186	58.3144
353	333	74.4997
353	266	70.9046
353	112	66.6670
353	198	67.7867
353	234	52.1614
353	145	65.4996
353	293	84.9131
353	158	58.9080
353	163	75.5652
353	296	90.5644
354	1610	77.3095
354	4306	77.2200
354	2692	78.7781
354	3147	82.0568
354	47	79.6500
354	903	80.5343
354	733	74.3122
354	3977	55.4510
354	1225	82.5554
354	35836	68.7030
354	648	71.9349
354	44191	77.0521
354	8665	74.2372
354	1917	61.4047
354	7147	75.3165
354	1923	75.3601
354	589	79.7030
354	2959	85.2098
354	4718	63.5142
354	1196	81.5667
355	316	74.3842
355	1580	79.9857
355	3035	91.5489
355	3175	79.7585
355	317	68.7774
355	916	90.4237
356	2248	85.5694
356	52435	90.7212
356	52975	78.8013
356	7122	75.2388
356	44889	75.2388
356	1641	80.9301
356	2706	73.9122
356	4011	84.9574
356	802	74.4033
356	7323	78.9494
356	2502	86.3659
356	56367	82.3560
356	1223	90.0609
356	55118	83.2814
356	3949	82.7311
356	3996	79.7764
356	1246	84.4305
356	1466	79.5822
356	223	85.2207
356	7153	83.0499
357	4354	74.0442
357	8998	74.0442
357	27329	74.0442
357	2804	83.9228
357	595	78.3989
357	529	79.3840
357	4663	69.8493
357	4091	76.8369
357	1224	80.9658
357	1242	86.9932
357	34	74.4052
357	208	60.3606
357	58559	87.2564
357	6296	78.8242
357	30793	70.0691
357	1042	71.5961
357	2100	69.4325
357	551	76.8715
357	471	73.6026
357	2067	83.7158
358	26095	65.4587
358	605	66.2007
358	5066	72.2950
358	52328	71.7266
358	2226	65.4587
358	42728	73.1783
358	7361	84.0495
358	69844	76.1723
358	36525	60.5222
359	405	41.5314
359	1092	59.1154
359	1101	62.5410
359	51412	47.5757
359	648	64.6421
359	296	77.8515
359	1097	69.6329
359	2396	71.0541
359	2424	61.9271
359	593	78.8118
359	2701	41.4501
359	2942	50.7120
359	1682	71.3007
359	2530	54.1759
359	4995	75.2857
360	1422	72.5399
360	1620	60.4931
360	1488	65.5092
360	1711	64.4742
360	1414	70.6882
361	47099	77.9447
361	1580	56.3850
361	377	56.7594
361	1552	55.9368
361	49272	72.6338
361	1263	60.8312
361	53125	70.5074
361	589	63.3475
361	49822	74.6926
361	8360	64.0848
361	318	70.0290
361	2529	64.9058
361	5218	69.2777
361	6188	69.8151
361	2422	36.0689
361	3082	62.7075
361	1732	63.2405
361	1370	61.3433
361	46972	68.1465
361	7458	67.9924
362	1945	94.4194
362	592	76.8675
362	6539	85.0511
362	51540	84.2697
362	5989	84.9678
362	637	72.1711
362	70	82.8782
362	7153	89.1597
362	1252	94.1356
362	44665	86.2525
362	407	79.7066
362	6874	87.6298
362	2959	92.7153
362	1196	90.9911
362	1208	93.8438
362	8961	84.4092
362	48516	90.6470
362	7438	86.7317
362	356	88.7622
362	1201	94.5578
363	1552	49.9371
363	1732	66.7073
363	1517	60.1285
363	296	67.7897
363	653	50.7434
363	318	72.7757
364	858	90.7257
364	9	79.1202
364	783	79.3292
364	376	79.8829
364	1	85.4073
365	59315	55.8899
365	81229	63.9073
365	128975	60.9632
365	6874	59.5329
365	90345	53.1447
365	158872	68.3009
365	129354	66.9136
365	103075	46.8127
365	135536	51.4386
365	70286	59.7776
365	112852	61.8351
365	76077	62.1744
365	112818	52.4143
365	1777	57.9156
365	6502	63.4636
365	155820	53.8600
365	541	55.4446
365	95720	63.3487
365	93270	49.8328
365	135569	63.2949
366	116797	81.7180
366	59315	77.5842
366	33794	79.1549
366	91529	82.2952
366	2028	84.7668
366	122882	78.9831
366	7438	80.7280
367	926	88.7062
367	3061	80.5744
367	1270	92.6082
367	1287	84.5433
367	486	72.0516
367	3536	79.8469
367	3824	61.5344
367	2384	68.9380
367	3072	78.1425
367	898	87.4937
367	3618	78.7608
367	3225	69.7407
367	2248	83.7861
367	3157	74.7612
367	3969	87.9348
367	3717	78.6611
367	1259	88.0278
367	4023	77.3262
367	1196	91.6137
367	1258	93.1605
368	3753	55.7216
368	2112	50.6928
368	1944	69.0943
368	2986	41.1494
368	3869	60.2981
368	1214	73.0409
368	2947	65.8481
368	415	38.9919
368	3035	72.2846
368	832	54.6466
368	50	81.1943
368	2819	62.0575
368	1801	55.8171
368	2490	58.6381
368	1917	50.8370
368	1391	52.7160
368	2193	57.6952
368	225	60.3354
368	161	65.2538
368	2881	52.5862
369	1256	70.9725
369	785	64.4453
369	47	72.0627
369	2706	63.0774
369	839	54.4601
369	377	63.5575
369	52973	73.6266
369	743	46.1241
369	4214	55.3408
369	5418	71.8082
369	3863	63.3757
369	1372	60.0744
369	27904	73.4198
369	60069	77.0930
369	2857	61.9503
369	1967	75.4787
369	150	68.8472
369	2011	64.6281
369	1580	62.4868
369	3174	68.9715
370	4011	72.9922
370	4878	72.4430
370	8961	70.0458
370	6377	75.1890
370	2628	52.9592
370	1748	69.6026
370	2116	60.2547
370	589	72.0874
370	2329	76.6787
370	7438	74.4695
370	3977	54.3428
370	1676	58.1038
370	593	76.6600
370	4973	80.9021
370	4226	77.2070
370	1240	65.7899
370	1089	73.3038
370	8636	71.6612
370	2716	65.2334
371	2571	97.5384
371	112512	84.8902
371	1258	97.9370
371	4090	88.1865
371	56715	99.7530
371	3000	96.9052
371	4226	99.1251
371	4993	97.7525
371	1748	94.5073
372	335	63.6053
372	924	82.9453
372	318	92.0923
372	1603	46.9609
372	1479	63.1631
372	589	84.1939
372	81	59.4213
372	387	51.0268
372	616	62.0531
372	337	68.7334
372	1220	76.4649
372	1201	82.9236
372	165	77.6118
372	1243	75.9030
372	1258	85.5760
372	377	74.9895
372	1401	61.5109
372	450	49.2396
372	1206	85.3439
372	1306	53.6262
373	216	56.6984
373	60	52.6145
373	169	36.5213
373	350	50.7800
373	585	45.1190
373	44	42.9867
373	371	60.4604
373	163	57.8326
373	616	64.1389
373	198	64.7278
373	265	71.1054
373	25	69.8296
373	6	72.0003
373	733	60.8326
373	47	74.2499
373	2	62.9985
373	736	55.1228
373	305	58.9270
373	357	64.7593
373	141	58.9797
374	296	83.6137
374	208	60.6508
374	1219	83.8262
374	480	74.6638
374	592	69.7795
374	1258	85.1680
374	1339	77.5197
375	344	67.0402
375	1027	68.0275
375	32	86.7261
375	2628	71.4687
375	3256	76.8702
375	4226	91.4166
375	500	73.3159
376	91535	77.9000
376	2002	65.4070
376	1214	84.0897
376	1101	71.7455
376	2916	78.5695
376	33794	84.2117
376	1198	85.3534
376	349	80.6942
376	1371	68.8356
376	376	74.4970
376	1240	84.1981
376	1375	72.1046
376	4993	85.2105
376	858	89.3360
376	457	86.0590
376	4226	85.7728
376	5952	84.2372
376	344	68.6454
376	2763	82.3625
376	2797	78.2054
377	4942	76.4314
377	2793	59.9518
377	1262	93.0799
377	2791	85.5324
377	748	75.4677
377	1345	77.8480
377	5027	64.3299
377	5113	76.2742
377	27692	76.4314
377	3421	85.0434
377	6021	76.4314
377	3364	68.5981
377	2072	69.3412
377	8641	83.4234
377	2163	62.8711
377	92760	76.4314
377	2858	90.0870
377	1503	64.3962
377	2124	75.8590
377	2015	78.0031
378	33794	78.0546
378	7153	84.4013
378	48516	85.1168
378	3114	79.0438
378	858	86.8625
378	68954	80.4865
378	91529	79.4326
378	71535	76.6048
378	90600	70.5873
378	364	80.5468
379	318	86.4096
379	377	69.3398
379	19	55.3674
379	292	68.6616
379	480	73.5668
379	367	64.0078
379	597	69.9624
379	344	61.9193
380	60818	75.1369
380	172875	75.1369
380	172881	75.1369
380	172887	75.1369
380	355	59.0137
380	6979	78.4507
380	5476	45.8380
380	2735	64.3475
380	68194	76.0580
380	63433	65.7534
380	72356	79.7751
380	105731	72.0262
380	1833	64.4802
380	551	83.8436
380	6731	80.3873
380	27831	85.3122
380	1665	67.8718
380	393	58.2940
380	140956	73.7183
380	2791	90.6522
381	2085	69.1888
381	1088	72.4660
381	3253	69.9393
381	185	56.7134
381	317	62.1572
381	27808	66.5078
381	1240	71.7036
381	19	50.0979
381	3753	70.2419
381	4321	60.2550
381	72011	75.4808
381	3082	65.0618
381	333	71.0896
381	2140	65.5875
381	1385	58.7022
381	2273	64.0485
381	1208	84.8382
381	457	72.7469
381	104	64.5697
381	2716	74.0756
382	1204	98.6693
382	142372	57.7935
382	135532	68.9611
382	1201	96.9668
382	112171	71.0386
382	1198	98.7868
382	912	98.7851
382	81847	82.9154
382	4638	65.4914
382	63540	49.2549
382	1681	52.7475
382	170289	72.2469
382	103042	75.3494
382	72737	74.5179
382	2496	72.3695
382	357	81.6000
382	81537	66.1292
382	59501	75.5628
382	101362	63.3860
382	4890	72.9791
383	2436	78.8182
383	2541	68.3231
383	2496	66.0668
383	1584	73.1660
383	2558	53.8428
383	1246	81.1414
383	903	82.6189
384	3527	69.4224
384	1388	49.6711
384	2683	62.9644
384	2502	78.3081
384	4333	51.8181
384	3098	65.9482
384	4396	51.5069
384	457	74.7030
384	358	48.2963
384	968	69.3653
384	2724	50.3886
384	296	80.0520
384	3991	56.6183
384	1204	79.6167
385	736	63.8349
385	1080	80.7641
385	249	71.4964
385	1219	80.7772
385	1036	80.8888
385	1136	86.2205
385	282	60.6645
385	1073	74.8148
385	1200	82.1870
385	1228	81.7775
385	1022	64.1609
385	1007	50.1182
385	1201	84.4010
385	1246	77.2789
385	344	57.2484
385	589	77.7095
385	1023	64.1961
385	1287	73.1479
385	594	67.8992
385	1303	81.1176
386	110	60.4775
386	410	47.9256
386	112	49.3982
386	165	54.1792
386	223	61.4223
386	648	51.7021
386	185	44.1893
386	608	65.6587
386	485	50.2300
386	305	46.2996
386	44	37.2643
386	585	46.7136
386	349	53.2511
386	10	52.5165
387	4393	64.1539
387	5156	64.1539
387	5780	64.1539
387	7336	64.1539
387	26124	64.1539
387	40966	64.1539
387	2712	69.3374
387	5062	66.7577
387	1247	81.2605
387	5489	64.1539
387	4195	69.6651
387	7132	77.5182
387	2946	63.1451
387	1387	73.8860
387	3000	77.0617
387	51939	56.0772
387	4995	71.9367
387	912	84.3360
387	7938	64.1539
387	1783	56.0042
388	6158	69.9996
388	63239	69.9996
388	33615	78.6006
388	86298	69.8370
388	62999	83.9628
388	8360	79.0810
389	17	91.3065
389	140	79.8456
389	628	89.2664
389	762	66.8467
389	743	68.6425
389	95	77.1239
389	32	96.6643
390	6344	70.1372
390	64957	69.7501
390	4239	73.9071
390	5220	51.1122
390	1193	79.9749
390	2571	78.6637
390	9010	79.1935
390	2291	75.5837
390	5296	53.2822
390	4226	80.7069
390	7254	71.1248
390	6377	77.3545
390	63062	73.6392
390	1206	80.5409
390	2329	81.3735
390	4014	70.2601
390	1784	71.1621
391	5575	69.8780
391	500	61.8748
391	3994	60.9367
391	1213	88.7378
391	516	63.5009
391	199	83.8726
391	4027	76.2605
391	150	63.8579
391	1408	73.2914
391	4014	60.8503
391	1527	66.8847
391	1059	75.8072
391	2916	66.4052
391	4973	87.1452
391	357	66.1877
391	555	70.4347
391	5026	78.4716
391	4936	68.4023
391	1210	74.2089
391	3067	75.0932
392	3004	55.6229
392	2858	82.4213
392	707	57.1510
392	1198	82.7634
392	1125	72.6034
393	91658	73.1339
393	102125	74.6244
393	48394	86.8643
393	36517	70.6106
393	8636	81.6346
393	110102	83.9703
393	44199	75.2908
393	5388	64.7010
393	54259	72.2289
393	4848	72.4237
393	5669	75.8925
393	1291	81.0824
393	68848	77.3526
393	86190	69.2621
393	2571	83.8422
393	1206	81.1929
393	122892	79.6551
393	106642	97.9714
393	1625	68.8653
393	106489	68.3552
394	588	63.3932
394	316	55.8271
394	344	50.1984
394	225	56.9647
394	457	67.1055
395	329	62.8510
395	1025	63.5585
395	296	74.6075
395	160	55.4171
395	208	54.8763
395	173	52.2472
395	485	60.8771
395	355	45.3580
395	520	59.9169
395	595	65.9475
395	126	47.6526
395	48	57.7328
395	367	58.3506
396	1276	76.9381
396	1597	53.1002
396	1777	62.6762
396	44	44.6426
396	204	49.1173
396	2081	65.9977
397	4017	75.4147
397	8645	78.2297
397	1701	81.5314
397	8228	79.6843
397	6993	83.1701
398	6408	76.3078
398	1197	90.1841
398	5971	86.8451
398	7022	84.6323
398	1198	89.2465
398	60069	86.3039
398	2455	76.5000
398	1136	89.6110
398	48516	88.2682
398	82459	82.1358
399	1198	83.8352
399	110	79.5782
399	5445	75.6449
399	1196	82.4783
399	593	83.3208
399	480	73.3003
399	1270	80.8706
399	2194	78.2249
400	608	94.1901
400	356	93.3076
400	2571	93.2843
400	2959	96.0938
400	7153	93.1857
400	1221	96.3101
400	3578	90.0432
400	858	96.9840
400	59615	69.0196
401	5952	71.7874
401	6297	74.7757
401	55768	70.3027
401	48982	72.2398
401	166461	69.6707
401	49274	58.7862
401	50872	71.6354
401	32031	68.8339
401	79091	74.0650
401	170939	67.3823
401	38038	76.4942
401	8360	67.1285
401	3114	71.1265
401	33615	67.8542
401	1136	76.3386
402	1084	86.1208
402	597	80.3502
402	52	78.1842
402	329	77.8169
402	296	91.9566
402	586	72.4217
402	315	69.2732
402	1036	87.0744
402	434	71.8850
402	527	92.6582
403	110	81.5802
403	2427	63.8111
403	3210	69.7186
403	296	85.2743
403	61465	66.9746
403	1663	72.5562
403	180	69.0898
404	204	51.9701
404	349	68.0068
404	474	72.4568
404	34	71.8070
404	364	77.3256
404	508	72.6106
404	105	62.8707
404	593	80.6121
404	509	67.0847
404	277	60.7182
404	315	57.6425
404	185	59.4176
405	70708	74.7620
405	293	84.3792
405	7254	75.6547
405	37731	75.3311
405	2959	87.9760
405	345	79.1533
405	1213	86.0493
405	7134	74.7620
405	64614	81.2988
405	6023	76.2453
405	1241	83.9989
405	2329	85.6862
405	1247	83.8929
405	3052	75.2058
405	68237	81.7927
405	1199	87.1494
405	27592	81.9707
405	27664	75.3521
405	3418	74.7153
405	1215	86.3796
406	1586	44.0765
406	135	48.6694
406	56949	70.9201
406	46972	62.3544
406	724	55.9660
407	7153	86.8946
407	2959	88.7314
407	6539	81.0577
407	1240	79.1414
407	54286	77.5475
408	1198	93.1270
408	122904	82.1947
408	44840	71.6109
408	165101	68.0407
408	6618	87.2725
408	1291	91.2229
408	1210	91.0904
408	89745	86.7480
408	1278	94.9294
408	7324	80.4809
408	44	65.8446
408	8641	87.0659
408	115210	85.3644
408	103596	64.0792
408	68554	75.7773
408	2571	91.5010
408	109487	87.5530
408	63131	76.4604
408	80489	86.5640
408	4649	84.1642
409	2485	59.4189
409	2490	69.8259
409	2028	87.3277
409	3812	75.0167
409	1278	91.5420
409	2997	85.5916
409	296	88.4726
409	1078	74.8437
409	3016	69.7988
409	1073	82.1023
409	2683	68.7488
409	2289	86.8908
409	3846	74.0836
409	912	93.4809
409	2013	72.6516
409	1911	59.9670
409	2352	84.4309
409	1230	86.6889
409	2541	66.7493
409	3174	73.3878
410	389	75.5267
410	3224	92.7342
410	318	78.8579
410	2302	67.6989
410	4002	82.6692
410	1060	72.4465
410	4297	70.3272
410	3263	68.3701
410	1859	76.5332
410	111	82.0696
410	58	83.7152
410	2145	70.3540
410	3255	71.1093
410	2321	69.2288
410	3504	90.8517
410	3948	65.3438
410	11	74.9862
410	4019	74.5222
410	3	68.7614
410	597	63.8527
411	508	72.1041
411	261	72.9897
411	586	64.1360
411	432	57.1011
411	353	76.9733
411	431	71.5770
411	194	63.7345
411	318	91.4314
411	272	66.9957
411	515	65.9768
411	356	86.1822
411	266	68.7197
411	257	68.3828
411	349	73.2398
411	10	73.7442
411	31	60.3767
411	344	65.7626
411	227	57.3007
411	455	48.3222
411	122	49.3218
412	2828	53.1092
412	2384	62.3209
412	2915	75.9949
412	903	88.4108
412	608	83.4207
412	2720	37.4086
412	2858	80.7511
412	1883	70.9720
412	1307	81.3805
412	1214	80.8522
412	1784	76.6873
412	2239	96.5268
412	1	79.1342
412	930	91.5413
412	1136	84.6363
412	2710	59.2026
412	915	80.2748
412	2398	82.9723
412	17	80.3213
412	1079	86.9590
413	2706	81.7341
413	1198	95.2900
413	3753	85.2682
413	2424	81.4640
413	593	94.7141
413	128360	91.7774
413	4993	91.5975
413	16	92.3107
413	5574	91.6680
413	3948	83.4076
413	64957	85.8096
413	2959	93.7039
414	4458	70.9338
414	4666	70.9338
414	5285	70.9338
414	5635	70.9338
414	6033	70.9338
414	6493	70.9338
414	6563	70.9338
414	6628	70.9338
414	6797	70.9338
414	48319	70.9338
414	58879	70.9338
414	169992	70.9338
414	3802	49.0997
414	3599	67.7238
414	1600	67.4030
414	8666	33.1261
414	4975	75.6824
414	7444	64.6964
414	4081	52.4700
414	177593	96.9823
415	296	88.0020
415	1213	89.1118
415	4321	72.8305
415	3507	86.4507
415	4308	75.7708
415	47	83.4288
415	1021	55.2362
415	111	88.4405
415	2617	67.2612
415	1276	89.2756
415	3861	64.8312
415	4369	65.9230
415	99114	82.9196
415	1221	91.0600
415	63082	83.3025
415	1234	85.4503
415	45722	74.4755
415	1197	88.8845
415	175	85.6891
416	5952	53.3839
416	5951	52.0232
416	531	54.0614
416	1296	60.6657
416	1199	63.9295
416	1721	41.7243
416	830	47.0966
416	1206	60.5998
416	7323	55.2261
416	4848	59.5169
416	3677	59.1105
417	778	94.0468
417	4995	92.9357
417	4975	82.7403
417	7254	84.1828
417	1198	95.1777
417	106782	89.7267
417	27773	90.1596
417	168250	82.2802
417	1625	85.7282
417	7153	95.8725
417	74458	87.1620
417	110102	84.6799
417	48394	89.1276
417	4878	92.7209
418	356	87.0547
418	296	87.4071
418	63082	81.4986
418	104374	74.9538
418	1276	85.6518
418	1136	90.2699
418	117176	79.4790
418	1573	63.7352
418	137337	74.5479
418	1682	81.3917
418	5816	73.7382
418	88125	74.6586
418	74458	80.5180
418	367	62.6062
418	89745	78.0318
418	45672	57.4625
418	87869	69.2816
418	7361	89.7004
418	54001	73.9343
419	4093	72.6307
419	111	82.4437
419	46976	81.2958
419	27822	64.0597
419	2858	82.6754
419	319	78.0492
419	6287	71.4482
419	3578	80.8983
419	1213	85.5221
419	64969	77.8836
419	47	80.0426
419	79592	77.1575
419	34319	74.9405
419	89580	72.6307
419	60756	79.4501
419	27704	72.6307
419	90943	72.6307
419	2412	47.8900
419	1240	78.4900
419	52245	70.8633
420	1161	79.4900
420	4993	83.4501
420	45499	68.0837
420	923	83.0440
420	26693	72.1798
420	48385	67.2850
420	1927	83.8805
420	5608	78.0490
420	2052	66.6470
420	6934	63.3521
420	7022	79.3043
420	3979	55.3585
420	59295	72.1798
420	2329	82.4304
420	54259	72.5860
420	1131	79.9155
420	2762	76.6730
420	4973	84.4847
420	5669	78.6864
420	527	82.6773
421	2858	86.5365
421	909	82.0634
421	5008	93.3696
421	953	85.7831
421	1178	92.1559
421	2313	82.9134
421	2478	65.5208
421	1203	87.3605
422	2539	56.6025
422	2710	54.5315
422	4947	79.4130
422	4971	59.2619
422	5039	73.1813
422	4925	66.3721
422	2581	53.1617
422	4916	66.9540
422	1265	75.7996
422	2804	71.6981
422	3053	66.8933
422	2665	66.3721
422	1283	82.3999
422	4835	66.4023
422	2908	70.4221
422	3943	56.0367
422	1213	81.6456
422	2670	75.0887
422	858	85.2127
423	1653	80.8309
423	110	87.9234
423	2194	80.4468
423	5349	73.5749
423	1320	67.2054
424	1193	73.3963
424	141	69.2798
424	2804	77.4790
424	40278	78.9176
424	608	73.5645
424	108729	70.7089
424	293	71.9216
424	69122	71.4736
424	1092	64.3580
424	54503	77.8474
424	58559	76.7109
424	3186	72.7550
424	66097	73.6049
424	778	73.6458
424	5679	67.5397
424	3176	67.2345
424	2288	72.9301
424	2174	68.7536
424	71668	71.9860
424	112556	76.3627
425	45517	66.1260
425	377	66.9298
425	2329	80.3209
425	733	67.1419
425	6	73.6163
425	1645	67.4295
425	8368	77.0966
425	2081	68.5262
425	4306	74.7570
425	1680	70.6297
425	1909	65.3777
425	367	62.9980
425	46723	70.9681
425	1625	68.4772
425	1036	67.4208
425	4901	69.0888
425	750	75.0631
425	2353	65.3551
425	1342	61.5294
425	145	64.9816
426	59784	70.6275
426	150	74.1908
426	471	67.7170
426	337	72.7867
426	54001	81.2912
426	1197	82.2527
426	6378	64.4524
426	72641	69.7713
426	4886	75.5832
426	8644	62.2815
426	37729	76.8322
426	597	76.2061
426	5444	78.7556
426	91325	60.4341
426	588	76.9624
426	3247	63.8992
426	4022	70.1582
426	79091	75.4564
427	4887	50.3625
427	5463	52.4101
427	5015	63.2555
427	110	77.6646
427	58	76.0416
427	5528	64.5378
427	6348	52.0775
427	5312	59.5534
427	2710	55.3868
427	5696	57.6584
427	4993	79.0054
427	5266	58.3184
427	2683	62.6151
427	5400	55.5307
427	5816	68.9168
427	1208	83.3206
427	5574	62.6287
428	2471	33.7753
428	2762	58.0786
428	3827	48.6031
428	1089	70.0684
428	2953	34.9534
428	2916	54.7555
428	1380	50.5885
428	1997	56.3138
428	3440	29.0643
428	4022	55.6712
428	317	43.2909
428	4255	42.1525
428	1208	72.4579
428	1391	46.9356
428	6377	61.9668
428	2581	45.0992
428	260	66.4825
428	3285	53.1972
428	588	50.6528
428	653	48.4549
429	339	84.7656
429	421	74.9717
429	150	91.6563
429	225	84.5791
429	165	88.1095
429	266	83.3811
429	329	82.3990
429	252	81.9637
429	279	81.0584
429	317	79.4219
429	237	80.0881
429	204	67.5634
430	923	84.2338
430	2987	73.6509
430	3745	74.6522
430	6287	65.7342
430	2858	82.8919
430	6365	71.3730
430	2571	83.5898
430	4447	69.4684
430	4014	75.1619
430	329	68.3940
430	2076	82.5433
430	4446	71.1918
431	172	43.4840
431	1625	61.4591
431	1376	58.3136
431	3948	54.3571
431	802	52.8341
432	1831	47.5751
432	5630	69.9319
432	6870	73.8782
432	8640	62.7806
432	6539	72.6379
432	3916	72.8287
432	5989	77.4617
432	84189	70.7182
432	110	74.0669
432	35836	70.2796
432	4886	73.8321
432	2762	68.5030
432	1206	71.8988
432	49272	79.9715
432	19	54.9607
432	318	78.8918
432	58559	80.8924
432	69481	82.5490
432	7158	75.5654
432	33660	77.4248
433	91529	69.4137
433	1089	77.7109
433	50	77.0918
433	5299	58.2871
433	110	73.5928
434	1136	87.6688
434	3147	86.9523
434	1090	85.0409
434	1265	83.5051
434	5989	74.1134
434	1101	68.5386
434	1779	54.5919
434	586	59.0552
434	344	61.6163
434	3863	69.0354
434	1208	92.9392
434	3160	78.6224
434	589	87.0353
434	780	73.0449
434	6796	76.8388
434	2791	83.6600
434	4226	90.5873
434	2194	81.2936
434	8665	67.8582
434	1291	87.9645
435	2353	78.5796
435	44191	89.3051
435	485	72.5586
435	3510	79.6279
435	34405	90.4415
435	2302	75.8293
435	158	67.8581
435	82459	88.2396
435	48780	89.5928
436	204	48.0419
436	435	45.3441
436	440	68.6298
436	432	47.7274
436	161	67.4267
436	480	68.8905
436	377	64.8497
436	531	63.9619
436	536	64.1638
436	502	48.4186
436	364	75.7856
436	235	71.2283
436	371	64.2906
436	344	56.9277
436	2	67.1293
436	585	56.2492
436	450	63.1993
436	587	65.1906
436	437	51.0000
436	227	47.2398
437	748	63.0498
437	318	92.2206
437	5	59.1941
437	640	55.5212
437	1299	88.0635
437	1120	84.3760
437	1396	76.0022
437	1246	82.4848
437	454	70.6347
437	1171	78.9418
437	1225	89.5943
437	1183	80.7200
437	1097	77.5323
437	1307	78.6265
437	1268	79.6181
437	592	69.6999
437	198	69.8026
437	155	58.5267
437	112	64.1499
437	246	93.8477
438	7154	61.3189
438	2501	71.0051
438	8966	64.5732
438	27801	76.4287
438	1527	80.7821
438	6711	82.5210
438	3898	54.3034
438	1784	76.5928
438	8644	66.2136
438	6367	55.1454
438	2424	67.3445
438	3889	52.6429
438	223	79.3092
438	1517	75.9415
438	7361	87.3885
438	2641	66.1033
438	5009	63.9567
438	2617	67.9120
438	3753	74.3840
438	2393	68.3366
439	356	83.9668
439	4022	75.9624
439	7153	85.3467
439	78499	82.6062
439	1240	77.5909
440	8690	71.9827
440	541	87.2891
440	29	81.8665
440	1653	83.2572
440	1274	81.7237
440	3174	74.3490
440	1235	86.7210
441	589	90.8113
441	2683	81.3153
441	2959	96.6253
441	4306	90.9423
441	260	96.0898
441	296	92.6068
441	51255	96.2055
441	47	90.7531
441	68358	93.0427
442	2908	27.6896
442	2881	17.5755
442	1186	25.4145
442	3752	20.1631
442	4361	26.5593
443	2329	85.3894
443	79132	85.0547
443	296	85.0217
443	48394	80.7312
443	106487	81.0315
443	108190	67.2815
443	7153	85.7172
443	63082	83.4179
444	356	82.7147
444	592	69.4915
444	208	59.3452
444	21	71.4862
444	111	83.6329
444	110	80.5953
444	235	73.7816
444	296	84.2653
444	344	62.0846
445	2028	84.4873
445	590	75.6603
445	34405	75.9103
445	47	79.2288
445	116897	80.6925
445	780	69.7757
445	4011	79.9227
445	899	78.3859
445	593	85.4510
445	33794	76.1481
445	1080	78.0318
445	45722	69.0703
445	17	73.8071
445	1230	74.5552
445	306	79.6202
445	2710	58.3316
446	237	59.6972
446	339	59.5268
446	300	64.7613
446	296	76.2165
446	480	66.7127
446	368	62.5906
446	288	58.5659
446	172	47.7645
446	17	70.3037
446	16	71.1646
446	357	63.8700
446	150	67.1684
446	434	52.7390
446	153	50.2498
446	648	62.2148
446	593	77.0256
446	337	67.3890
447	257	85.1386
447	293	87.7924
447	337	80.6876
447	531	78.5497
447	382	74.9775
447	589	84.6583
447	552	70.6239
447	253	79.2454
447	362	80.0372
447	532	70.3617
447	292	77.3843
447	31	72.1622
447	474	81.7135
447	540	72.4181
447	442	70.7111
447	160	66.3981
448	2368	59.9342
448	3284	59.9342
448	3933	59.9342
448	6302	59.9342
448	6476	59.9342
448	7245	59.9342
448	48262	59.9342
448	49688	59.9342
448	75803	59.9342
448	75816	59.9342
448	78116	59.9342
448	79590	59.9342
448	86593	59.9342
448	92198	59.9342
448	98908	59.9342
448	100326	59.9342
448	102819	59.9342
448	104760	59.9342
448	108715	59.9342
448	109191	59.9342
448	111680	59.9342
448	113416	59.9342
448	116207	59.9342
448	116985	59.9342
448	129657	59.9342
448	130083	59.9342
448	133377	59.9342
448	136654	59.9342
448	138546	59.9342
448	142424	59.9342
448	151777	59.9342
448	152658	59.9342
448	157130	59.9342
448	158022	59.9342
448	161290	59.9342
448	164375	59.9342
448	53996	63.9323
448	136778	59.9342
448	5418	75.6688
448	288	66.7067
448	88356	36.5252
448	2580	79.6943
448	155358	59.9342
448	2889	72.4549
448	4034	75.0296
448	148888	41.0631
448	81156	60.7852
448	2713	50.7647
448	103335	58.5739
448	95441	53.5616
448	34048	54.1904
448	80126	47.3424
448	3057	59.9342
448	1057	69.8150
448	2794	56.6131
448	33830	56.6845
448	8665	71.5910
448	6059	58.9880
448	110553	35.4358
448	90374	66.1795
448	151501	59.9342
448	3764	50.7942
448	6143	71.4901
448	103819	43.5201
448	4361	71.5647
448	104913	59.2776
448	3986	48.7786
448	5528	67.7182
448	1196	83.3478
448	105351	46.4879
448	83349	50.3390
448	3276	59.9342
448	1090	80.0554
448	5349	70.2308
448	587	64.6598
448	106330	46.6644
448	4677	67.3257
448	95508	59.9342
448	109895	40.1429
448	110611	59.9342
448	671	65.8592
448	2289	79.5856
448	152077	61.5848
448	80693	50.3632
448	111360	40.2817
448	170	61.5677
448	87444	54.9476
448	94323	51.7887
448	8493	62.9816
448	3671	82.2619
448	91653	57.6246
448	4981	59.9342
448	2991	76.7453
448	78034	59.9342
448	119145	68.6824
448	5099	51.7871
448	4299	52.5957
448	2567	57.0414
448	6996	30.8425
448	109864	43.4990
448	6582	58.2432
448	73017	67.6137
448	370	60.8574
448	543	70.3383
448	115617	66.6629
448	590	71.1379
448	154065	59.9342
448	5553	61.7575
448	41569	55.8218
448	3286	37.3226
448	6645	75.3114
448	589	75.8133
448	1920	53.8243
448	2857	58.5877
448	111663	53.6172
448	78499	72.0944
448	2657	66.8736
448	6537	50.1279
448	1148	83.5453
448	46974	47.2905
448	48516	81.9818
448	80241	53.0198
448	445	56.6439
448	4262	74.3365
448	3689	49.0125
448	114935	65.0091
448	6428	64.7783
448	127194	59.9342
448	109673	45.6315
448	127096	57.4875
448	89388	59.9342
448	4156	59.9342
448	3793	73.9123
448	33679	56.8807
448	2014	60.7772
448	64285	59.5633
448	3968	54.5248
448	49530	67.4601
448	3450	65.5339
448	160563	52.5247
448	5502	60.3219
448	8169	66.6153
448	6314	52.1041
448	122490	59.9342
448	3386	70.9002
448	140725	52.4186
448	4896	75.1535
448	2642	42.4708
448	127136	66.4623
448	2763	70.0434
448	2520	59.9342
448	457	74.1322
448	48783	63.8347
448	3263	59.7634
448	5400	48.2345
448	5541	64.4813
448	4011	79.1864
448	58351	59.9342
448	127132	59.9342
448	152091	53.7999
448	3698	61.6838
448	435	46.9021
448	4799	58.4181
448	84152	71.3145
448	3401	50.5159
448	2858	79.9543
448	3174	71.2796
448	7076	74.7016
448	106542	59.9342
448	6218	63.5061
448	2860	45.4575
448	1283	89.3826
448	3618	65.5119
448	2616	63.0792
448	90439	61.5464
448	2404	42.8038
448	4660	59.9342
448	2530	59.5561
448	26386	59.9342
448	4327	67.0114
448	3030	81.7442
448	71464	59.6294
448	32	78.9492
448	91529	71.9165
448	4158	40.3348
448	99114	70.7456
448	98585	51.4747
448	93326	42.8894
448	2268	70.2415
448	80489	62.8650
448	130576	42.0872
448	105504	72.0360
448	2791	78.1774
448	50601	41.4946
448	7007	53.5791
448	4234	58.6953
448	3623	50.4527
448	80727	54.0869
448	78467	38.5364
448	8641	68.8275
448	4128	71.0550
448	106782	73.5614
448	2537	50.7914
448	112138	61.3284
448	3247	57.8912
448	112818	56.6867
448	2027	44.4704
448	3101	66.2858
448	5779	59.9342
448	82202	46.1328
448	1704	79.1388
448	98296	59.9342
448	6863	61.8497
448	89305	47.4162
448	4203	67.0489
448	1201	83.9776
448	6212	40.9737
448	637	53.3331
448	84954	53.2109
448	6814	59.9342
448	94864	53.7517
448	67695	50.5206
448	159077	59.9342
448	92439	64.5349
448	6812	52.1272
448	3156	51.4559
448	802	62.2238
448	118354	59.9342
448	134130	67.7501
448	138036	62.3955
448	65135	59.9342
448	52975	66.5868
448	4368	32.0490
448	90717	50.8851
448	45722	67.7043
448	79259	59.9342
448	68157	77.0742
448	4233	36.4801
448	74458	73.0043
448	3258	57.8760
448	1262	85.4629
448	3949	75.9476
448	101025	34.6351
448	69526	36.4880
448	1831	45.4455
448	1083	62.5892
448	1884	79.5232
448	1476	68.9545
448	156609	45.1253
448	3755	56.0303
448	111659	46.7245
448	4734	62.0137
448	161	68.2578
448	95201	59.9342
448	135887	54.3503
448	2598	58.2990
448	87232	65.2667
448	4634	72.3576
448	5334	52.6301
448	5459	51.2380
448	146730	59.9342
448	72694	59.9342
448	157432	59.9342
448	132488	59.9342
448	4558	54.6401
448	1375	64.2741
448	6424	59.9342
448	71518	55.0589
448	2716	77.5871
448	94780	41.9466
448	3593	27.8816
448	129354	46.1876
448	158	54.3350
448	1409	58.3496
448	6514	59.9342
448	2881	52.3898
448	51662	70.7116
448	90522	45.7930
448	68554	51.9021
448	2126	53.8520
448	122932	59.9342
448	93510	67.1281
448	137857	61.6983
448	125916	52.5271
448	2953	49.4041
448	2090	65.1891
448	1760	29.2589
448	480	73.2019
448	58803	61.2056
448	2109	70.1918
448	50792	52.0251
448	46062	39.7853
448	85510	51.9466
448	80864	59.9342
448	112171	57.4414
448	122900	59.1783
448	2587	49.2386
448	1527	69.8117
448	117529	50.1283
448	4993	78.5684
448	92264	44.2109
448	5247	55.9825
448	533	57.8439
448	912	85.0960
448	26464	59.9342
448	2249	69.9969
448	4678	62.2204
448	103772	50.2256
448	114601	54.9269
448	96861	46.9803
448	420	56.2405
448	59615	51.1089
448	2349	73.8986
448	109372	51.7963
448	95207	47.3188
448	348	74.1213
448	19	55.8787
448	136020	46.9890
448	4502	38.6199
448	91094	44.9362
448	138208	54.5379
448	3511	43.9614
448	79428	52.4475
448	2643	34.8123
448	109183	59.9342
448	2139	76.7013
448	4212	59.9342
448	5942	46.7312
448	96417	52.7683
448	112852	70.6921
448	99728	55.5314
448	89470	62.0565
448	142448	51.5791
448	64983	50.5804
448	2640	70.1315
448	2046	65.3721
448	4881	77.5815
448	3882	46.9554
448	3744	45.5709
448	1032	70.1295
448	116799	61.1034
448	5	54.1017
448	4040	51.5074
448	157407	59.9342
448	2115	72.9286
448	1617	84.3395
448	4367	47.4103
448	105254	57.5162
448	3388	49.2783
448	3760	75.7328
448	2146	72.4959
448	2968	72.3618
448	6281	55.9368
448	466	58.5261
448	96448	46.8012
448	86332	56.7747
448	64969	65.2190
448	115170	59.9342
448	1036	75.9262
448	3397	71.1198
448	2474	70.7555
448	1408	74.3244
448	155743	59.9342
448	106920	74.1344
448	8542	65.3775
448	120466	53.9826
448	2051	52.5717
448	7143	71.5601
448	7150	49.0395
448	89087	44.2949
448	34150	45.6489
448	2253	51.8896
448	2973	81.5231
449	1917	53.9037
449	2502	74.8710
449	4034	73.9936
449	1222	76.7956
449	2770	50.1891
449	762	42.1262
449	2011	62.5302
449	2324	75.8430
450	3977	64.7215
450	589	85.8463
450	110	86.3393
450	3363	85.0309
450	3535	83.3093
450	3948	77.9927
450	3409	68.4219
450	1035	86.9092
450	3568	76.8213
450	358	67.2054
450	1259	86.7572
451	733	76.4170
451	593	88.8375
451	7	68.5426
451	5	66.3192
451	494	76.8680
451	25	78.2650
451	17	79.8952
452	4025	84.8612
452	2858	94.3327
452	2617	82.8968
452	5292	96.1412
452	1206	98.1979
452	1676	86.7372
452	3219	82.9120
452	47	95.3923
452	3101	82.6296
452	163	95.1237
452	1092	84.7624
452	1917	79.8970
452	2126	82.9565
452	1356	94.2348
452	552	83.7989
452	2628	80.3176
452	1200	92.7076
452	608	96.3562
452	2707	90.2324
452	3273	81.1737
453	208	72.1379
453	858	92.1998
453	2335	83.1843
453	4022	86.1602
453	3618	77.3967
453	1617	87.7306
453	3452	68.8712
453	1357	83.1680
453	112	72.8468
453	2671	86.6298
453	1884	86.7919
453	1894	67.8388
453	2294	81.2957
453	318	96.7079
453	1614	68.2978
453	3534	76.6772
453	2959	93.9547
453	798	60.9073
453	5266	66.9201
453	780	79.5288
454	7361	80.6741
454	2692	77.8644
454	7116	56.6876
454	55820	75.0988
454	6016	79.1859
454	27773	77.3076
454	2160	80.8473
454	2858	77.1003
454	26131	81.0149
455	272	76.5620
455	432	52.8441
455	367	62.3089
455	590	73.8164
455	253	68.5827
455	364	77.1701
455	555	73.6803
455	252	66.5864
455	110	77.1067
455	225	68.3320
455	588	73.1585
455	597	70.0286
456	1407	74.3078
456	634	71.7256
456	135	68.4899
456	5	70.2508
456	724	72.4083
456	780	75.5770
456	733	79.6411
456	260	91.3591
456	706	79.3397
457	329	66.3308
457	3593	35.7729
457	2692	81.0407
457	1356	78.0326
457	223	79.7990
457	2394	70.2752
457	2701	49.7595
457	3608	61.6147
457	733	75.2328
457	2094	65.5108
458	597	81.1610
458	185	73.7057
458	10	79.6518
458	380	81.0423
458	95	72.9405
458	454	86.4216
458	300	84.4045
458	595	83.4332
458	153	68.4626
458	587	81.2725
458	150	86.4195
458	552	73.3809
459	79132	91.3931
459	5618	91.5939
459	8961	86.2475
459	48780	88.8292
459	50872	86.7591
459	260	91.4860
460	89039	77.5408
460	4886	87.3787
460	4703	74.7020
460	3831	83.5333
460	1441	80.1028
460	4878	89.9015
460	3483	69.2360
460	8970	83.0384
460	1	86.2153
460	49272	91.3060
460	40815	87.9155
460	85414	80.3867
460	68237	88.5778
460	76093	90.5840
460	47610	84.7713
460	63082	89.9577
460	2571	90.5673
461	74458	60.9498
461	2762	57.3878
461	1036	57.0967
461	91500	52.7021
461	3578	59.9513
461	539	55.4665
462	26838	63.7459
462	89090	63.7459
462	164655	63.7459
462	188189	63.7459
462	1136	70.6359
462	1219	69.6238
462	158966	74.6642
462	1248	86.2518
462	508	54.5634
462	1653	57.6118
462	1674	59.5289
462	8917	57.8050
462	8620	33.5186
462	3424	81.0790
462	2146	56.2617
462	7044	75.4700
462	3814	85.7285
462	1213	64.9038
462	82857	63.7459
462	26131	82.3615
463	6377	84.6459
463	2028	86.9147
463	4310	67.0409
463	3753	74.0393
463	2006	69.0466
463	1092	70.9199
463	5995	85.2064
464	1370	76.7575
464	58025	62.1503
464	63853	54.6766
464	296	92.3954
464	2019	89.3589
464	3527	77.1643
464	5254	68.4487
464	7007	66.7997
464	1101	75.2851
464	1779	56.1186
464	377	77.7006
464	1653	85.0854
464	55820	82.7053
464	648	76.3361
464	33493	77.8400
464	1610	82.9412
464	65088	69.2941
464	74727	79.8879
464	1617	88.6113
464	62374	70.9821
465	2941	87.6135
465	2987	79.9235
465	1200	86.6887
465	3448	81.2351
465	5060	89.2126
465	1299	90.4372
465	3703	85.3183
465	3649	66.7051
465	1625	80.1703
465	292	71.4129
465	904	96.1356
465	3101	72.4056
465	1754	80.8669
465	750	97.0778
465	1256	85.3831
465	593	91.4090
465	3732	80.1940
465	3740	81.9141
465	3334	91.4074
465	377	74.9590
466	5418	80.1475
466	30793	73.4238
466	79091	80.5880
466	92259	89.0675
466	5989	81.2570
466	5459	70.7458
466	318	85.9098
466	63082	85.0927
466	59784	74.7683
466	5010	83.2264
466	74458	79.2687
466	6281	76.2214
466	5952	79.7735
466	8529	78.1427
466	64716	89.7223
466	68954	82.0824
466	4993	80.9671
466	45447	74.8992
466	81845	85.9868
466	55247	87.9334
467	41	75.1161
467	58	79.8491
467	389	69.8821
467	466	58.7737
467	527	82.6882
467	593	82.9275
467	780	68.3235
467	1183	73.3708
467	1233	83.6443
467	1357	79.4577
467	1365	71.6599
467	1408	77.9722
467	1721	68.4446
467	2028	81.4353
467	2125	76.0139
467	2324	81.9876
467	2334	60.7882
467	2384	59.3525
467	2390	77.2790
467	2393	65.9025
467	2394	70.7602
467	2493	69.8821
468	592	70.1225
468	349	72.1317
468	1	79.2697
468	317	64.9495
468	296	83.5318
468	32	80.3192
468	165	72.8083
469	3658	69.3732
469	3832	69.3732
469	3507	76.4643
469	3032	76.8551
469	2736	79.9918
469	2132	83.9140
469	1958	79.0777
469	910	82.5195
469	1090	84.6442
469	1485	57.9535
469	1388	56.3329
469	2321	72.0278
469	1234	83.7330
469	2081	69.6396
469	1193	91.3477
469	36	75.0180
469	2908	77.0649
469	909	83.0853
469	2023	70.9009
469	3255	69.5844
470	253	76.1186
470	318	88.5196
470	110	81.7911
470	588	78.4013
470	282	68.4544
470	5	60.0120
470	597	73.5099
470	32	80.3458
470	595	78.2511
470	592	71.4929
470	500	71.7826
470	26	73.1934
470	356	83.2588
470	357	73.3610
470	434	65.4068
470	300	70.7033
471	2571	77.4245
471	8874	76.7902
471	527	78.9967
471	1	74.0977
471	8360	68.2096
471	7147	73.2685
472	58559	85.4367
472	3450	73.7637
472	3298	82.1894
472	2840	62.1153
472	1221	87.9625
472	858	87.7532
473	4979	76.2169
473	2959	87.7839
473	60	60.4655
473	7147	78.1091
473	6281	65.8792
473	3897	78.7951
473	48322	79.2486
473	2596	69.8060
474	638	67.5480
474	2179	67.5480
474	2697	67.5480
474	4046	67.5480
474	5114	67.5480
474	5311	67.5480
474	5353	67.5480
474	5455	67.5480
474	5601	67.5480
474	6201	67.5480
474	6273	67.5480
474	6382	67.5480
474	6407	67.5480
474	6592	67.5480
474	6912	67.5480
474	7702	67.5480
474	7826	67.5480
474	7832	67.5480
474	7839	67.5480
474	8057	67.5480
474	8446	67.5480
474	8458	67.5480
474	8459	67.5480
474	8611	67.5480
474	8650	67.5480
474	8774	67.5480
474	8938	67.5480
474	1466	74.2154
474	6708	78.4877
474	2940	71.5541
474	2616	51.5895
474	2334	51.6650
474	7139	78.3200
474	4218	67.5480
474	371	63.6240
474	750	84.8310
474	2935	74.6957
474	8645	77.1302
474	5481	62.4856
474	6370	79.8807
474	25865	67.5480
474	2553	65.7504
474	912	83.6144
474	2467	75.4370
474	5548	60.4919
474	7301	75.1662
474	52967	63.1497
474	5945	65.1105
474	480	71.9155
474	1983	43.1674
474	3462	69.9236
474	1068	67.5480
474	8600	72.3094
474	6650	73.3358
474	8482	67.5480
474	6791	79.5623
474	4016	71.6095
474	1784	76.5633
474	3668	68.1064
474	3977	59.4710
474	8961	82.6433
474	4160	69.9095
474	30820	65.3411
474	6984	67.5480
474	2750	62.0615
474	5034	59.5345
474	7716	67.5480
474	2612	67.5480
474	4419	78.9521
474	1300	78.3415
474	4187	73.6360
474	1187	65.8368
474	6565	74.9265
474	272	77.0290
474	5440	67.5480
474	25937	64.5155
474	1099	60.8081
474	3125	67.5480
474	5826	67.5480
474	5649	67.5480
474	7256	73.8908
474	4912	71.7790
474	6016	82.1411
474	1208	82.1396
474	2083	69.3483
474	3385	53.0817
474	2310	65.4192
474	3360	67.1365
474	3163	68.2286
474	1413	72.0353
474	4081	47.4422
474	1643	63.6398
474	968	69.4831
474	2116	61.9932
474	26965	72.9965
474	5954	78.9337
474	1263	78.5461
474	5116	67.5480
474	3536	65.0923
474	8778	68.9678
474	63433	67.1149
474	2952	69.8866
474	318	89.8484
474	3394	45.0919
474	1200	79.2031
474	3384	77.9735
474	4356	76.2653
474	932	77.9317
474	7698	73.8117
474	516	51.7390
474	4873	75.2913
474	48385	71.0818
474	39869	73.6669
474	1902	67.5480
474	2641	58.3256
474	7036	57.9443
474	2181	68.6625
474	4638	57.7601
474	31116	76.5573
474	2455	60.8515
474	2146	58.9316
474	628	67.7364
474	3897	86.1395
474	1030	45.5442
474	4022	78.9624
474	344	61.9002
474	3196	70.9263
474	92	47.9841
474	237	59.1196
474	6770	73.5919
474	3259	63.8653
474	3368	59.1241
474	26151	69.5166
474	1293	70.7399
474	34072	70.9333
474	3044	61.9073
474	1639	74.3830
474	5944	57.2054
474	6539	81.1438
474	477	61.6911
474	7361	85.4233
474	55687	67.5480
474	58	79.1216
474	4014	75.2383
474	3467	67.9234
474	8154	79.7564
474	4191	65.0545
474	2134	51.0532
474	4644	71.1754
474	4293	55.0607
474	5013	75.1479
474	1399	62.2215
474	1196	82.5889
474	2918	72.4915
474	5899	70.4541
474	4465	65.2091
474	100	53.0150
474	361	53.1895
474	3341	77.3477
474	8921	67.5480
474	195	56.9590
474	3789	67.5480
474	4709	56.2798
474	1588	55.2732
474	3468	77.6688
474	4678	63.3705
474	2723	56.5150
474	2118	67.6204
474	1939	75.5866
474	7019	58.8986
474	3147	84.0282
474	1792	58.2258
474	33903	75.0942
474	1682	78.3429
474	41566	74.8679
474	1693	62.3556
474	1957	70.5348
474	5021	69.6489
474	2313	69.4214
474	3870	67.5480
474	948	76.8069
474	47099	75.3641
474	3447	71.7233
474	6614	61.1684
474	216	66.2867
474	5619	58.5902
474	3987	48.5853
474	5060	76.8021
474	3111	72.9346
474	45950	73.1350
474	32584	62.1663
474	5525	67.5480
474	2567	54.1311
474	5956	75.3870
474	7	60.0973
474	1172	79.0935
474	3217	62.3345
474	8331	67.5480
474	587	70.8889
474	5238	67.3104
474	1189	75.7193
474	2416	50.4508
474	832	64.0114
474	3095	73.4555
474	7386	71.2855
474	1223	82.8817
474	7058	67.5480
474	5246	41.3654
474	5418	80.6821
474	27803	83.8302
474	26	68.0801
474	4002	73.2932
474	1135	51.6794
474	45	68.0890
474	6945	78.2350
474	2411	49.5076
474	2520	67.5480
474	7347	69.2800
474	5375	67.5480
474	5673	75.4917
474	3039	66.7466
474	7833	67.5480
474	33781	69.5674
474	720	70.6869
474	2103	57.0784
474	33154	74.4118
474	608	81.2596
474	1327	50.1712
474	101	72.7274
474	7061	67.5480
474	5451	64.0782
474	5682	68.2289
474	5434	70.7170
474	6609	67.5480
474	31658	81.7761
474	4578	56.3645
474	2009	63.9352
474	4704	67.5480
474	7572	67.5480
474	4929	50.2804
474	3306	71.1410
474	6334	64.1649
474	5379	78.8507
474	5437	62.5094
474	42418	67.4408
474	4128	68.2960
474	7451	76.7307
474	2786	40.2532
474	2243	61.7480
474	27846	76.2149
474	6197	63.5841
474	3264	45.5949
474	3608	49.3580
474	5603	74.6903
474	6124	63.4105
474	1222	78.7146
474	1663	64.2786
474	3566	50.3401
474	3755	62.8875
474	2628	63.7209
474	4815	58.5166
474	2089	61.6535
474	7102	56.8202
474	27706	67.6528
474	7013	75.0624
474	1348	67.2348
474	45666	55.1088
474	5755	46.7329
474	4055	72.1840
474	2058	62.9245
474	4462	50.0994
474	1544	53.0302
474	2405	49.1262
474	4998	67.5480
474	273	51.3075
474	1977	49.2897
474	1732	77.8019
474	7822	67.5480
474	7073	67.5480
474	41527	65.5088
474	4787	68.6247
474	1676	64.4366
474	3708	51.3315
474	6669	70.6665
474	317	59.9739
474	25940	67.5480
474	971	76.2897
474	7366	61.6492
474	3115	74.1398
474	7026	57.3998
474	2710	56.9224
474	50685	76.3646
474	2114	69.4022
474	3809	62.9735
474	3516	66.5329
474	2770	54.0037
474	535	63.3324
474	4878	83.1606
474	5992	83.2513
474	41997	75.8851
474	1083	60.7956
474	4487	59.6456
474	7293	74.3739
474	1016	55.8194
474	2006	61.2126
474	1007	49.9311
474	4993	86.6567
474	3412	59.6781
474	5007	67.5480
474	3929	61.1262
474	6639	62.2639
474	8712	67.5480
474	1876	55.0792
474	3546	67.5480
474	34359	67.5480
474	7579	70.8237
474	7325	65.0741
474	6837	67.5480
474	2634	60.3358
474	7753	65.1734
474	8943	57.8020
474	8385	67.5480
474	4308	75.1037
474	3246	78.0576
474	3745	67.7078
474	1148	80.9390
474	42002	65.6871
474	50740	71.1898
474	3952	57.3001
474	1927	76.9880
474	7581	67.0376
474	910	78.1922
474	3948	71.6916
474	54881	73.9497
474	1284	80.1426
474	4007	64.0329
474	5341	70.3706
474	3675	75.4230
474	52975	71.9563
474	6244	70.4212
474	965	75.5178
474	454	71.1451
474	1247	80.5128
474	7215	67.1269
474	1282	72.6451
474	8207	82.1662
474	6242	67.3442
474	6502	79.2649
474	4509	59.8448
474	3528	69.3033
474	2391	66.7805
474	4262	73.4135
474	4039	61.6036
474	42018	54.5904
474	3271	68.9316
474	976	67.5480
474	48394	79.9474
474	5384	67.5480
474	5168	67.5480
474	1358	71.6009
474	6534	57.9781
474	8773	67.5480
474	2384	53.9620
474	48780	82.2658
474	1269	76.4066
474	4600	65.5513
474	2642	41.2030
474	111	81.9936
474	933	82.8267
474	3578	81.8349
474	5297	55.2021
474	944	66.8265
474	6020	67.5480
474	2123	50.3470
474	748	57.2055
474	4896	81.6115
474	5380	76.6358
474	53953	63.6248
474	3712	60.4510
474	25996	67.5480
474	1997	75.2129
474	4464	71.2415
474	4085	62.6178
474	51540	77.9110
474	2707	57.5702
474	2069	74.6293
474	6710	70.1813
474	1488	54.3704
474	6378	77.0825
474	928	79.2407
474	3038	78.4263
474	7116	55.7173
474	44511	67.5480
474	594	69.7625
474	1962	70.5370
474	421	49.8617
474	4316	56.3855
474	2761	73.9154
474	4823	63.5515
474	892	72.5049
474	1345	71.4131
474	5294	75.3178
474	1408	74.6079
474	6579	67.5517
474	3272	63.4726
474	3421	67.3765
474	3844	63.4434
474	6787	80.5452
474	37736	67.7325
474	2249	55.9064
474	1610	75.7967
474	2468	39.1460
474	3498	63.9925
474	4902	70.3898
474	6268	65.5472
474	5225	80.9969
474	5404	69.9215
474	929	67.5480
474	25999	67.5480
474	7835	67.5480
474	805	63.8022
474	4126	62.3656
475	6539	92.6875
475	4993	98.0606
475	87232	89.9184
475	40815	94.2076
475	5816	90.7085
475	8644	86.9592
475	81564	86.9267
475	4701	89.2108
475	81834	92.4508
475	6564	68.8142
475	68791	88.4526
475	111759	88.4882
475	7153	97.8951
475	1527	95.6690
475	71530	72.7302
475	4896	94.4898
475	106487	82.3893
475	112852	90.6563
475	3578	96.1157
475	82461	79.5150
476	594	80.2644
476	34	79.9124
476	380	75.6971
476	158	64.5184
476	153	65.0455
476	586	68.6800
476	440	76.3688
476	364	87.3103
476	378	61.3979
476	357	76.9893
476	224	76.7165
476	165	77.2453
476	296	89.9083
476	11	78.9041
477	34	75.3960
477	913	86.3489
477	3100	82.9011
477	2105	68.0925
477	1271	74.2470
477	1207	85.3584
477	70687	72.5204
477	2174	73.7471
477	45672	70.7432
477	4571	73.3954
477	3973	61.2455
477	4226	87.2928
477	1103	85.2979
477	5291	78.2879
477	348	75.6588
477	3593	35.8314
477	1	80.4464
477	1274	81.8931
477	6502	84.5538
477	59615	70.8049
478	1917	51.4119
478	3114	69.0217
478	594	63.7275
478	1584	62.5625
478	1101	57.0073
479	5365	66.3899
479	4488	72.6374
479	524	67.8397
479	1025	75.3029
479	3707	52.3897
479	1220	78.9141
479	4010	58.9704
479	3244	75.8892
479	3526	71.4882
479	4092	61.7269
479	1968	79.9511
479	4700	70.7741
479	4003	69.6314
479	3671	77.0573
479	2671	73.3906
479	341	66.3899
479	2012	67.2038
479	2542	80.8887
479	454	63.6298
479	2384	58.4258
480	43914	64.8260
480	2700	70.2682
480	8533	69.3576
480	2193	72.2534
480	2797	78.6922
480	3484	47.9404
480	2571	86.6831
480	1210	88.3624
480	2596	61.8227
480	8866	49.9527
480	47610	76.2923
480	6306	68.7064
480	5379	69.7719
480	2018	65.7780
480	7153	81.7802
480	3911	75.3559
480	44191	80.1815
480	38061	82.9922
480	5673	76.8505
480	380	70.0463
481	1608	56.5004
481	1687	52.5616
481	1629	51.7638
481	1729	61.0871
481	1620	46.1671
481	1597	51.2523
481	1485	53.1990
482	2068	81.3312
482	8985	61.2690
482	1036	87.1253
482	474	79.7226
482	1042	67.4848
482	4389	61.1780
482	780	78.5187
482	27706	72.6585
482	3211	59.0335
482	1610	84.4472
482	4367	69.5521
482	1374	85.2821
482	1220	83.1931
482	1602	59.1944
482	653	77.6486
482	592	78.7906
482	30812	74.6050
482	4862	52.7766
482	8361	71.3333
482	8529	77.5144
483	105325	71.4779
483	783	66.3419
483	2541	65.1987
483	2959	89.3974
483	109971	71.4779
483	45722	71.5573
483	1199	87.1426
483	50872	81.7903
483	2000	69.1083
483	4306	82.0097
483	69757	80.1718
483	2683	64.7488
483	2273	63.8718
483	1588	63.4927
483	109487	88.9828
483	66934	80.0593
483	1721	70.3050
483	2328	64.1458
483	68522	71.4779
483	8972	67.1809
484	93320	76.4328
484	1438	67.0852
484	6155	76.0061
484	6944	80.2656
484	2706	72.3553
484	33166	81.5764
484	6874	81.5048
484	3697	71.5794
484	1059	84.4780
484	76293	74.2483
484	919	82.2154
484	2762	76.8539
484	1821	73.0222
484	837	86.2783
484	5810	73.3781
484	1753	84.7510
484	3254	77.8887
484	4718	69.5081
484	2413	78.2974
484	3646	56.2551
485	588	84.9036
485	161	84.2522
485	253	81.0092
485	292	77.7762
485	231	72.9814
486	653	76.6036
486	47	88.6692
486	110	90.0068
486	153	68.8093
486	474	85.6520
486	95	75.0769
486	288	77.0597
486	329	77.4653
486	161	82.3973
486	318	97.6408
486	292	78.0263
486	6	91.9615
487	27611	64.9287
487	8961	64.9286
487	318	74.5182
487	1198	71.6961
487	31658	69.5659
487	1197	72.1359
487	6539	64.4313
487	5445	61.4462
487	116797	66.0239
487	4027	65.0793
487	8874	68.5698
487	86377	53.3672
488	720	80.6791
488	838	69.1071
488	608	88.8315
488	1223	87.1524
488	26	67.2898
488	5135	70.8492
488	2109	64.0603
488	7720	57.7366
488	7303	75.5430
488	4014	79.9879
488	5995	92.1840
488	457	82.7426
488	105	58.1189
488	1136	91.3484
488	272	71.4722
488	1269	73.8287
488	3176	74.1432
488	1278	79.5112
488	1125	69.0007
488	910	81.9627
489	79536	59.0552
489	86000	59.0552
489	4848	65.7145
489	736	54.3523
489	8387	28.9968
489	4700	54.0858
489	45666	34.5484
489	4720	64.5515
489	2683	52.2193
489	2021	61.8579
489	2389	31.0249
489	1619	52.6722
489	950	71.7987
489	58559	79.4051
489	2236	55.3697
489	2167	49.1223
489	1616	51.5556
489	247	77.2783
489	376	55.4088
489	2717	56.0829
490	46578	67.9858
490	89492	66.4172
490	81591	60.6997
490	91077	70.9589
490	60074	49.8352
490	5816	59.9023
490	4144	76.4040
490	54001	62.6284
490	1	65.9350
490	1784	61.8564
490	7153	71.1164
490	4993	70.2433
490	89759	74.0721
490	86320	61.8297
490	60128	61.7527
490	76251	60.2293
490	8368	65.0688
490	69122	62.3289
490	2006	47.8498
490	78499	69.3233
491	106782	91.3444
491	69757	86.5924
491	7293	88.6440
491	27808	80.0022
491	4246	89.7671
491	3948	82.3824
491	104374	90.4889
491	86833	85.0230
491	140110	80.2923
491	8529	80.7747
491	180231	81.9756
491	4306	91.8403
491	88405	74.9219
492	736	77.4475
492	784	70.6343
492	628	84.8819
492	858	93.7164
492	852	80.1634
492	64	72.2495
492	990	81.1822
492	830	82.9798
492	743	72.3405
492	62	80.0237
492	52	81.7206
492	1499	65.1296
492	66	68.0871
492	1210	91.7822
492	881	66.4391
492	1474	63.4255
492	1405	83.1894
492	724	81.2113
492	1047	86.7914
492	65	74.4861
493	2985	70.2473
493	4444	72.2512
493	2916	74.5544
493	1275	77.9920
493	2571	82.4434
493	1527	74.9968
493	2028	82.0965
493	3793	73.4359
493	2167	66.0978
493	1215	81.2592
493	4701	64.3103
493	2924	77.0025
493	260	85.3160
494	1196	91.3530
494	4498	68.8206
494	3578	87.7844
494	2028	91.4390
494	1210	90.8366
495	140523	78.0439
495	115149	91.1013
495	1259	89.4194
495	1721	74.8285
495	136562	81.3883
495	80489	88.0363
495	19	67.7243
495	50872	85.1298
495	231	73.3340
495	102123	79.5592
495	52319	81.6133
495	7254	76.1471
495	7360	83.3857
495	8528	89.5296
495	1645	76.0331
495	46578	88.2084
495	30810	81.5151
495	2918	89.4484
495	148626	95.4559
495	56775	70.1469
496	1221	79.4331
496	99149	68.8810
496	858	80.1762
496	904	79.6094
496	8865	51.5057
496	114713	64.0390
497	1193	67.5281
497	112556	69.7957
497	112290	77.7657
497	1916	63.3534
497	92259	76.6410
497	2329	68.1282
497	112552	75.4207
497	1258	69.2318
497	2762	61.6847
497	5349	56.4988
497	111362	67.5471
498	344	71.6574
498	231	72.6029
498	648	79.2871
498	10	79.0778
498	300	80.6345
498	356	90.7025
498	316	76.1795
499	1202	73.7079
499	2337	62.7065
499	38304	100.0000
499	327	64.1899
499	56286	79.7252
499	1304	86.0820
500	2599	68.0779
500	2987	69.1638
500	543	62.9876
500	2700	75.3307
500	2542	78.2590
500	1265	74.0686
500	2916	71.2577
500	356	74.5346
500	3301	70.2507
500	1784	70.9282
500	1914	58.3955
500	595	66.7382
500	2355	70.2260
500	3536	67.7331
500	1885	59.9616
500	322	63.9260
500	838	65.2756
500	720	74.8505
501	6	76.7386
501	62	71.5905
501	93	50.7127
501	45	64.7489
501	3	65.5287
501	637	59.1365
501	11	72.1771
501	18	70.1831
501	662	58.4863
502	7236	73.6988
502	1077	78.8062
502	4412	62.6309
502	3469	75.9429
502	2001	64.9914
502	2520	68.8212
502	1777	69.4988
503	7455	63.8385
503	7361	73.9432
503	4878	70.3450
503	356	73.1971
503	91500	56.8380
503	593	77.5374
503	527	77.3294
503	858	78.2324
503	4226	73.5610
503	1259	74.1142
503	1342	65.4723
503	2877	62.8719
503	92509	58.4345
503	90866	64.7966
503	500	59.9623
503	441	73.1509
503	48516	73.0308
503	2858	72.7991
503	48394	66.3329
504	4995	83.0627
504	5812	78.1163
504	2321	74.0520
504	1	80.9648
504	3556	77.8359
504	7153	85.8382
504	6708	75.4897
504	1288	85.0745
504	6927	72.4878
504	4033	83.6540
504	4700	68.9663
504	6565	80.5747
504	342	69.5154
504	3408	74.9724
504	6879	75.3821
504	4361	76.8396
504	5952	83.4724
504	5955	78.9986
505	1241	93.6354
505	4105	88.6803
505	1029	77.5486
505	74685	83.8391
505	273	67.3315
505	6502	88.5742
505	54999	79.2284
506	59258	59.7732
506	54272	63.9948
506	37741	70.5627
506	56782	79.6888
506	62293	65.8300
506	51834	59.0036
506	49286	64.1894
506	112556	69.0524
506	61024	67.6850
507	165	66.1527
507	266	61.9298
507	253	65.7390
507	377	63.7805
507	593	76.8018
508	2872	41.6010
508	2011	52.9881
508	1952	51.3840
508	1175	54.1750
508	898	55.3777
509	26958	63.7179
509	130073	63.7179
509	2028	77.1933
509	87232	71.1596
509	33830	65.9880
509	5313	44.3715
509	48	58.3834
509	2090	58.9811
509	2080	58.0436
509	6942	67.1286
509	8907	44.7668
509	6156	55.7676
509	5816	69.6203
509	39	62.9176
509	3988	51.2551
509	6807	72.0170
509	7458	59.2235
509	1196	77.7611
509	45447	54.6522
509	616	62.3032
510	1882	29.2624
510	7026	49.4123
510	35836	57.8862
510	494	47.1619
510	1198	70.3861
510	514	54.1006
510	457	60.7796
510	2935	67.9573
510	858	74.2254
510	2699	49.4452
510	317	43.2078
510	8949	59.5961
510	2918	64.7471
510	145	44.6023
510	1262	73.0318
510	6787	63.2793
510	1208	71.1471
510	372	41.4153
510	1242	67.2751
510	40819	62.3051
511	2959	95.5680
511	53953	72.8305
511	115149	83.9598
511	164179	84.4646
511	6534	63.7198
511	99114	87.3601
511	92259	92.7732
511	318	98.5323
511	2324	91.7153
511	1653	88.8237
511	56757	82.1760
512	480	76.4266
512	150	77.4817
512	349	73.1518
512	47	82.9380
512	350	70.0473
512	442	64.1244
512	457	81.8134
512	50	88.3640
512	317	64.4050
512	593	88.0576
513	5952	80.3951
513	318	88.1876
513	2174	72.3946
513	235	74.0268
513	1304	82.0512
513	1220	77.6928
513	1080	79.4564
514	1335	66.0069
514	5704	66.0069
514	62586	66.0069
514	168358	66.0069
514	180263	66.0069
514	1704	78.5503
514	2005	74.8869
514	2792	57.5535
514	2013	64.6497
514	1673	80.3475
514	134130	73.4576
514	76093	73.5864
514	1333	76.8039
514	58998	73.6725
514	68157	74.1999
514	2406	71.9882
514	3210	73.0021
514	54503	77.1122
514	4855	75.9277
514	1644	49.6157
515	33794	95.4850
515	2028	98.7702
515	527	99.6206
515	91529	97.8106
515	58559	100.0000
515	2959	100.0000
516	260	83.6446
516	457	77.5844
516	480	73.0938
516	647	69.9834
516	708	68.2293
516	1042	64.5787
516	1090	79.0051
516	1197	84.0598
516	1198	83.0925
516	1954	77.4056
516	1958	77.4408
516	2021	71.6695
516	2259	66.1709
516	2268	76.0799
516	3052	72.8152
516	3471	75.6251
516	4027	77.2572
516	4291	58.7156
516	4306	77.5067
516	4321	68.6008
516	4322	75.0674
516	4333	63.5805
516	4337	69.8821
516	4349	72.8123
516	4361	72.8753
516	4429	74.0951
517	4306	59.0621
517	53125	47.3450
517	1265	54.2992
517	165489	47.1389
517	97938	52.5182
517	88744	40.9760
517	86880	39.8747
517	4148	29.1852
517	26761	47.1389
517	3398	41.0024
517	1293	44.5389
517	3988	53.6534
517	2858	54.5811
517	4963	52.3140
517	1204	50.6706
517	1704	59.5307
517	47629	48.5179
517	7669	57.0253
517	1206	52.8974
517	46578	55.7811
518	3101	62.5445
518	2657	65.6283
518	783	65.4555
518	1876	59.0180
518	6365	70.0196
519	1704	93.4402
519	356	93.9806
519	140110	85.7212
519	6378	86.7194
519	7445	85.4410
519	1968	89.2401
520	7266	74.5793
520	318	89.1862
520	1049	78.4646
520	59315	76.9788
520	4995	82.7470
520	32	83.2670
520	2716	82.3054
520	4333	70.7784
520	1291	86.4157
520	1732	83.2610
520	4085	75.2397
520	2723	76.3520
520	3081	76.9379
520	3994	75.7988
520	33493	70.8916
520	135	67.4054
520	2393	74.1875
520	60516	75.1188
520	2406	78.4099
520	1584	78.6751
521	661	72.0105
521	112	70.3331
521	86	81.8085
521	104	73.3207
521	58	83.1030
521	79	60.2495
521	52	77.1121
521	852	70.3034
522	99114	79.0774
522	81932	75.6491
522	89492	81.1676
522	63113	72.9208
522	2959	89.6652
522	1193	84.9363
522	1375	74.4350
522	4993	83.4727
522	223	83.5458
522	27611	73.5618
522	76060	78.2497
522	180	64.1377
522	59315	76.9848
522	1617	86.0531
522	10	73.9080
522	67255	79.9515
522	2023	74.4554
522	6187	75.3718
522	318	88.9498
522	127098	84.7280
523	168252	100.0000
523	8970	91.6994
523	5989	95.7316
523	318	100.0000
523	91529	97.7061
523	1721	87.0301
523	293	98.8842
523	65261	98.3072
523	4270	82.5845
523	3147	99.4845
523	27731	91.8091
523	134130	97.3985
523	31696	87.2726
523	527	100.0000
523	101962	88.1579
524	1356	80.8868
524	150	72.0747
524	552	64.2205
524	748	65.6906
524	344	61.8733
524	442	63.2642
524	253	71.2979
524	1225	80.9742
524	20	52.1370
524	589	78.3008
524	1242	85.4385
524	544	60.8419
524	173	57.0057
524	1302	73.8187
524	380	67.8520
524	457	75.9421
524	1020	64.7160
524	788	58.4765
524	193	47.7319
524	466	60.4830
525	120807	67.8411
525	317	64.4610
525	6863	65.3954
525	8622	70.0283
525	33004	62.5928
525	7147	73.6610
525	2396	77.2336
525	40815	71.3082
525	137337	70.8208
525	1639	73.6525
525	1968	78.6237
525	91869	67.8411
525	45880	67.4964
525	2100	61.4465
525	339	69.4837
525	4886	72.1111
525	50872	69.8925
525	86332	64.1728
525	8983	71.4972
525	3996	75.4242
526	593	84.8980
526	55247	82.2998
526	46578	82.9394
526	176415	74.3366
526	1295	69.9126
526	90430	83.8692
526	4014	77.0591
526	2352	80.2308
526	176413	74.3366
526	215	85.0940
526	81845	84.1335
526	51255	83.5073
527	2137	85.8938
527	3114	89.1363
527	3210	84.9386
527	3016	83.3491
527	2161	88.2441
527	4571	89.7526
527	2118	91.1125
527	3421	89.4140
527	455	64.0250
527	2867	85.9169
527	2450	61.9731
527	1909	83.8772
527	1214	90.7489
527	4299	78.5161
527	736	79.3299
527	2477	82.1378
527	588	87.7746
527	4016	84.6170
527	1259	90.1177
527	2533	76.6831
528	4886	75.0894
528	2278	69.5859
528	80906	73.3705
528	4037	71.5367
528	1240	75.8827
528	64614	69.5798
528	3821	38.8502
528	150	74.1037
528	1291	79.7143
528	80463	68.7300
528	593	81.2957
528	99813	69.6140
528	85342	70.2922
528	48516	79.2456
528	58559	78.0287
529	653	60.6153
529	135	54.7538
529	65	48.2410
529	62	70.1315
529	733	72.0413
530	292	74.0062
530	500	75.4153
530	300	76.5379
530	586	68.0175
530	593	90.1051
530	11	80.1262
531	593	95.1490
531	590	85.0425
531	919	85.7106
531	480	84.9811
531	1215	82.9358
532	1721	77.1740
532	4863	87.4263
532	457	86.4969
532	290	90.5238
532	1245	95.7853
532	1242	92.7962
532	2023	80.9843
532	2329	91.3154
532	1304	89.3698
532	517	77.3785
533	1200	90.4715
533	6502	90.6319
533	79132	94.4237
533	46578	90.3204
533	93840	93.8291
533	4973	96.4299
533	2455	80.5168
533	66934	92.4466
534	116724	76.1760
534	97913	77.8128
534	94953	77.0294
534	2003	83.6255
534	2167	79.3445
534	7569	81.8495
534	153	70.9123
534	1485	75.3053
534	65514	79.7090
534	104218	71.5678
534	344	73.9029
534	2571	87.4182
534	5445	79.3644
534	95875	72.6133
534	112818	79.8050
534	82461	71.2791
534	96610	69.5684
534	2987	83.6427
534	138036	72.5526
534	1566	81.4890
535	2571	76.4299
535	2581	48.3213
535	2700	65.2973
535	2688	46.2679
535	2583	71.9406
535	2882	24.7995
536	232	78.6293
536	272	72.0492
536	356	73.0393
536	335	66.3355
536	225	61.1355
536	150	65.1743
536	434	51.1235
536	589	69.2446
537	80906	88.3033
537	367	70.7572
537	7153	88.6069
537	53322	78.8546
537	104218	72.6473
537	97304	81.6817
537	6539	84.5056
537	318	90.1156
537	89745	85.4347
537	105504	81.7262
538	595	88.5457
538	3671	90.4760
538	80549	88.2996
538	4039	77.5107
538	69757	86.5051
538	5047	78.0277
538	44889	82.0900
538	66934	91.1023
539	4306	81.4898
539	6753	74.2688
539	5218	76.9128
539	50872	81.6960
539	88	66.3870
539	3301	72.3859
539	4886	81.0383
539	69122	78.5234
540	2598	68.8241
540	2959	95.6162
540	1073	86.7961
540	8874	91.6976
540	1681	62.3615
540	2183	79.5997
540	2841	80.8710
540	2747	72.4690
540	1196	93.0709
541	590	73.5303
541	457	75.8826
541	413	58.7690
541	15	61.4823
541	110	74.7922
541	595	73.1558
541	597	69.2662
541	480	67.5984
541	356	77.0699
541	203	69.4053
541	529	80.6098
541	357	71.9166
541	22	65.5206
541	345	70.5288
541	546	48.5913
541	586	57.9435
541	281	74.7369
541	350	73.0466
542	6539	73.3382
542	30793	59.8772
542	5299	61.3836
542	2542	77.6555
542	34319	58.7012
542	33679	62.4579
542	4963	73.9863
542	5481	54.3301
542	1997	76.0744
542	4025	59.4657
542	3623	52.1332
542	924	79.1106
542	4369	53.3261
542	6378	64.9156
542	2571	80.0240
542	7254	63.0332
542	41566	69.3416
542	37733	63.3553
542	7361	81.9879
542	45517	65.5016
543	73881	43.6552
543	1702	78.9596
543	595	91.5939
543	3301	83.2901
543	231	79.6190
543	2378	80.1092
543	2379	73.0820
543	86882	77.6928
543	6377	94.4444
543	588	91.6150
543	377	86.6483
543	48385	79.9450
543	2571	97.4209
543	4526	79.3065
543	4388	65.1503
543	92259	89.2944
544	1	77.9855
544	3	65.5968
544	14	71.6259
544	32	79.3729
544	40	75.8004
544	62	72.2287
544	68	62.6119
544	95	60.3390
544	116	67.4225
544	619	52.7974
544	626	69.8821
544	648	69.4155
544	650	58.0809
544	694	58.9088
544	736	65.3637
544	780	68.3235
544	839	58.0633
544	1042	64.5787
544	1047	65.5104
544	1059	74.4696
544	1105	71.6733
544	1356	76.6261
545	1438	65.8656
545	1267	86.6323
545	2763	85.0322
545	1367	67.1123
545	44	60.5461
546	1270	68.9918
546	3328	80.3346
546	480	62.3846
546	1970	60.8936
546	2456	56.3184
546	1976	52.1612
546	589	68.2914
546	2657	58.3541
546	1673	74.7235
546	3941	69.5984
546	3959	72.7240
546	3566	58.4781
546	1977	63.2517
547	1211	78.3199
547	2859	82.0125
547	2917	77.5023
547	1394	83.7036
547	1288	85.0580
548	69	75.2282
548	260	83.6446
548	356	81.1498
548	733	71.5376
548	1196	81.1763
548	1393	71.8603
548	1477	69.8821
548	1621	61.7911
548	2571	81.2628
548	2716	76.1394
548	3263	62.6750
548	3578	78.7685
548	3916	74.3805
548	4776	75.4380
548	4899	46.3789
548	5955	71.9810
548	6874	79.5940
548	7458	70.3740
548	8531	63.2577
548	49910	69.2897
548	58559	83.0387
548	74532	60.9990
548	80862	72.5326
548	122904	75.9642
548	125916	56.7386
548	168712	69.8821
549	2571	71.1946
549	2028	70.8056
549	4226	75.9552
549	1210	68.4011
549	589	67.4246
550	167296	76.9911
550	102125	81.3858
550	106782	89.7855
550	116797	89.0551
550	112852	90.7053
550	122882	86.5477
551	5010	76.4386
551	34162	70.5060
551	60069	74.2445
551	1544	59.9819
551	45186	76.9273
551	103772	69.1865
551	51935	77.2527
551	4226	72.7428
551	2353	72.1181
551	7153	72.0382
551	5989	70.4642
551	135569	72.9809
551	115149	76.6594
551	88129	75.8916
551	134130	78.4810
551	6934	56.7385
551	47	70.1435
551	4701	70.8677
551	2959	74.6703
551	98809	76.2100
552	2916	75.4473
552	3317	74.0425
552	1405	46.1096
552	2953	46.3712
552	2245	59.8372
552	2944	76.6630
552	2890	71.9047
552	2125	63.6765
552	508	67.6547
552	3948	67.6966
552	5349	74.3100
552	2959	87.8175
552	2857	52.5164
552	173	42.8575
552	2991	68.1979
552	2871	73.6936
552	2628	68.3653
552	4308	63.6873
552	4878	80.9863
552	3101	60.8877
553	55765	88.4247
553	3481	85.3589
553	1923	83.5805
553	2571	91.4665
553	4011	92.2231
553	50	93.4385
553	3949	89.5862
553	1089	94.5358
553	44199	86.5337
553	5513	79.7733
553	2231	89.8006
553	2395	81.6578
553	3052	83.6556
553	61257	79.7733
553	1221	95.8080
553	33166	87.1806
553	2959	94.3645
554	1196	88.0047
554	1022	77.7689
554	2820	76.3658
554	1207	89.5135
554	1517	77.1278
554	1282	81.9132
554	1210	88.5154
554	1760	40.0324
554	2282	73.1484
554	1225	89.7080
554	907	74.2513
554	1358	82.6622
554	2096	78.3941
554	1028	85.9300
554	593	89.5674
554	608	87.3037
554	953	86.2073
554	2324	88.8229
555	790	71.2214
555	3664	71.2214
555	1	87.0642
555	3111	81.4569
555	3395	60.4729
555	104	73.7057
555	1334	61.8783
555	2506	70.4296
555	2072	62.8017
555	4002	75.1822
555	1266	90.6913
555	2641	67.1755
555	2256	63.6230
555	2791	85.2343
555	2701	55.2067
555	1333	80.3424
555	1320	73.3685
555	337	82.9871
555	1393	82.7399
555	3526	75.6727
556	162600	78.2747
556	122890	81.1817
556	3081	79.8248
556	88125	83.9550
556	588	82.4144
556	72998	79.4221
556	74789	69.1296
557	648	71.6820
557	231	66.5028
557	1291	81.2742
557	260	83.2289
557	1210	80.3807
557	150	78.0955
558	5329	76.0556
558	5064	84.7340
558	4903	78.1737
558	2297	79.8428
558	2568	76.4647
558	4993	86.5302
558	4306	83.2933
558	367	70.1074
558	5283	70.0820
558	1097	81.7467
558	4164	74.8405
558	5294	89.6020
559	552	58.5571
559	608	84.6621
559	355	42.6422
559	329	61.9356
559	544	62.1643
559	1527	76.5273
559	173	50.0972
559	377	68.3505
559	745	79.4493
559	174	53.9510
559	529	74.0615
559	350	62.3777
559	349	66.2073
559	533	57.4312
559	836	57.4046
559	1210	84.3069
559	420	51.4624
559	786	63.7450
559	227	50.6522
559	253	64.6513
560	5839	68.2239
560	91535	60.4505
560	136018	59.1643
560	67997	78.0712
560	79132	78.2298
560	3253	74.0636
560	142558	68.2239
560	2355	70.0164
560	39435	62.5165
560	1527	75.0780
560	40414	73.1470
560	64614	77.7059
560	48744	74.9494
560	56587	64.0058
560	593	82.3267
560	76251	71.6539
560	84944	70.2896
560	109313	68.2239
560	5878	78.9764
560	40819	76.0379
561	168174	66.3953
561	5308	56.7337
561	78469	51.9897
561	3703	83.5990
561	60069	75.2638
561	91535	51.9611
561	2105	69.9623
561	73017	71.6927
561	5445	72.4752
561	2000	78.0730
561	83134	63.8687
561	79132	77.5710
561	79592	57.4707
561	80463	72.1474
561	89745	72.6340
561	527	88.7249
561	8972	59.5225
561	353	74.8310
561	33162	61.7276
561	68157	78.7146
562	27140	77.1293
562	6870	79.4189
562	6377	88.3273
562	2580	88.3620
562	1249	91.7452
562	4776	83.5748
562	36529	76.5842
562	1259	88.7584
562	1982	80.0501
562	2268	86.7600
562	2133	81.6001
562	83134	86.9215
562	3210	80.1007
562	48394	81.5623
562	30707	85.8617
562	33836	62.7596
562	2692	88.2847
562	88163	89.0543
562	99191	77.1293
562	1240	84.5752
563	61071	67.1938
563	70932	67.1938
563	80858	67.1938
563	919	77.1185
563	74450	63.1721
563	588	73.4822
563	5943	48.6275
563	118997	60.1871
563	86833	71.0509
563	1197	81.9322
563	128832	67.1938
563	85397	67.5248
563	45221	51.6320
563	33499	57.3371
563	7380	69.4470
563	96821	76.4610
563	81784	60.8371
563	95307	58.3791
563	65585	62.1793
563	55250	59.4868
564	50942	71.1361
564	356	79.5411
564	31685	63.3589
564	131013	75.6599
564	61024	75.6160
564	79224	63.2501
564	87869	75.0192
564	500	66.9573
564	108156	72.4676
564	81784	70.6362
564	93270	60.0455
564	6188	74.0450
564	106918	84.0771
564	65230	63.8037
564	67087	72.9540
564	80693	71.4537
564	94677	76.0416
564	8984	66.1899
564	73266	69.9698
564	2671	70.5112
565	590	74.2300
565	231	61.4466
565	19	54.9729
565	21	70.7173
565	50	83.6804
565	539	69.5225
566	648	69.7105
566	10	69.6411
566	231	61.7725
566	329	65.6086
566	342	70.5353
566	141	69.8121
566	203	65.2673
566	345	74.5951
566	39	64.8612
566	497	78.6194
566	265	73.6157
566	588	72.0848
566	708	67.6651
566	353	72.0160
566	2	66.2597
567	8189	46.8646
567	26743	46.8646
567	92681	46.8646
567	109897	46.8646
567	152071	46.8646
567	5690	54.6633
567	136602	47.1077
567	122888	46.8646
567	6333	48.0059
567	1274	50.0824
567	122922	52.7138
567	153070	46.8646
567	151687	46.8646
567	117877	46.8646
567	108928	33.8642
567	954	59.3407
567	122924	39.1943
567	27773	59.2950
567	648	39.9648
567	135887	41.7995
568	50	82.7759
568	147	75.1566
568	296	82.1358
568	356	81.1498
568	480	73.0938
568	593	82.9275
568	765	62.2542
568	1103	82.0602
568	1104	89.2356
568	1257	74.1871
568	1298	74.5131
568	1895	69.4816
568	2313	76.7167
568	2359	71.6863
568	2863	71.1477
568	3053	77.5652
568	3148	76.7541
568	3261	68.6836
568	3363	77.2578
568	8169	73.7573
568	46723	71.1832
568	63853	59.8800
568	65088	69.3361
569	231	78.9349
569	50	97.1923
569	380	85.6714
569	588	90.0371
569	592	84.4621
570	208	54.6162
570	8636	75.8110
570	48516	80.1682
570	1225	74.0964
570	586	59.4353
570	2683	63.8449
570	457	75.0989
570	1196	80.5675
570	110	76.2187
570	4993	79.6283
570	7361	81.9766
570	1198	82.0514
570	1079	73.8121
570	10	66.7005
570	3793	75.2318
570	1391	61.3996
570	589	76.1834
570	380	66.7141
570	527	79.6827
570	185	56.4702
571	1331	58.1551
571	2982	58.1551
571	2366	65.9375
571	1128	48.0140
571	610	71.0179
571	2902	52.5320
571	1998	45.4475
571	3696	56.2788
571	1980	58.1551
571	1987	58.1551
571	70	67.3765
571	1924	44.8665
571	2279	45.1401
571	1327	45.2297
571	3732	58.0265
571	1972	40.0973
571	1278	77.8230
571	1644	46.8189
571	2327	65.0367
571	1978	56.0477
572	1961	82.3209
572	2570	69.9847
572	2788	89.9706
572	2321	71.8660
572	111	91.1324
572	904	94.4735
572	2987	74.3471
572	2302	66.2835
572	1834	89.0666
572	2539	64.7522
572	2917	85.9546
572	1307	77.8284
572	1	81.0021
572	161	77.9881
572	3421	78.6339
572	838	83.3234
572	1356	77.3686
572	2006	64.4993
572	3167	77.0416
572	1953	89.0745
573	89745	97.0902
573	72998	87.0586
573	3752	83.7208
573	356	95.1309
573	7293	85.6819
573	6754	76.3156
573	8665	84.1021
573	32587	88.9952
573	1073	93.3092
573	88744	88.0517
573	1127	84.8080
573	68954	94.7651
573	98809	93.7737
573	2640	87.1067
573	48516	98.1198
573	71535	92.1190
573	59369	84.5052
573	60069	93.9604
573	88140	85.6005
573	1562	60.0096
574	47	78.0404
574	110	79.0763
574	150	74.8214
574	153	58.8024
574	161	72.5119
574	185	60.9624
574	225	69.7918
574	231	62.4603
574	292	67.9218
574	296	82.1358
574	300	70.7420
574	316	66.6779
574	318	86.9491
574	329	67.1286
574	339	68.6921
574	344	61.8168
574	380	69.3335
574	410	63.1074
574	434	60.8338
574	588	74.7867
574	592	68.2660
574	593	82.9275
574	595	74.6371
575	2566	82.9135
575	2580	78.5508
575	296	82.8793
575	2581	60.6530
575	2572	72.0316
575	2542	79.9873
575	2574	51.8322
575	2598	60.9431
576	849	54.2583
576	1321	56.3947
576	1373	48.8095
576	1479	62.6988
576	2289	65.6362
577	2415	67.7566
577	1183	73.0127
577	1288	76.2752
577	1129	68.9058
577	2944	76.3348
577	2194	74.7244
577	733	65.6249
577	1213	78.5487
577	2076	72.4779
577	2020	78.1862
577	1262	85.6359
577	1931	76.8631
577	1391	57.8182
577	2987	68.0106
577	952	74.9108
577	1909	64.9623
577	260	80.2767
577	919	73.8411
577	2248	72.9147
577	1270	76.1947
578	6751	80.4550
578	52668	90.4420
578	45668	76.8467
578	830	74.6688
578	72407	72.1510
578	75446	80.4550
579	3174	86.1510
579	2485	72.1137
579	1022	76.7146
579	2018	76.4296
579	838	88.7022
579	1917	72.8179
579	1391	75.8561
579	596	78.3154
579	1573	82.2609
579	2965	78.8169
579	1653	93.3537
579	2599	85.1714
579	892	81.8806
579	2687	76.4663
579	595	84.8395
580	5767	67.9237
580	6583	67.9237
580	480	72.9036
580	8844	67.9237
580	6989	59.2306
580	3809	63.3037
580	41569	82.0036
580	3699	58.8436
580	4041	64.8164
580	33166	88.3857
580	356	84.1086
580	508	68.4297
580	8376	70.2910
580	3578	88.1868
580	608	87.4315
580	3785	64.7005
580	3089	60.7032
580	1320	67.7159
580	54286	82.3054
580	1201	82.9321
581	7153	90.5391
581	5995	88.2741
581	4973	93.0877
581	116797	86.6694
581	3949	86.1969
581	4306	86.2638
581	109487	86.3900
581	6377	88.1782
582	91529	85.3311
582	2959	88.7863
582	116797	84.8640
582	4993	85.3558
582	5618	86.8101
582	2571	85.2112
582	76251	77.4804
582	69844	84.9686
582	104841	78.4569
582	48516	87.8034
582	97752	77.1924
582	76093	85.4024
583	8533	72.1504
583	88405	61.1092
583	2706	66.8807
583	117590	72.8689
583	317	62.3053
583	60756	66.5183
583	6942	72.9358
583	595	71.9518
583	46578	76.8330
583	104	65.4225
583	2694	63.2883
583	7451	75.7988
584	288	77.9657
584	22	87.0471
584	203	81.4599
584	315	81.6156
584	500	78.9207
584	316	80.1568
584	539	81.0619
584	234	74.5130
584	296	90.4736
584	257	88.8121
584	434	75.2810
584	586	70.3554
584	338	83.1582
584	349	86.0539
584	282	79.0336
584	480	85.8753
584	590	86.8520
585	3173	75.8775
585	1228	90.9744
585	54503	86.2664
585	2959	91.9461
585	428	83.4106
585	1405	67.3684
585	7254	80.8466
585	441	87.9333
585	1805	70.0275
585	296	90.7018
585	27373	77.9673
585	5325	81.8047
585	79132	89.1567
586	34332	81.4232
586	4016	91.4503
586	111659	77.8886
586	106002	84.1182
586	149406	90.3999
586	167036	92.7732
586	45499	84.4956
586	136556	83.4973
586	5445	85.7016
586	117851	86.6441
586	1291	90.4940
586	71264	92.1109
586	106489	82.9649
586	135436	86.3926
586	3753	82.7172
586	2640	82.9900
586	3147	88.2799
586	122916	94.1399
586	3793	86.9353
586	101362	76.3477
587	1234	82.8845
587	628	79.2011
587	2012	80.2112
587	534	82.6692
587	2002	70.0255
587	1641	81.9054
587	236	78.1013
587	1376	82.9770
587	2622	71.5189
587	1541	65.1258
587	3260	87.3667
587	497	90.0469
587	3082	76.1007
587	445	69.3651
587	3448	79.4736
587	2574	63.6262
587	765	65.6265
587	691	71.4035
587	329	80.5761
587	3406	74.7927
588	50	76.3771
588	16	70.3919
588	20	49.7886
588	356	75.8732
588	350	61.1496
588	198	60.9998
588	593	77.7647
588	364	71.4275
588	163	66.1723
588	253	63.2689
588	223	71.2609
588	3	57.0530
589	1092	73.7599
589	318	98.3358
589	590	84.4612
589	373	77.7757
589	586	71.7110
589	587	78.9968
589	527	94.0363
589	337	84.4943
590	924	81.5907
590	8807	57.9466
590	2371	60.0228
590	38061	72.7930
590	81834	75.0421
590	40815	70.7255
590	4890	47.3420
590	903	84.0430
590	5	52.0175
590	3624	50.3716
590	555	72.6014
590	4047	71.2808
590	51662	66.7571
590	2085	67.2170
590	419	47.5722
590	595	73.4562
590	329	65.4011
590	2376	61.4205
590	3635	63.0331
590	2398	83.6103
591	2908	70.1390
591	2706	71.4113
591	2712	68.6736
591	2355	72.0566
591	3615	62.4677
591	3578	80.3125
591	2394	70.3875
591	3798	61.2481
591	356	83.8164
591	223	76.2116
591	2724	58.8536
592	514	74.5066
592	2	80.2677
592	153	69.4141
592	415	57.0320
592	110	90.4012
592	177	64.6478
592	420	62.8781
592	380	81.1683
592	44	57.4736
592	788	64.4078
592	588	85.9617
592	163	78.5866
592	204	55.4413
592	610	76.1671
592	39	77.2609
592	419	56.1587
592	253	81.2439
592	432	58.6583
592	240	66.5722
593	1196	72.6126
593	1073	62.4523
593	1086	73.6516
593	1617	75.6511
593	4034	68.7321
593	41566	52.5648
593	1197	72.3303
593	344	47.0020
593	8368	62.4110
593	339	58.7306
593	2959	76.4110
593	8961	61.0243
593	5816	54.8438
593	2797	57.8515
593	4896	60.1747
593	588	62.2612
593	595	60.8727
593	5952	69.6221
593	377	58.9904
593	141	59.4318
594	7031	80.8012
594	2671	82.9459
594	7115	54.5552
594	1616	80.6991
594	5943	77.1954
594	1188	89.5699
594	2269	84.1380
594	1733	88.5659
594	4902	74.2147
594	6996	60.7162
594	780	82.6403
594	1429	90.3644
594	6140	70.4217
594	7046	82.7352
594	39	81.6404
594	595	92.5269
594	799	93.0597
594	2028	94.2121
594	8482	80.8012
594	7169	99.8274
595	265	87.1402
595	50	95.9887
595	1186	83.6032
595	1199	96.3365
595	1966	80.1557
596	33649	67.1494
596	43744	67.1494
596	182793	67.1494
596	129397	66.5282
596	128908	67.1494
596	1	73.3755
596	142488	85.7603
596	122922	81.3926
596	4310	55.0489
596	71838	66.8613
596	4025	53.0289
596	2501	67.1951
596	110102	72.5185
596	149406	71.9997
596	2774	67.1494
596	5502	65.9603
596	8665	68.3525
596	6537	58.5315
596	2571	75.5152
596	345	71.6857
597	1799	75.9348
597	490	61.7697
597	3040	69.6836
597	2529	90.8459
597	2858	92.0932
597	903	91.7311
597	3039	90.1396
597	2000	84.9812
597	1291	92.2027
597	357	81.7681
597	1228	94.3458
597	1845	81.4946
597	2411	69.1375
597	1580	82.1137
597	1148	94.3173
597	1198	94.1848
597	2723	67.8780
597	485	58.5335
597	592	72.1331
597	2692	92.7624
598	56367	75.6434
598	8360	68.5629
598	593	74.1767
598	114265	73.0215
598	103543	77.2420
599	26142	54.5061
599	26567	54.5061
599	26590	54.5061
599	26676	54.5061
599	26854	54.5061
599	27595	54.5061
599	34800	54.5061
599	53450	54.5061
599	60803	54.5061
599	69131	54.5061
599	74696	54.5061
599	79895	54.5061
599	84523	54.5061
599	87960	54.5061
599	92674	54.5061
599	98799	54.5061
599	102735	54.5061
599	102852	54.5061
599	104017	54.5061
599	105020	54.5061
599	122433	54.5061
599	157865	54.5061
599	158874	54.5061
599	160978	54.5061
599	161044	54.5061
599	174727	54.5061
599	179053	54.5061
599	1801	55.8674
599	6035	55.8680
599	3387	40.8115
599	33437	55.7723
599	112	55.1496
599	5995	65.3971
599	167706	54.5061
599	4394	54.5061
599	836	42.5905
599	7235	50.0334
599	8809	54.1834
599	102749	54.5061
599	89087	39.2349
599	42011	30.9610
599	432	40.0672
599	471	63.3076
599	5628	51.0474
599	1015	47.6687
599	2	58.5129
599	2269	46.6068
599	69	58.1881
599	3947	51.1712
599	79091	60.4687
599	104837	54.5061
599	4037	62.2662
599	7587	57.7582
599	6881	53.2172
599	1449	63.9763
599	7225	60.0133
599	81229	54.0139
599	68952	59.5746
599	4728	48.6883
599	5081	44.8330
599	33966	54.5061
599	1779	47.7324
599	3669	54.5061
599	87197	54.5061
599	170297	54.5061
599	79057	51.9966
599	95965	54.5061
599	55207	54.5061
599	4007	56.4653
599	1220	72.6845
599	80831	56.1680
599	46723	52.2607
599	71282	55.8448
599	7757	53.1406
599	3259	47.4106
599	92309	55.8053
599	1376	65.5528
599	7192	49.0706
599	4654	42.9465
599	101423	54.5061
599	53468	45.4719
599	62662	54.5061
599	3174	58.0019
599	3698	63.9691
599	2882	51.1505
599	2359	58.9826
599	1183	65.3937
599	2792	49.1015
599	1095	56.0088
599	8387	21.0567
599	53125	50.8335
599	115713	65.1839
599	2949	70.0634
599	2471	39.6645
599	3	49.4548
599	1231	66.8713
599	3861	41.7233
599	240	39.9900
599	1480	56.1973
599	2301	59.7180
599	1445	33.5596
599	8045	54.5061
599	586	56.3327
599	2942	39.5308
599	1185	63.3118
599	4594	54.5061
599	2474	54.1218
599	3671	69.0349
599	3196	61.4279
599	64839	60.6882
599	98697	54.5061
599	2606	39.2421
599	1777	57.7169
599	5309	39.7665
599	7022	65.8004
599	4873	65.3663
599	541	86.6990
599	27311	58.4853
599	43921	50.2536
599	67734	51.4722
599	4240	54.5061
599	5026	66.6062
599	168	45.9166
599	33493	58.5792
599	4125	36.7356
599	7354	45.9753
599	207	51.6885
599	1094	56.8435
599	742	43.1613
599	1609	44.4790
599	1042	52.9623
599	3362	67.1206
599	4553	55.1951
599	4632	46.6813
599	2278	61.8784
599	468	47.7610
599	122904	63.2023
599	75416	54.5061
599	42718	58.3461
599	4285	44.4697
599	79274	58.4289
599	1794	54.5061
599	45081	44.5563
599	108192	54.5061
599	3489	62.0457
599	3503	65.3816
599	89804	53.6553
599	163809	54.5061
599	577	38.1540
599	3071	52.7402
599	1204	79.7149
599	3981	37.7820
599	95771	54.5061
599	45382	54.5055
599	6548	43.8074
599	59387	58.5578
599	166528	67.0327
599	168492	73.8994
599	6691	54.5061
599	605	40.5542
599	424	34.9829
599	2991	63.4819
599	248	41.4395
599	97950	54.5061
599	3865	53.5916
599	1216	54.8263
599	342	50.6895
599	35836	53.9764
599	27772	40.7632
599	176419	62.1439
599	151781	54.5061
599	277	49.8519
599	6320	45.2033
599	39381	59.5556
599	5111	54.5061
599	4090	53.2277
599	2450	27.9285
599	2676	51.8326
599	2356	37.8893
599	79702	60.2117
599	1597	52.1722
599	410	50.9073
599	1721	62.3168
599	3702	66.1724
599	183301	54.5061
599	1387	79.0681
599	2072	42.6073
599	26729	66.2416
599	2393	58.1670
599	4247	33.0094
599	4591	39.5054
599	1032	58.9842
599	3087	48.4757
599	1895	48.9814
599	634	32.0902
599	210	43.7854
599	2074	58.5516
599	51575	38.7813
599	3505	58.7189
599	5247	38.8437
599	481	46.0449
599	4215	32.7507
599	1355	34.6210
599	2657	64.7142
599	2028	83.9252
599	4011	74.4742
599	420	46.5292
599	552	54.5787
599	1196	83.7295
599	2395	66.1663
599	5303	49.3121
599	1752	45.1519
599	3186	54.1799
599	4310	44.4495
599	1784	69.5029
599	3200	68.2926
599	7254	54.7249
599	688	34.8615
599	473	32.1796
599	1079	71.6769
599	1552	54.6514
599	1148	76.3947
599	1544	52.4588
599	63113	55.4707
599	2325	47.8053
599	26649	56.6364
599	6804	54.5061
599	161	61.3257
599	4109	40.0795
599	34332	41.0541
599	1653	76.0553
599	4808	39.4671
599	7707	54.5061
599	3468	68.7866
599	502	27.5623
599	1221	86.4186
599	1792	48.1096
599	68319	48.2488
599	6787	67.7907
599	2119	34.5940
599	3884	33.4906
599	4254	30.6137
599	3973	38.3012
599	103609	54.5061
599	8934	54.5061
599	5377	62.7576
599	42632	62.6774
599	55290	54.2289
599	4506	48.9370
599	7840	53.6304
599	5568	39.5255
599	1689	37.2671
599	7005	54.5061
599	103228	60.2636
599	59947	54.5061
599	786	53.1003
599	4351	51.5402
599	172253	54.5061
599	4679	44.4088
599	1411	64.8450
599	117630	54.5061
599	1590	57.7192
599	112623	58.4431
599	3146	40.3362
599	8984	50.6917
599	1920	51.8868
599	519	38.1072
599	179817	55.6132
599	3979	38.6152
599	3741	67.0869
599	44020	53.0905
599	26630	54.5061
599	7285	53.7741
599	3030	68.0780
599	1021	34.4669
599	8638	58.2180
599	87	43.4619
599	7153	73.3384
599	2877	45.0805
599	2018	60.8467
599	3173	45.9920
599	5198	54.5061
599	7101	45.2221
599	7701	26.0410
599	3213	64.3876
599	26159	55.8678
599	2339	54.5061
599	33896	57.7241
599	2000	71.8636
599	4006	54.4688
599	136562	51.4322
599	37382	44.9266
599	6645	61.8035
599	171763	68.1888
599	8528	54.6175
599	27008	54.5061
599	4017	57.0091
599	4167	49.0152
599	86142	60.7709
599	1249	70.0923
599	3255	59.1277
599	736	56.8477
599	2779	57.0283
599	84414	63.3818
599	27773	68.4249
599	2083	64.2093
599	98499	50.6629
599	4034	73.3453
599	119828	54.5061
599	1993	34.5931
599	94864	54.1561
599	6631	39.2997
599	2321	61.1489
599	26242	46.8679
599	3703	76.2540
599	41566	53.5715
599	2529	73.2910
599	1968	73.3725
599	8914	57.0532
599	3257	52.6069
599	159403	54.5061
599	1036	78.8891
599	76093	64.3841
599	5103	52.6568
599	6947	60.2995
599	1952	69.4337
599	2124	58.5402
599	4084	44.7731
599	6016	77.7192
599	778	84.9655
599	81	52.2311
599	2171	51.7117
599	1253	61.4690
599	4275	45.0647
599	7982	44.9839
599	3723	59.2320
599	849	56.5002
599	2681	50.0731
599	6565	59.1839
599	39414	45.0242
599	122916	65.8770
599	6440	61.2269
599	8917	51.7441
599	72011	61.2600
599	1605	41.5158
599	1240	77.8003
599	923	74.9869
599	68157	72.0686
599	5961	54.5061
599	5053	54.5061
599	3571	55.6772
599	2403	66.1533
599	3871	62.0754
599	44238	54.5061
599	72226	61.5614
599	7004	45.9457
599	2054	52.9941
599	62970	51.5802
599	5159	42.4359
599	354	53.3375
599	122924	51.0592
599	48774	62.6848
599	1394	72.4294
599	3763	52.2043
599	70286	62.2814
599	1904	52.9131
599	3969	55.3635
599	81562	60.3323
599	102590	54.5061
599	233	55.5104
599	4155	47.0765
599	1031	60.0218
599	76	50.0404
599	459	37.8761
599	1097	73.8832
599	1178	69.8664
599	60291	48.1932
599	3328	72.9315
599	1232	61.8435
599	3036	52.7475
599	5283	45.7710
599	4327	54.2609
599	610	64.8270
599	2726	64.8384
599	4732	29.9224
599	5970	45.1401
599	2396	66.5840
599	594	61.0842
599	1247	76.5103
599	45499	57.1131
599	3476	63.4694
599	2399	37.7622
599	137218	54.5061
599	1997	68.3671
599	3271	55.0241
599	27801	60.9642
599	6365	54.3986
599	1799	53.8579
599	580	47.3398
599	122900	60.6539
599	2803	47.6015
599	80219	48.6420
599	466	49.1471
599	110882	56.0449
599	3997	28.2542
599	26176	54.5061
599	2378	46.7798
599	117895	33.5178
599	26662	66.5056
599	90603	56.2578
599	119218	54.5061
599	44	43.1197
599	809	38.0701
599	1960	63.6650
599	4519	49.4542
599	1959	58.6636
599	414	35.7338
599	1073	68.9057
599	61236	53.3939
599	1479	57.9689
599	4019	57.1376
599	1245	70.2103
599	37857	58.8954
599	161032	54.5061
599	371	47.5263
599	3020	60.4220
599	88593	54.5061
599	6774	57.6789
599	2005	64.7326
599	90405	51.1775
599	26285	54.5061
599	6793	31.5873
599	627	50.8743
599	1617	81.9133
599	6734	45.4664
599	108090	54.5061
599	2427	57.9833
599	51024	55.9808
599	122922	60.8034
599	3440	34.4302
599	6874	69.7792
599	4919	50.6862
599	338	40.0750
599	81591	57.4972
599	1704	74.2335
599	1499	29.1272
599	357	60.2155
599	62155	48.6347
599	144	51.8612
599	34148	57.8134
599	53519	46.5011
599	4504	54.5061
599	2796	40.4237
599	216	53.7994
599	6827	32.8102
599	1429	59.2953
599	7445	52.5626
599	1385	52.0218
599	90471	56.8158
599	8425	54.5061
599	10	61.5478
599	26542	53.1913
599	7387	60.3942
599	72998	57.1808
599	89470	57.3087
599	3629	64.5734
599	1297	56.4494
599	3424	70.4673
599	1672	55.5592
599	44761	60.3995
599	196	42.5954
599	70703	54.5061
599	2383	32.9646
599	180	49.8828
599	4040	30.1932
599	6333	61.2088
599	4440	68.2499
599	5291	59.5407
599	88235	57.4729
599	1639	64.5182
599	4580	31.2652
599	153236	54.5061
599	86190	55.2435
599	4477	30.6169
599	103027	54.5061
599	32291	50.7798
599	34811	54.5061
599	5171	39.7243
599	122260	54.5061
599	8784	62.3431
599	5954	60.1417
599	8798	60.5509
599	707	43.4678
599	880	45.8343
599	314	59.7484
599	61323	56.2548
600	3269	55.5322
600	1394	74.8620
600	3785	49.6952
600	2717	50.4654
600	5569	62.4906
600	4306	73.3044
600	1206	76.4104
600	56775	48.0568
600	2015	64.6546
600	7	50.1845
600	2013	58.9390
600	262	67.6690
600	1210	70.6019
600	1060	65.7876
600	2431	57.8268
600	2077	56.7517
600	2423	67.7099
600	4641	68.3732
600	527	74.9070
600	5076	60.4759
601	141846	78.5277
601	68157	93.1497
601	1262	90.2956
601	106782	89.8492
601	60069	93.9616
601	49272	91.0259
601	5445	85.7138
601	1193	92.0765
601	1207	89.6329
601	79132	92.9400
601	904	93.9085
601	166024	82.4715
601	1917	71.4283
601	7153	94.2708
601	2324	91.5746
601	170697	81.7501
601	31658	91.3205
601	5989	89.3933
601	88810	89.2170
601	2571	93.1516
602	161	70.3694
602	19	56.2395
602	350	64.8883
602	494	69.0750
602	14	64.4395
602	471	67.8623
602	125	65.0731
602	434	58.7930
602	235	70.7069
602	481	55.9715
602	315	57.0603
602	371	63.1034
602	474	76.2248
602	527	88.7648
602	21	72.8270
602	349	73.1623
602	440	69.5086
602	339	64.8839
602	480	77.7612
602	163	71.5002
603	602	68.3739
603	803	68.3739
603	2008	68.3739
603	2577	68.3739
603	3459	68.3739
603	4787	71.1834
603	2912	85.2277
603	1769	50.0115
603	485	50.8542
603	4420	68.3739
603	920	72.8039
603	1	73.0893
603	2706	66.9126
603	1844	74.5655
603	3787	70.7712
603	1222	81.7068
603	190	72.6835
603	2716	69.3555
603	3983	88.4735
603	101	72.8948
604	220	72.4351
604	292	72.0069
604	151	73.2257
604	329	70.2221
604	410	64.6401
604	426	76.0631
604	435	49.5489
604	316	67.8908
604	22	69.4896
604	235	73.8071
604	181	54.0521
604	332	68.1909
604	273	63.2794
604	637	62.0233
604	285	72.4351
604	173	58.2060
604	588	76.0176
604	23	69.1351
604	553	76.3013
604	1	78.7903
605	35347	66.3616
605	6787	71.3931
605	1197	82.9849
605	5667	66.3616
605	42738	58.2454
605	51662	72.5479
605	7373	62.5098
605	596	61.2018
605	780	67.5357
605	4571	70.6513
605	2316	66.3319
605	7454	51.3247
605	150	71.9033
605	60040	61.7754
605	8977	45.9213
605	3269	57.5119
605	72982	66.3616
605	1210	79.4944
605	62376	58.6473
605	60937	50.6316
606	263	70.7137
606	563	70.7137
606	583	70.7137
606	3808	70.7137
606	4671	70.7137
606	4840	70.7137
606	5856	70.7137
606	6111	70.7137
606	6573	70.7137
606	8685	70.7137
606	32728	70.7137
606	55805	70.7137
606	3147	83.1332
606	4392	70.4711
606	2311	72.5437
606	6308	60.8118
606	50842	75.7438
606	6591	87.5747
606	8270	74.7737
606	2025	84.3717
607	891	83.9908
607	1610	77.0338
607	448	83.2592
607	3147	83.2207
607	1094	71.0228
607	1307	77.4376
607	592	71.8405
607	204	62.7885
607	1552	68.1272
607	527	84.4189
607	3476	79.0319
607	296	82.7135
607	2313	85.2778
607	3440	52.6171
607	423	76.1547
607	1518	77.4956
607	2118	87.5860
607	2193	77.1834
607	380	75.8047
607	2028	82.7525
608	52245	67.5248
608	2997	74.6288
608	3793	77.8974
608	2763	69.0909
608	174	45.8678
608	2000	65.7923
608	1214	71.4705
608	919	63.1726
608	2700	74.0846
608	4161	62.2707
608	5146	62.1202
608	1639	69.3134
608	541	73.4515
608	473	41.1199
608	2529	67.9960
608	522	76.5399
608	4343	77.2338
608	1909	61.1743
608	2431	56.4517
608	1220	61.2340
609	296	75.1362
609	833	44.4796
609	356	73.8798
609	339	63.0961
609	454	66.1712
609	318	79.6498
609	208	53.7498
609	292	62.6403
610	5953	72.8910
610	58975	72.8910
610	70206	72.8910
610	78626	72.8910
610	82765	72.8910
610	97988	72.8910
610	107447	72.8910
610	107462	72.8910
610	110591	72.8910
610	110746	72.8910
610	118082	72.8910
610	139655	72.8910
610	160341	72.8910
610	86644	64.2330
610	56801	62.1738
610	61024	78.9805
610	77561	76.1856
610	4816	75.6770
610	62434	73.0864
610	3972	80.5589
