op_index,elapsed_s,latency_us,op
0,0.000042,28.017000,get
1,0.000046,3.599000,get
2,0.000055,8.409000,get
3,0.000058,1.836000,get
4,0.000061,2.518000,get
5,0.000063,1.390000,get
6,0.000069,5.938000,put
7,0.000072,2.180000,get
8,0.000075,2.638000,get
9,0.000077,0.918000,get
10,0.000079,2.103000,get
11,0.000084,4.379000,put
12,0.000089,3.538000,get
13,0.000091,1.886000,get
14,0.000096,4.076000,put
15,0.000110,13.722000,get
16,0.000112,1.880000,get
17,0.000114,0.932000,get
18,0.000115,0.854000,get
19,0.000124,8.468000,put
20,0.000126,1.141000,get
21,0.000128,1.644000,get
22,0.000129,0.684000,get
23,0.000134,4.413000,put
24,0.000138,3.950000,put
25,0.000140,0.705000,get
26,0.000145,4.451000,put
27,0.000149,3.679000,get
28,0.000151,1.245000,get
29,0.000153,2.026000,get
30,0.000155,1.524000,get
31,0.000156,0.656000,get
32,0.000158,1.681000,get
33,0.000159,0.644000,get
34,0.000162,2.286000,get
35,0.000164,1.642000,get
36,0.000166,1.674000,get
37,0.000168,1.629000,get
38,0.000170,1.650000,get
39,0.000172,0.688000,get
40,0.000172,0.512000,get
41,0.000176,2.793000,get
42,0.000177,0.763000,get
43,0.000178,0.689000,get
44,0.000180,1.520000,get
45,0.000188,7.573000,put
46,0.000192,3.888000,put
47,0.000197,3.963000,get
48,0.000199,1.350000,get
49,0.000200,0.726000,get
50,0.000205,4.101000,put
51,0.000210,4.170000,get
52,0.000211,0.728000,get
53,0.000216,4.673000,get
54,0.000221,4.258000,put
55,0.000222,0.500000,get
56,0.000222,0.428000,get
57,0.000235,11.496000,get
58,0.000239,3.691000,get
59,0.000241,1.371000,get
60,0.000242,1.116000,get
61,0.000244,0.919000,get
62,0.000246,2.089000,get
63,0.000249,2.882000,get
64,0.000252,1.937000,get
65,0.000261,8.033000,put
66,0.000263,1.459000,get
67,0.000267,4.012000,put
68,0.000277,9.165000,get
69,0.000278,0.503000,get
70,0.000280,1.868000,get
71,0.000281,0.603000,get
72,0.000285,3.930000,put
73,0.000288,2.260000,get
74,0.000290,1.479000,get
75,0.000291,0.488000,get
76,0.000295,3.852000,put
77,0.000303,6.816000,put
78,0.000307,3.741000,put
79,0.000312,4.221000,get
80,0.000314,1.814000,get
81,0.000315,0.474000,get
82,0.000319,3.985000,put
83,0.000324,3.903000,put
84,0.000326,1.904000,get
85,0.000327,0.490000,get
86,0.000331,3.117000,get
87,0.000332,1.326000,get
88,0.000335,2.347000,get
89,0.000345,9.503000,put
90,0.000350,4.410000,put
91,0.000352,1.178000,get
92,0.000356,3.309000,get
93,0.000357,0.690000,get
94,0.000361,3.773000,put
95,0.000362,0.479000,get
96,0.000363,1.077000,get
97,0.000365,1.167000,get
98,0.000366,0.538000,get
99,0.000368,1.967000,get
100,0.000376,7.327000,put
101,0.000377,0.483000,get
102,0.000379,0.865000,get
103,0.000383,3.835000,put
104,0.000387,3.823000,put
105,0.000390,2.215000,get
106,0.000400,9.632000,get
107,0.000402,0.818000,get
108,0.000406,3.758000,get
109,0.000408,1.310000,get
110,0.000409,0.429000,get
111,0.000412,2.689000,get
112,0.000416,3.998000,put
113,0.000426,8.911000,get
114,0.000434,8.034000,put
115,0.000435,0.562000,get
116,0.000440,3.929000,put
117,0.000444,3.594000,put
118,0.000445,0.618000,get
119,0.000448,2.615000,get
120,0.000449,0.464000,get
121,0.000454,3.966000,put
122,0.000456,2.123000,get
123,0.000457,0.427000,get
124,0.000458,0.642000,get
125,0.000465,6.742000,put
126,0.000466,0.756000,get
127,0.000469,1.575000,get
128,0.000471,2.217000,get
129,0.000473,1.097000,get
130,0.000474,0.430000,get
131,0.000474,0.416000,get
132,0.000475,0.416000,get
133,0.000476,0.375000,get
134,0.000477,0.609000,get
135,0.000479,1.563000,get
136,0.000480,0.774000,get
137,0.000483,2.340000,get
138,0.000484,0.424000,get
139,0.000487,3.070000,get
140,0.000491,2.868000,get
141,0.000492,0.560000,get
142,0.000495,2.801000,get
143,0.000497,2.006000,get
144,0.000502,4.341000,put
145,0.000504,0.661000,get
146,0.000504,0.418000,get
147,0.000505,0.419000,get
148,0.000507,1.507000,get
149,0.000509,1.288000,get
150,0.000513,4.025000,put
151,0.000517,2.692000,get
152,0.000521,4.154000,put
153,0.000522,0.536000,get
154,0.000523,0.447000,get
155,0.000530,6.714000,put
156,0.000531,0.456000,get
157,0.000532,0.482000,get
158,0.000545,12.694000,get
159,0.000550,4.179000,put
160,0.000551,0.461000,get
161,0.000553,1.497000,get
162,0.000557,3.706000,put
163,0.000559,1.192000,get
164,0.000561,2.272000,get
165,0.000566,3.840000,put
166,0.000570,3.337000,get
167,0.000579,9.258000,put
168,0.000581,0.662000,get
169,0.000582,0.607000,get
170,0.000583,0.580000,get
171,0.000583,0.556000,get
172,0.000585,1.136000,get
173,0.000586,0.865000,get
174,0.000591,4.161000,put
175,0.000592,0.628000,get
176,0.000596,3.174000,get
177,0.000597,0.736000,get
178,0.000599,1.126000,get
179,0.000600,0.598000,get
180,0.000602,1.956000,get
181,0.000603,0.608000,get
182,0.000608,4.411000,put
183,0.000611,2.914000,get
184,0.000614,1.956000,get
185,0.000618,3.827000,put
186,0.000621,2.478000,get
187,0.000622,0.647000,get
188,0.000630,7.025000,put
189,0.000631,0.470000,get
190,0.000632,0.440000,get
191,0.000636,3.674000,put
192,0.000637,0.479000,get
193,0.000641,4.017000,put
194,0.000642,0.492000,get
195,0.000643,0.626000,get
196,0.000644,0.452000,get
197,0.000648,3.846000,get
198,0.000650,0.847000,get
199,0.000651,0.573000,get
200,0.000658,7.375000,put
201,0.000663,4.121000,get
202,0.000672,7.936000,get
203,0.000674,1.651000,get
204,0.000675,0.598000,get
205,0.000676,0.822000,get
206,0.000677,0.475000,get
207,0.000678,0.619000,get
208,0.000679,0.565000,get
209,0.000680,0.487000,get
210,0.000681,0.465000,get
211,0.000685,4.173000,put
212,0.000690,4.536000,put
213,0.000691,0.485000,get
214,0.000692,0.773000,get
215,0.000695,2.255000,get
216,0.000696,0.469000,get
217,0.000697,0.686000,get
218,0.000702,4.080000,put
219,0.000702,0.445000,get
220,0.000704,1.191000,get
221,0.000712,6.966000,put
222,0.000712,0.474000,get
223,0.000714,0.876000,get
224,0.000718,4.037000,put
225,0.000722,3.615000,put
226,0.000723,0.436000,get
227,0.000724,0.614000,get
228,0.000727,2.118000,get
229,0.000728,0.433000,get
230,0.000728,0.416000,get
231,0.000733,4.041000,put
232,0.000736,2.588000,get
233,0.000738,1.160000,get
234,0.000738,0.424000,get
235,0.000739,0.422000,get
236,0.000747,7.231000,put
237,0.000751,3.934000,put
238,0.000753,1.496000,get
239,0.000755,1.039000,get
240,0.000759,3.530000,get
241,0.000761,0.655000,get
242,0.000761,0.430000,get
243,0.000764,2.251000,get
244,0.000768,2.419000,get
245,0.000769,0.625000,get
246,0.000770,1.185000,get
247,0.000775,4.048000,put
248,0.000776,0.547000,get
249,0.000777,0.603000,get
250,0.000781,3.321000,get
251,0.000783,2.130000,get
252,0.000786,2.317000,get
253,0.000787,0.449000,get
254,0.000788,0.589000,get
255,0.000793,4.005000,put
256,0.000794,0.753000,get
257,0.000813,18.479000,put
258,0.000814,0.679000,get
259,0.000815,0.487000,get
260,0.000816,0.700000,get
261,0.000817,0.456000,get
262,0.000818,0.617000,get
263,0.000820,1.755000,get
264,0.000821,0.418000,get
265,0.000822,0.498000,get
266,0.000828,4.782000,put
267,0.000832,3.802000,put
268,0.000833,0.451000,get
269,0.000837,3.986000,put
270,0.000838,0.639000,get
271,0.000841,2.115000,get
272,0.000843,1.954000,get
273,0.000844,0.439000,get
274,0.000845,0.731000,get
275,0.000846,0.413000,get
276,0.000847,0.581000,get
277,0.000850,2.854000,get
278,0.000851,0.442000,get
279,0.000852,0.414000,get
280,0.000858,5.140000,get
281,0.000859,0.612000,get
282,0.000860,0.447000,get
283,0.000868,7.385000,put
284,0.000872,4.106000,put
285,0.000873,0.465000,get
286,0.000876,2.415000,get
287,0.000881,4.243000,put
288,0.000886,4.424000,put
289,0.000887,0.910000,get
290,0.000889,0.662000,get
291,0.000890,0.613000,get
292,0.000891,0.559000,get
293,0.000903,11.459000,get
294,0.000905,1.688000,get
295,0.000906,0.794000,get
296,0.000908,1.087000,get
297,0.000909,0.804000,get
298,0.000910,0.455000,get
299,0.000911,0.491000,get
300,0.000912,1.280000,get
301,0.000915,2.238000,get
302,0.000923,6.932000,put
303,0.000927,4.082000,put
304,0.000929,0.630000,get
305,0.000929,0.423000,get
306,0.000930,0.597000,get
307,0.000931,0.590000,get
308,0.000933,0.771000,get
309,0.000933,0.497000,get
310,0.000935,1.382000,get
311,0.000939,3.574000,get
312,0.000952,0.683000,get
313,0.000952,0.419000,get
314,0.000953,0.477000,get
315,0.000955,1.566000,get
316,0.000960,4.236000,put
317,0.000961,0.537000,get
318,0.000963,1.462000,get
319,0.000964,0.623000,get
320,0.000973,8.322000,put
321,0.000974,1.023000,get
322,0.000978,3.449000,get
323,0.000983,4.191000,put
324,0.000994,10.052000,get
325,0.000995,0.703000,get
326,0.000996,0.573000,get
327,0.000997,0.437000,get
328,0.000998,0.565000,get
329,0.001002,4.116000,put
330,0.001003,0.479000,get
331,0.001006,2.523000,get
332,0.001007,0.677000,get
333,0.001009,1.037000,get
334,0.001013,3.694000,get
335,0.001014,0.451000,get
336,0.001016,1.516000,get
337,0.001016,0.443000,get
338,0.001021,3.721000,get
339,0.001022,0.653000,get
340,0.001023,0.590000,get
341,0.001024,0.622000,get
342,0.001025,0.440000,get
343,0.001027,1.786000,get
344,0.001028,0.846000,get
345,0.001033,4.457000,put
346,0.001041,7.258000,put
347,0.001043,0.967000,get
348,0.001044,0.668000,get
349,0.001045,0.574000,get
350,0.001050,4.565000,put
351,0.001051,0.657000,get
352,0.001052,0.559000,get
353,0.001053,0.961000,get
354,0.001058,4.223000,put
355,0.001061,2.971000,get
356,0.001063,0.839000,get
357,0.001064,0.566000,get
358,0.001069,4.793000,put
359,0.001070,0.703000,get
360,0.001072,0.715000,get
361,0.001081,8.782000,put
362,0.001082,0.582000,get
363,0.001083,0.613000,get
364,0.001087,4.055000,put
365,0.001090,1.599000,get
366,0.001092,2.390000,get
367,0.001093,0.457000,get
368,0.001095,1.277000,get
369,0.001096,0.812000,get
370,0.001097,0.629000,get
371,0.001099,1.063000,get
372,0.001101,1.118000,get
373,0.001101,0.444000,get
374,0.001106,3.721000,put
375,0.001110,3.613000,put
376,0.001111,0.652000,get
377,0.001111,0.404000,get
378,0.001112,0.411000,get
379,0.001119,6.586000,put
380,0.001120,0.708000,get
381,0.001123,2.020000,get
382,0.001124,0.968000,get
383,0.001129,4.503000,put
384,0.001131,0.659000,get
385,0.001132,0.572000,get
386,0.001133,0.825000,get
387,0.001138,4.259000,put
388,0.001139,0.720000,get
389,0.001140,0.640000,get
390,0.001141,0.663000,get
391,0.001142,0.451000,get
392,0.001142,0.420000,get
393,0.001147,4.052000,put
394,0.001148,0.816000,get
395,0.001152,3.639000,get
396,0.001153,0.637000,get
397,0.001154,0.558000,get
398,0.001155,0.653000,get
399,0.001164,7.659000,put
400,0.001169,4.553000,put
401,0.001170,0.512000,get
402,0.001171,0.799000,get
403,0.001172,0.858000,get
404,0.001174,1.491000,get
405,0.001175,0.435000,get
406,0.001176,0.433000,get
407,0.001189,0.726000,get
408,0.001190,0.657000,get
409,0.001194,2.999000,get
410,0.001194,0.451000,get
411,0.001195,0.647000,get
412,0.001197,0.813000,get
413,0.001198,0.410000,get
414,0.001199,0.623000,get
415,0.001199,0.411000,get
416,0.001206,5.868000,put
417,0.001207,0.463000,get
418,0.001211,3.816000,put
419,0.001212,0.784000,get
420,0.001216,2.919000,get
421,0.001217,0.667000,get
422,0.001218,0.591000,get
423,0.001219,0.631000,get
424,0.001220,0.422000,get
425,0.001222,2.268000,get
426,0.001226,2.980000,get
427,0.001229,2.295000,get
428,0.001230,0.649000,get
429,0.001233,2.219000,get
430,0.001234,0.733000,get
431,0.001236,1.820000,get
432,0.001237,0.686000,get
433,0.001238,0.566000,get
434,0.001239,0.455000,get
435,0.001242,2.725000,get
436,0.001243,0.608000,get
437,0.001244,0.414000,get
438,0.001246,1.492000,get
439,0.001254,7.524000,put
440,0.001255,0.515000,get
441,0.001258,2.743000,get
442,0.001263,4.199000,put
443,0.001265,1.694000,get
444,0.001271,4.871000,get
445,0.001272,0.816000,get
446,0.001277,4.027000,get
447,0.001278,1.286000,get
448,0.001280,0.712000,get
449,0.001280,0.443000,get
450,0.001292,10.659000,get
451,0.001293,0.676000,get
452,0.001293,0.428000,get
453,0.001298,4.500000,put
454,0.001299,0.605000,get
455,0.001300,0.427000,get
456,0.001305,4.209000,put
457,0.001306,0.587000,get
458,0.001307,0.539000,get
459,0.001309,1.612000,get
460,0.001313,3.976000,get
461,0.001315,0.816000,get
462,0.001325,9.306000,get
463,0.001333,7.496000,put
464,0.001334,0.630000,get
465,0.001338,3.833000,put
466,0.001342,3.473000,get
467,0.001343,0.733000,get
468,0.001348,4.022000,put
469,0.001355,7.272000,put
470,0.001357,0.743000,get
471,0.001357,0.419000,get
472,0.001362,4.287000,put
473,0.001367,4.236000,put
474,0.001368,0.668000,get
475,0.001373,4.302000,put
476,0.001382,8.084000,put
477,0.001386,3.962000,put
478,0.001390,3.797000,put
479,0.001393,1.895000,get
480,0.001394,0.715000,get
481,0.001397,2.868000,get
482,0.001399,0.749000,get
483,0.001400,1.036000,get
484,0.001405,4.299000,put
485,0.001407,1.196000,get
486,0.001415,7.868000,put
487,0.001417,1.380000,get
488,0.001418,0.413000,get
489,0.001418,0.410000,get
490,0.001420,0.625000,get
491,0.001424,4.255000,put
492,0.001426,1.692000,get
493,0.001427,0.422000,get
494,0.001429,0.852000,get
495,0.001429,0.406000,get
496,0.001434,3.936000,put
497,0.001438,3.753000,put
498,0.001439,0.448000,get
499,0.001449,9.243000,get
500,0.001456,7.141000,put
501,0.001459,2.129000,get
502,0.001462,2.781000,get
503,0.001463,0.452000,get
504,0.001468,4.132000,put
505,0.001469,0.454000,get
506,0.001470,0.383000,get
507,0.001474,4.174000,put
508,0.001479,3.810000,put
509,0.001480,0.779000,get
510,0.001484,3.467000,get
511,0.001487,2.231000,get
512,0.001487,0.426000,get
513,0.001489,1.346000,get
514,0.001498,8.662000,put
515,0.001501,2.389000,get
516,0.001506,4.093000,put
517,0.001507,0.457000,get
518,0.001508,0.675000,get
519,0.001509,0.675000,get
520,0.001519,8.835000,get
521,0.001523,3.281000,get
522,0.001528,4.232000,put
523,0.001529,0.785000,get
524,0.001530,0.415000,get
525,0.001531,0.626000,get
526,0.001535,3.742000,put
527,0.001536,0.693000,get
528,0.001540,4.099000,get
529,0.001548,7.037000,put
530,0.001553,4.140000,put
531,0.001555,1.488000,get
532,0.001560,4.967000,get
533,0.001565,4.125000,put
534,0.001573,7.554000,put
535,0.001578,4.070000,put
536,0.001582,3.818000,put
537,0.001584,1.644000,get
538,0.001585,0.428000,get
539,0.001586,0.689000,get
540,0.001589,2.409000,get
541,0.001593,4.043000,put
542,0.001594,0.659000,get
543,0.001595,0.561000,get
544,0.001596,0.608000,get
545,0.001597,0.572000,get
546,0.001598,0.450000,get
547,0.001599,0.680000,get
548,0.001606,6.651000,put
549,0.001608,0.658000,get
550,0.001612,4.356000,put
551,0.001615,2.333000,get
552,0.001617,0.716000,get
553,0.001618,0.780000,get
554,0.001621,2.979000,get
555,0.001623,1.514000,get
556,0.001624,0.468000,get
557,0.001628,2.984000,get
558,0.001629,1.058000,get
559,0.001630,0.671000,get
560,0.001631,0.662000,get
561,0.001633,1.110000,get
562,0.001634,0.636000,get
563,0.001636,1.613000,get
564,0.001637,0.612000,get
565,0.001639,1.289000,get
566,0.001643,4.363000,put
567,0.001644,0.446000,get
568,0.001646,1.598000,get
569,0.001650,2.579000,get
570,0.001651,0.606000,get
571,0.001651,0.435000,get
572,0.001653,0.784000,get
573,0.001653,0.429000,get
574,0.001654,0.594000,get
575,0.001659,4.488000,put
576,0.001661,0.638000,get
577,0.001662,0.649000,get
578,0.001662,0.433000,get
579,0.001671,7.498000,put
580,0.001674,2.930000,get
581,0.001675,0.699000,get
582,0.001676,0.449000,get
583,0.001680,3.917000,put
584,0.001682,0.706000,get
585,0.001687,4.530000,put
586,0.001688,0.695000,get
587,0.001692,3.849000,put
588,0.001697,4.194000,get
589,0.001699,0.940000,get
590,0.001702,2.548000,get
591,0.001705,2.760000,get
592,0.001707,1.668000,get
593,0.001710,2.221000,get
594,0.001711,0.674000,get
595,0.001713,2.097000,get
596,0.001715,0.634000,get
597,0.001723,7.979000,put
598,0.001724,0.646000,get
599,0.001725,0.435000,get
600,0.001726,0.789000,get
601,0.001727,0.649000,get
602,0.001732,4.400000,put
603,0.001736,2.789000,get
604,0.001739,2.750000,get
605,0.001743,3.282000,get
606,0.001744,0.722000,get
607,0.001749,4.442000,put
608,0.001750,0.824000,get
609,0.001751,0.727000,get
610,0.001752,0.469000,get
611,0.001757,4.230000,put
612,0.001759,1.301000,get
613,0.001759,0.585000,get
614,0.001760,0.580000,get
615,0.001762,0.519000,get
616,0.001771,8.685000,put
617,0.001777,5.147000,put
618,0.001781,3.632000,put
619,0.001790,8.774000,get
620,0.001791,0.483000,get
621,0.001797,5.067000,get
622,0.001802,4.545000,put
623,0.001803,0.730000,get
624,0.001815,0.656000,get
625,0.001816,0.770000,get
626,0.001817,0.451000,get
627,0.001819,1.449000,get
628,0.001827,7.418000,put
629,0.001828,0.708000,get
630,0.001829,0.591000,get
631,0.001830,0.700000,get
632,0.001835,4.368000,put
633,0.001836,0.608000,get
634,0.001837,0.596000,get
635,0.001838,0.680000,get
636,0.001843,4.068000,put
637,0.001844,0.861000,get
638,0.001848,3.512000,get
639,0.001849,0.758000,get
640,0.001854,3.890000,get
641,0.001855,0.651000,get
642,0.001856,0.436000,get
643,0.001863,7.042000,put
644,0.001864,0.492000,get
645,0.001865,0.549000,get
646,0.001866,0.422000,get
647,0.001867,0.638000,get
648,0.001872,4.058000,put
649,0.001873,0.697000,get
650,0.001874,0.754000,get
651,0.001875,0.449000,get
652,0.001876,0.406000,get
653,0.001876,0.420000,get
654,0.001877,0.551000,get
655,0.001882,3.839000,put
656,0.001883,0.693000,get
657,0.001884,0.528000,get
658,0.001888,3.740000,put
659,0.001889,0.689000,get
660,0.001893,3.301000,get
661,0.001904,10.641000,get
662,0.001912,7.766000,put
663,0.001913,0.511000,get
664,0.001915,0.980000,get
665,0.001916,1.163000,get
666,0.001919,1.896000,get
667,0.001920,0.619000,get
668,0.001921,0.643000,get
669,0.001922,0.623000,get
670,0.001923,0.560000,get
671,0.001924,0.428000,get
672,0.001929,4.905000,put
673,0.001934,3.778000,put
674,0.001934,0.445000,get
675,0.001935,0.390000,get
676,0.001936,0.388000,get
677,0.001937,0.394000,get
678,0.001937,0.414000,get
679,0.001942,3.780000,put
680,0.001946,3.411000,get
681,0.001946,0.402000,get
682,0.001948,0.680000,get
683,0.001951,2.933000,get
684,0.001953,1.102000,get
685,0.001960,6.693000,put
686,0.001961,0.911000,get
687,0.001962,0.693000,get
688,0.001963,0.561000,get
689,0.001964,0.620000,get
690,0.001965,0.652000,get
691,0.001967,0.864000,get
692,0.001969,1.834000,get
693,0.001973,3.988000,put
694,0.001979,5.292000,get
695,0.001984,3.895000,put
696,0.001985,0.692000,get
697,0.001986,0.640000,get
698,0.001986,0.439000,get
699,0.001990,2.821000,get
700,0.001991,0.595000,get
701,0.001992,1.035000,get
702,0.001997,4.498000,put
703,0.001998,0.629000,get
704,0.002000,0.824000,get
705,0.002001,0.422000,get
706,0.002002,0.589000,get
707,0.002010,7.823000,put
708,0.002015,4.445000,put
709,0.002017,1.440000,get
710,0.002018,0.579000,get
711,0.002022,3.404000,get
712,0.002025,2.346000,get
713,0.002026,0.617000,get
714,0.002027,0.591000,get
715,0.002029,1.666000,get
716,0.002030,0.448000,get
717,0.002035,4.320000,put
718,0.002036,0.473000,get
719,0.002041,4.550000,get
720,0.002046,4.288000,put
721,0.002056,9.888000,get
722,0.002057,0.422000,get
723,0.002058,0.718000,get
724,0.002062,3.348000,get
725,0.002065,2.616000,get
726,0.002067,1.065000,get
727,0.002075,7.165000,put
728,0.002079,3.734000,put
729,0.002083,3.669000,put
730,0.002092,8.873000,get
731,0.002093,0.401000,get
732,0.002098,4.349000,put
733,0.002101,2.753000,get
734,0.002102,0.561000,get
735,0.002105,2.046000,get
736,0.002106,0.831000,get
737,0.002108,0.976000,get
738,0.002109,0.666000,get
739,0.002112,2.674000,get
740,0.002113,0.466000,get
741,0.002121,8.040000,put
742,0.002126,3.993000,put
743,0.002128,1.420000,get
744,0.002129,0.676000,get
745,0.002133,3.946000,put
746,0.002136,2.671000,get
747,0.002143,6.759000,put
748,0.002146,1.593000,get
749,0.002147,1.067000,get
750,0.002148,0.409000,get
751,0.002149,0.664000,get
752,0.002150,0.421000,get
753,0.002154,3.779000,put
754,0.002155,0.703000,get
755,0.002160,4.595000,put
756,0.002161,0.614000,get
757,0.002162,0.607000,get
758,0.002164,0.664000,get
759,0.002176,11.952000,get
760,0.002177,0.706000,get
761,0.002178,0.649000,get
762,0.002182,2.924000,get
763,0.002185,2.329000,get
764,0.002187,1.504000,get
765,0.002188,0.877000,get
766,0.002189,0.853000,get
767,0.002190,0.580000,get
768,0.002191,0.654000,get
769,0.002192,0.662000,get
770,0.002193,0.591000,get
771,0.002194,0.558000,get
772,0.002195,0.650000,get
773,0.002197,0.870000,get
774,0.002201,4.352000,put
775,0.002202,0.696000,get
776,0.002204,1.365000,get
777,0.002206,0.990000,get
778,0.002207,0.451000,get
779,0.002208,0.613000,get
780,0.002216,7.185000,put
781,0.002217,0.750000,get
782,0.002218,0.556000,get
783,0.002221,2.573000,get
784,0.002226,4.369000,get
785,0.002230,3.886000,put
786,0.002235,4.093000,put
787,0.002240,4.220000,put
788,0.002242,1.449000,get
789,0.002249,7.129000,put
790,0.002251,0.996000,get
791,0.002253,1.516000,get
792,0.002254,0.638000,get
793,0.002258,4.030000,put
794,0.002261,1.681000,get
795,0.002265,3.889000,put
796,0.002266,0.687000,get
797,0.002267,0.598000,get
798,0.002268,0.439000,get
799,0.002269,1.023000,get
800,0.002274,3.625000,get
801,0.002278,3.975000,get
802,0.002281,2.135000,get
803,0.002282,0.466000,get
804,0.002283,0.666000,get
805,0.002283,0.419000,get
806,0.002285,0.648000,get
807,0.002288,2.966000,get
808,0.002291,2.268000,get
809,0.002293,1.519000,get
810,0.002298,4.727000,put
811,0.002299,0.745000,get
812,0.002303,3.313000,get
813,0.002304,0.429000,get
814,0.002310,5.502000,get
815,0.002311,0.732000,get
816,0.002314,2.217000,get
817,0.002315,0.789000,get
818,0.002316,0.612000,get
819,0.002317,0.419000,get
820,0.002318,0.580000,get
821,0.002319,0.557000,get
822,0.002326,7.044000,put
823,0.002331,3.949000,put
824,0.002334,2.490000,get
825,0.002335,0.632000,get
826,0.002336,0.416000,get
827,0.002337,0.414000,get
828,0.002337,0.379000,get
829,0.002339,1.161000,get
830,0.002344,4.610000,get
831,0.002345,0.591000,get
832,0.002350,4.796000,get
833,0.002351,0.433000,get
834,0.002355,2.941000,get
835,0.002356,0.426000,get
836,0.002360,4.101000,put
837,0.002361,0.642000,get
838,0.002362,0.656000,get
839,0.002363,0.414000,get
840,0.002366,3.025000,get
841,0.002367,0.391000,get
842,0.002368,0.379000,get
843,0.002370,1.479000,get
844,0.002371,0.655000,get
845,0.002372,0.685000,get
846,0.002377,4.129000,put
847,0.002378,0.959000,get
848,0.002379,0.416000,get
849,0.002380,0.907000,get
850,0.002381,0.688000,get
851,0.002383,0.677000,get
852,0.002390,6.658000,put
853,0.002392,1.126000,get
854,0.002396,4.124000,put
855,0.002399,2.656000,get
856,0.002401,1.354000,get
857,0.002403,0.877000,get
858,0.002403,0.411000,get
859,0.002408,3.936000,put
860,0.002409,0.774000,get
861,0.002411,1.380000,get
862,0.002413,1.380000,get
863,0.002414,1.077000,get
864,0.002419,3.877000,put
865,0.002421,1.693000,get
866,0.002428,6.918000,put
867,0.002433,4.162000,get
868,0.002434,0.734000,get
869,0.002435,0.683000,get
870,0.002436,0.633000,get
871,0.002441,4.034000,put
872,0.002442,0.643000,get
873,0.002443,0.587000,get
874,0.002444,0.441000,get
875,0.002447,2.972000,get
876,0.002451,3.397000,get
877,0.002456,4.183000,put
878,0.002457,0.779000,get
879,0.002461,3.638000,put
880,0.002462,0.734000,get
881,0.002463,0.439000,get
882,0.002471,7.612000,put
883,0.002472,0.452000,get
884,0.002477,4.126000,put
885,0.002478,0.727000,get
886,0.002482,3.443000,get
887,0.002483,0.690000,get
888,0.002488,4.391000,put
889,0.002489,0.476000,get
890,0.002500,10.165000,put
891,0.002501,0.744000,get
892,0.002502,0.615000,get
893,0.002506,3.995000,put
894,0.002511,4.341000,get
895,0.002513,1.028000,get
896,0.002515,1.422000,get
897,0.002515,0.463000,get
898,0.002517,0.959000,get
899,0.002522,4.151000,put
900,0.002522,0.479000,get
901,0.002523,0.629000,get
902,0.002528,3.777000,put
903,0.002529,0.727000,get
904,0.002530,0.665000,get
905,0.002531,0.633000,get
906,0.002532,0.418000,get
907,0.002535,2.816000,get
908,0.002537,1.707000,get
909,0.002539,0.703000,get
910,0.002540,0.588000,get
911,0.002541,1.455000,get
912,0.002542,0.630000,get
913,0.002543,0.433000,get
914,0.002551,6.980000,put
915,0.002553,1.480000,get
916,0.002554,1.193000,get
917,0.002557,2.426000,get
918,0.002558,0.740000,get
919,0.002561,2.275000,get
920,0.002562,0.647000,get
921,0.002563,0.644000,get
922,0.002565,0.724000,get
923,0.002569,4.220000,put
924,0.002570,0.498000,get
925,0.002575,4.213000,put
926,0.002576,0.495000,get
927,0.002577,0.631000,get
928,0.002581,3.773000,put
929,0.002585,3.087000,get
930,0.002587,1.466000,get
931,0.002594,6.830000,put
932,0.002599,4.068000,put
933,0.002600,1.001000,get
934,0.002601,0.428000,get
935,0.002602,0.406000,get
936,0.002617,2.994000,get
937,0.002623,5.250000,put
938,0.002627,3.950000,put
939,0.002635,7.212000,put
940,0.002640,4.385000,put
941,0.002641,0.508000,get
942,0.002642,0.807000,get
943,0.002644,1.654000,get
944,0.002645,0.803000,get
945,0.002647,1.026000,get
946,0.002648,0.701000,get
947,0.002649,0.752000,get
948,0.002654,4.312000,put
949,0.002655,0.453000,get
950,0.002656,0.619000,get
951,0.002657,0.632000,get
952,0.002662,4.251000,put
953,0.002663,1.014000,get
954,0.002664,0.726000,get
955,0.002665,0.424000,get
956,0.002666,0.405000,get
957,0.002669,2.687000,get
958,0.002670,0.756000,get
959,0.002672,0.871000,get
960,0.002672,0.415000,get
961,0.002676,3.254000,get
962,0.002677,0.665000,get
963,0.002679,1.179000,get
964,0.002680,0.729000,get
965,0.002681,0.680000,get
966,0.002684,2.005000,get
967,0.002692,8.085000,put
968,0.002693,0.635000,get
969,0.002694,0.423000,get
970,0.002695,0.626000,get
971,0.002696,0.403000,get
972,0.002697,0.678000,get
973,0.002698,0.904000,get
974,0.002700,0.654000,get
975,0.002701,1.457000,get
976,0.002702,0.659000,get
977,0.002703,0.600000,get
978,0.002705,0.679000,get
979,0.002705,0.431000,get
980,0.002710,4.110000,put
981,0.002711,0.460000,get
982,0.002712,0.648000,get
983,0.002716,3.987000,put
984,0.002720,3.354000,get
985,0.002724,3.553000,get
986,0.002725,0.437000,get
987,0.002726,0.394000,get
988,0.002738,11.199000,get
989,0.002743,4.566000,put
990,0.002744,0.692000,get
991,0.002745,0.672000,get
992,0.002753,7.516000,put
993,0.002759,4.943000,put
994,0.002760,0.736000,get
995,0.002761,0.409000,get
996,0.002765,4.248000,put
997,0.002768,1.808000,get
998,0.002776,7.543000,put
999,0.002777,0.727000,get
1000,0.002781,3.990000,get
1001,0.002783,0.706000,get
1002,0.002788,4.575000,put
1003,0.002789,0.668000,get
1004,0.002790,0.690000,get
1005,0.002795,4.177000,get
1006,0.002800,5.249000,put
1007,0.002801,0.541000,get
1008,0.002813,10.544000,get
1009,0.002814,1.045000,get
1010,0.002815,0.462000,get
1011,0.002820,4.232000,put
1012,0.002821,0.676000,get
1013,0.002822,0.665000,get
1014,0.002823,0.593000,get
1015,0.002831,7.515000,put
1016,0.002833,1.094000,get
1017,0.002834,0.895000,get
1018,0.002839,4.643000,put
1019,0.002841,1.016000,get
1020,0.002842,0.957000,get
1021,0.002847,4.302000,put
1022,0.002848,0.985000,get
1023,0.002849,0.594000,get
1024,0.002855,4.898000,put
1025,0.002856,0.657000,get
1026,0.002857,0.412000,get
1027,0.002859,2.075000,get
1028,0.002860,0.598000,get
1029,0.002861,0.684000,get
1030,0.002871,8.654000,put
1031,0.002876,4.799000,put
1032,0.002877,0.758000,get
1033,0.002878,0.646000,get
1034,0.002879,0.567000,get
1035,0.002880,0.443000,get
1036,0.002885,3.980000,get
1037,0.002885,0.490000,get
1038,0.002887,0.715000,get
1039,0.002891,3.958000,put
1040,0.002892,0.439000,get
1041,0.002893,0.693000,get
1042,0.002894,0.632000,get
1043,0.002895,0.770000,get
1044,0.002896,0.707000,get
1045,0.002897,0.657000,get
1046,0.002902,4.040000,put
1047,0.002903,0.620000,get
1048,0.002906,2.216000,get
1049,0.002914,7.453000,put
1050,0.002915,0.753000,get
1051,0.002917,1.902000,get
1052,0.002919,1.614000,get
1053,0.002921,0.652000,get
1054,0.002925,4.386000,put
1055,0.002926,0.502000,get
1056,0.002928,0.855000,get
1057,0.002930,1.710000,get
1058,0.002931,0.709000,get
1059,0.002932,0.617000,get
1060,0.002937,4.127000,put
1061,0.002940,2.594000,get
1062,0.002942,1.686000,get
1063,0.002943,0.699000,get
1064,0.002944,0.672000,get
1065,0.002946,0.981000,get
1066,0.002951,4.375000,put
1067,0.002953,2.130000,get
1068,0.002959,4.684000,get
1069,0.002960,0.630000,get
1070,0.002962,1.661000,get
1071,0.002963,0.697000,get
1072,0.002971,7.004000,put
1073,0.002975,3.723000,put
1074,0.002976,0.475000,get
1075,0.002977,0.702000,get
1076,0.002981,3.791000,get
1077,0.002986,4.399000,put
1078,0.002987,0.610000,get
1079,0.002988,0.648000,get
1080,0.002989,0.697000,get
1081,0.002991,1.240000,get
1082,0.002993,1.087000,get
1083,0.002994,0.807000,get
1084,0.002995,0.742000,get
1085,0.003000,4.441000,put
1086,0.003002,1.558000,get
1087,0.003003,0.674000,get
1088,0.003012,8.065000,put
1089,0.003017,4.263000,put
1090,0.003018,0.531000,get
1091,0.003020,1.513000,get
1092,0.003021,0.618000,get
1093,0.003023,1.253000,get
1094,0.003024,0.791000,get
1095,0.003025,0.672000,get
1096,0.003029,3.130000,get
1097,0.003030,0.801000,get
1098,0.003031,0.783000,get
1099,0.003032,0.645000,get
1100,0.003034,1.601000,get
1101,0.003035,0.680000,get
1102,0.003036,0.661000,get
1103,0.003038,0.641000,get
1104,0.003039,0.596000,get
1105,0.003043,4.109000,put
1106,0.003045,1.157000,get
1107,0.003052,6.809000,put
1108,0.003054,1.096000,get
1109,0.003055,0.469000,get
1110,0.003056,0.579000,get
1111,0.003056,0.446000,get
1112,0.003061,3.783000,put
1113,0.003062,0.819000,get
1114,0.003067,4.224000,put
1115,0.003068,0.880000,get
1116,0.003072,3.761000,put
1117,0.003073,0.680000,get
1118,0.003075,0.932000,get
1119,0.003076,0.696000,get
1120,0.003078,1.842000,get
1121,0.003079,0.613000,get
1122,0.003080,0.577000,get
1123,0.003081,0.577000,get
1124,0.003082,0.482000,get
1125,0.003086,3.877000,get
1126,0.003088,0.765000,get
1127,0.003089,0.842000,get
1128,0.003090,0.610000,get
1129,0.003091,0.926000,get
1130,0.003093,1.095000,get
1131,0.003095,1.711000,get
1132,0.003097,0.975000,get
1133,0.003098,0.475000,get
1134,0.003099,1.212000,get
1135,0.003100,0.752000,get
1136,0.003101,0.604000,get
1137,0.003102,0.593000,get
1138,0.003111,7.665000,put
1139,0.003114,2.327000,get
1140,0.003115,0.595000,get
1141,0.003117,1.714000,get
1142,0.003118,0.462000,get
1143,0.003121,2.536000,get
1144,0.003122,0.588000,get
1145,0.003124,1.468000,get
1146,0.003125,0.556000,get
1147,0.003126,0.712000,get
1148,0.003127,0.647000,get
1149,0.003132,4.446000,put
1150,0.003133,0.634000,get
1151,0.003138,4.449000,put
1152,0.003142,3.669000,put
1153,0.003144,1.141000,get
1154,0.003145,0.447000,get
1155,0.003145,0.438000,get
1156,0.003147,0.707000,get
1157,0.003148,0.596000,get
1158,0.003155,6.786000,put
1159,0.003156,0.850000,get
1160,0.003157,0.614000,get
1161,0.003162,4.495000,put
1162,0.003164,1.155000,get
1163,0.003168,3.727000,put
1164,0.003169,0.474000,get
1165,0.003174,4.496000,put
1166,0.003184,9.128000,put
1167,0.003185,0.750000,get
1168,0.003186,0.460000,get
1169,0.003187,0.775000,get
1170,0.003189,1.851000,get
1171,0.003201,10.939000,get
1172,0.003204,2.075000,get
1173,0.003205,0.693000,get
1174,0.003206,0.606000,get
1175,0.003207,0.698000,get
1176,0.003208,0.471000,get
1177,0.003209,0.457000,get
1178,0.003209,0.429000,get
1179,0.003210,0.631000,get
1180,0.003211,0.622000,get
1181,0.003216,4.227000,put
1182,0.003221,4.168000,get
1183,0.003225,3.932000,put
1184,0.003226,0.673000,get
1185,0.003227,0.715000,get
1186,0.003230,1.750000,get
1187,0.003232,1.419000,get
1188,0.003234,1.521000,get
1189,0.003235,0.687000,get
1190,0.003236,0.754000,get
1191,0.003237,0.443000,get
1192,0.003238,0.560000,get
1193,0.003241,2.617000,get
1194,0.003251,9.934000,get
1195,0.003252,0.473000,get
1196,0.003254,1.739000,get
1197,0.003255,0.419000,get
1198,0.003260,4.479000,put
1199,0.003261,0.449000,get
1200,0.003262,0.392000,get
1201,0.003270,8.000000,put
1202,0.003276,4.672000,put
1203,0.003281,4.240000,put
1204,0.003284,2.361000,get
1205,0.003284,0.439000,get
1206,0.003285,0.416000,get
1207,0.003290,4.229000,put
1208,0.003291,0.697000,get
1209,0.003294,1.872000,get
1210,0.003297,3.441000,get
1211,0.003305,6.686000,put
1212,0.003306,1.248000,get
1213,0.003311,4.236000,put
1214,0.003313,1.689000,get
1215,0.003314,0.734000,get
1216,0.003316,1.158000,get
1217,0.003321,3.957000,put
1218,0.003322,0.905000,get
1219,0.003323,0.637000,get
1220,0.003328,3.902000,put
1221,0.003329,0.847000,get
1222,0.003330,0.621000,get
1223,0.003331,1.025000,get
1224,0.003339,6.722000,put
1225,0.003340,0.673000,get
1226,0.003342,1.539000,get
1227,0.003345,3.007000,get
1228,0.003347,0.834000,get
1229,0.003348,0.775000,get
1230,0.003349,0.746000,get
1231,0.003350,0.701000,get
1232,0.003355,4.133000,put
1233,0.003356,0.622000,get
1234,0.003357,1.265000,get
1235,0.003359,1.438000,get
1236,0.003360,0.452000,get
1237,0.003364,3.432000,get
1238,0.003365,0.644000,get
1239,0.003366,0.593000,get
1240,0.003367,0.694000,get
1241,0.003368,0.674000,get
1242,0.003370,0.826000,get
1243,0.003371,0.705000,get
1244,0.003372,0.659000,get
1245,0.003373,0.581000,get
1246,0.003374,0.478000,get
1247,0.003375,0.939000,get
1248,0.003390,3.180000,get
1249,0.003395,4.178000,put
1250,0.003403,7.404000,put
1251,0.003414,10.687000,get
1252,0.003418,3.890000,get
1253,0.003420,1.142000,get
1254,0.003424,3.347000,get
1255,0.003428,3.197000,get
1256,0.003431,3.236000,get
1257,0.003434,1.665000,get
1258,0.003438,3.653000,get
1259,0.003440,1.757000,get
1260,0.003445,4.259000,put
1261,0.003446,0.809000,get
1262,0.003447,0.498000,get
1263,0.003451,4.035000,put
1264,0.003452,0.515000,get
1265,0.003457,4.130000,put
1266,0.003458,0.833000,get
1267,0.003459,0.687000,get
1268,0.003461,0.840000,get
1269,0.003464,2.932000,get
1270,0.003468,3.092000,get
1271,0.003468,0.448000,get
1272,0.003472,2.692000,get
1273,0.003473,0.428000,get
1274,0.003476,3.236000,get
1275,0.003477,0.417000,get
1276,0.003485,7.708000,put
1277,0.003487,0.767000,get
1278,0.003488,0.660000,get
1279,0.003492,4.016000,put
1280,0.003497,4.268000,put
1281,0.003498,0.953000,get
1282,0.003502,2.701000,get
1283,0.003503,0.766000,get
1284,0.003504,0.630000,get
1285,0.003507,2.370000,get
1286,0.003507,0.462000,get
1287,0.003508,0.403000,get
1288,0.003512,2.807000,get
1289,0.003513,0.944000,get
1290,0.003514,0.665000,get
1291,0.003515,0.600000,get
1292,0.003517,1.366000,get
1293,0.003518,0.424000,get
1294,0.003522,3.250000,get
1295,0.003523,0.738000,get
1296,0.003524,0.623000,get
1297,0.003525,0.979000,get
1298,0.003527,0.869000,get
1299,0.003531,4.148000,put
1300,0.003532,0.477000,get
1301,0.003533,0.410000,get
1302,0.003534,0.596000,get
1303,0.003535,0.621000,get
1304,0.003536,0.679000,get
1305,0.003546,9.691000,get
1306,0.003548,0.818000,get
1307,0.003555,6.893000,put
1308,0.003556,0.723000,get
1309,0.003557,0.786000,get
1310,0.003562,4.066000,put
1311,0.003565,2.655000,get
1312,0.003567,0.953000,get
1313,0.003571,4.089000,put
1314,0.003572,0.468000,get
1315,0.003573,0.414000,get
1316,0.003574,0.694000,get
1317,0.003578,3.949000,put
1318,0.003587,7.783000,put
1319,0.003588,0.982000,get
1320,0.003589,0.423000,get
1321,0.003590,0.836000,get
1322,0.003591,0.763000,get
1323,0.003594,2.285000,get
1324,0.003595,0.671000,get
1325,0.003596,0.412000,get
1326,0.003602,4.904000,put
1327,0.003603,0.671000,get
1328,0.003604,0.422000,get
1329,0.003607,3.045000,get
1330,0.003608,0.691000,get
1331,0.003613,4.183000,put
1332,0.003615,1.681000,get
1333,0.003616,0.418000,get
1334,0.003618,1.624000,get
1335,0.003621,2.718000,get
1336,0.003624,2.487000,get
1337,0.003626,0.903000,get
1338,0.003626,0.425000,get
1339,0.003628,1.268000,get
1340,0.003629,0.685000,get
1341,0.003631,0.757000,get
1342,0.003635,4.109000,put
1343,0.003643,6.856000,put
1344,0.003646,2.807000,get
1345,0.003647,0.431000,get
1346,0.003648,0.729000,get
1347,0.003653,4.154000,put
1348,0.003657,3.712000,put
1349,0.003658,0.828000,get
1350,0.003659,0.401000,get
1351,0.003663,3.121000,get
1352,0.003665,1.541000,get
1353,0.003666,0.762000,get
1354,0.003667,0.411000,get
1355,0.003671,3.826000,put
1356,0.003672,1.168000,get
1357,0.003681,7.976000,put
1358,0.003682,0.480000,get
1359,0.003687,4.480000,get
1360,0.003688,0.433000,get
1361,0.003689,0.771000,get
1362,0.003692,2.588000,get
1363,0.003693,0.903000,get
1364,0.003694,0.426000,get
1365,0.003699,4.769000,put
1366,0.003700,0.447000,get
1367,0.003703,2.385000,get
1368,0.003705,1.295000,get
1369,0.003706,0.718000,get
1370,0.003710,3.870000,put
1371,0.003712,0.828000,get
1372,0.003713,0.430000,get
1373,0.003714,0.618000,get
1374,0.003715,0.904000,get
1375,0.003716,0.734000,get
1376,0.003717,0.862000,get
1377,0.003726,7.419000,put
1378,0.003726,0.496000,get
1379,0.003728,0.628000,get
1380,0.003732,3.685000,put
1381,0.003733,0.939000,get
1382,0.003738,4.202000,put
1383,0.003739,0.721000,get
1384,0.003740,0.946000,get
1385,0.003742,1.098000,get
1386,0.003748,5.230000,get
1387,0.003749,0.436000,get
1388,0.003750,0.695000,get
1389,0.003751,0.414000,get
1390,0.003752,0.758000,get
1391,0.003756,4.179000,put
1392,0.003757,0.458000,get
1393,0.003758,0.733000,get
1394,0.003761,2.560000,get
1395,0.003770,7.626000,put
1396,0.003772,1.415000,get
1397,0.003776,4.426000,put
1398,0.003778,0.937000,get
1399,0.003782,3.957000,put
1400,0.003786,2.739000,get
1401,0.003789,2.510000,get
1402,0.003789,0.432000,get
1403,0.003791,0.651000,get
1404,0.003792,0.710000,get
1405,0.003796,4.083000,put
1406,0.003798,1.058000,get
1407,0.003805,6.663000,put
1408,0.003806,0.462000,get
1409,0.003806,0.400000,get
1410,0.003808,0.883000,get
1411,0.003812,3.454000,get
1412,0.003815,2.794000,get
1413,0.003816,0.686000,get
1414,0.003819,2.071000,get
1415,0.003824,4.366000,put
1416,0.003825,0.744000,get
1417,0.003826,0.856000,get
1418,0.003827,0.647000,get
1419,0.003830,1.798000,get
1420,0.003830,0.429000,get
1421,0.003832,0.633000,get
1422,0.003836,4.130000,put
1423,0.003837,0.732000,get
1424,0.003839,0.901000,get
1425,0.003840,0.831000,get
1426,0.003841,0.950000,get
1427,0.003842,0.647000,get
1428,0.003844,0.715000,get
1429,0.003845,0.651000,get
1430,0.003846,0.716000,get
1431,0.003850,4.162000,put
1432,0.003852,0.778000,get
1433,0.003854,1.886000,get
1434,0.003855,0.642000,get
1435,0.003856,0.701000,get
1436,0.003874,17.254000,put
1437,0.003875,0.712000,get
1438,0.003876,0.792000,get
1439,0.003878,0.904000,get
1440,0.003883,4.381000,put
1441,0.003887,4.018000,put
1442,0.003891,3.431000,get
1443,0.003893,1.095000,get
1444,0.003894,0.837000,get
1445,0.003898,3.823000,put
1446,0.003899,0.778000,get
1447,0.003901,0.811000,get
1448,0.003902,0.613000,get
1449,0.003903,0.454000,get
1450,0.003910,7.358000,put
1451,0.003912,0.913000,get
1452,0.003913,0.737000,get
1453,0.003914,0.681000,get
1454,0.003915,0.634000,get
1455,0.003918,1.852000,get
1456,0.003919,0.724000,get
1457,0.003924,4.726000,put
1458,0.003925,0.981000,get
1459,0.003931,4.602000,put
1460,0.003932,0.711000,get
1461,0.003933,0.632000,get
1462,0.003934,0.652000,get
1463,0.003939,4.187000,put
1464,0.003948,9.223000,put
1465,0.003950,0.868000,get
1466,0.003951,0.454000,get
1467,0.003951,0.434000,get
1468,0.003954,2.497000,get
1469,0.003957,2.211000,get
1470,0.003958,0.463000,get
1471,0.003962,3.775000,get
1472,0.003967,4.539000,put
1473,0.003972,3.690000,put
1474,0.003973,0.703000,get
1475,0.003974,0.844000,get
1476,0.003975,0.412000,get
1477,0.003982,6.725000,put
1478,0.003987,4.187000,put
1479,0.003990,2.245000,get
1480,0.003994,4.297000,put
1481,0.003999,3.795000,put
1482,0.004000,0.729000,get
1483,0.004003,2.964000,get
1484,0.004004,0.685000,get
1485,0.004013,8.104000,put
1486,0.004014,0.697000,get
1487,0.004016,0.965000,get
1488,0.004021,4.718000,get
1489,0.004022,0.720000,get
1490,0.004023,0.423000,get
1491,0.004025,1.215000,get
1492,0.004026,0.688000,get
1493,0.004027,0.680000,get
1494,0.004028,0.639000,get
1495,0.004029,0.633000,get
1496,0.004034,4.886000,put
1497,0.004036,0.799000,get
1498,0.004037,0.578000,get
1499,0.004038,0.774000,get
1500,0.004039,1.022000,get
1501,0.004044,4.176000,put
1502,0.004046,1.681000,get
1503,0.004048,1.041000,get
1504,0.004052,3.783000,put
1505,0.004053,0.435000,get
1506,0.004054,0.882000,get
1507,0.004062,7.307000,put
1508,0.004063,0.465000,get
1509,0.004068,4.498000,put
1510,0.004072,4.238000,put
1511,0.004074,0.938000,get
1512,0.004075,0.693000,get
1513,0.004081,5.639000,put
1514,0.004091,9.367000,put
1515,0.004092,0.708000,get
1516,0.004097,4.004000,put
1517,0.004101,3.630000,put
1518,0.004105,3.998000,put
1519,0.004106,0.719000,get
1520,0.004110,3.124000,get
1521,0.004113,2.486000,get
1522,0.004114,0.438000,get
1523,0.004115,0.805000,get
1524,0.004116,0.653000,get
1525,0.004124,7.341000,put
1526,0.004128,3.638000,put
1527,0.004130,1.092000,get
1528,0.004135,4.829000,get
1529,0.004136,0.858000,get
1530,0.004138,0.697000,get
1531,0.004139,0.685000,get
1532,0.004142,3.062000,get
1533,0.004143,0.636000,get
1534,0.004146,2.711000,get
1535,0.004147,0.431000,get
1536,0.004150,2.216000,get
1537,0.004151,0.414000,get
1538,0.004152,0.830000,get
1539,0.004157,4.328000,put
1540,0.004158,0.440000,get
1541,0.004159,1.089000,get
1542,0.004163,3.467000,get
1543,0.004164,0.433000,get
1544,0.004169,4.286000,put
1545,0.004172,2.387000,get
1546,0.004176,4.106000,get
1547,0.004177,0.689000,get
1548,0.004186,7.689000,put
1549,0.004187,0.694000,get
1550,0.004188,0.708000,get
1551,0.004189,0.926000,get
1552,0.004191,0.737000,get
1553,0.004191,0.428000,get
1554,0.004192,0.729000,get
1555,0.004197,4.558000,put
1556,0.004199,0.725000,get
1557,0.004201,1.620000,get
1558,0.004202,0.812000,get
1559,0.004206,3.455000,get
1560,0.004219,1.631000,get
1561,0.004220,0.826000,get
1562,0.004221,0.694000,get
1563,0.004222,0.609000,get
1564,0.004224,1.053000,get
1565,0.004273,48.460000,get
1566,0.004274,0.899000,get
1567,0.004276,0.752000,get
1568,0.004277,0.701000,get
1569,0.004278,0.893000,get
1570,0.004280,1.223000,get
1571,0.004285,4.423000,get
1572,0.004286,0.436000,get
1573,0.004286,0.414000,get
1574,0.004287,0.656000,get
1575,0.004289,0.794000,get
1576,0.004290,0.771000,get
1577,0.004291,0.725000,get
1578,0.004292,0.642000,get
1579,0.004295,2.016000,get
1580,0.004306,10.336000,put
1581,0.004309,3.050000,get
1582,0.004321,11.031000,get
1583,0.004322,0.449000,get
1584,0.004322,0.407000,get
1585,0.004324,0.753000,get
1586,0.004325,0.678000,get
1587,0.004331,5.284000,put
1588,0.004335,3.784000,get
1589,0.004336,0.714000,get
1590,0.004341,4.186000,get
1591,0.004341,0.443000,get
1592,0.004350,7.905000,put
1593,0.004351,0.709000,get
1594,0.004352,0.971000,get
1595,0.004357,4.107000,get
1596,0.004359,0.996000,get
1597,0.004359,0.442000,get
1598,0.004360,0.424000,get
1599,0.004362,1.122000,get
1600,0.004367,4.415000,put
1601,0.004368,0.445000,get
1602,0.004372,4.083000,put
1603,0.004374,0.938000,get
1604,0.004377,3.190000,get
1605,0.004379,0.854000,get
1606,0.004379,0.434000,get
1607,0.004381,0.901000,get
1608,0.004382,1.129000,get
1609,0.004390,7.577000,put
1610,0.004392,1.351000,get
1611,0.004394,1.043000,get
1612,0.004395,0.665000,get
1613,0.004399,3.898000,get
1614,0.004400,0.488000,get
1615,0.004401,0.794000,get
1616,0.004403,1.332000,get
1617,0.004414,9.707000,get
1618,0.004415,0.710000,get
1619,0.004416,0.751000,get
1620,0.004421,4.513000,get
1621,0.004425,3.980000,put
1622,0.004426,0.453000,get
1623,0.004431,3.868000,put
1624,0.004435,3.662000,put
1625,0.004436,0.460000,get
1626,0.004436,0.416000,get
1627,0.004437,0.417000,get
1628,0.004439,1.182000,get
1629,0.004440,0.662000,get
1630,0.004448,7.353000,put
1631,0.004449,0.486000,get
1632,0.004452,3.096000,get
1633,0.004457,4.425000,put
1634,0.004458,0.691000,get
1635,0.004459,0.701000,get
1636,0.004464,3.952000,put
1637,0.004468,4.147000,put
1638,0.004477,7.818000,put
1639,0.004480,2.476000,get
1640,0.004484,3.310000,get
1641,0.004485,0.707000,get
1642,0.004486,0.749000,get
1643,0.004490,4.129000,put
1644,0.004491,0.449000,get
1645,0.004492,0.751000,get
1646,0.004496,3.638000,put
1647,0.004501,4.354000,get
1648,0.004503,0.780000,get
1649,0.004504,0.698000,get
1650,0.004505,1.127000,get
1651,0.004506,0.754000,get
1652,0.004511,4.129000,put
1653,0.004520,7.934000,put
1654,0.004521,0.937000,get
1655,0.004525,3.963000,put
1656,0.004527,0.764000,get
1657,0.004529,1.981000,get
1658,0.004531,1.651000,get
1659,0.004532,0.433000,get
1660,0.004537,4.350000,put
1661,0.004538,0.747000,get
1662,0.004543,4.189000,put
1663,0.004545,1.917000,get
1664,0.004546,0.656000,get
1665,0.004554,7.029000,put
1666,0.004555,0.725000,get
1667,0.004556,0.406000,get
1668,0.004557,0.403000,get
1669,0.004562,4.658000,put
1670,0.004563,0.419000,get
1671,0.004564,0.752000,get
1672,0.004568,4.111000,get
1673,0.004571,1.825000,get
1674,0.004575,4.096000,put
1675,0.004580,4.386000,put
1676,0.004582,1.066000,get
1677,0.004583,0.901000,get
1678,0.004591,7.241000,put
1679,0.004592,0.475000,get
1680,0.004593,0.402000,get
1681,0.004598,4.754000,put
1682,0.004602,3.851000,put
1683,0.004603,0.760000,get
1684,0.004605,0.771000,get
1685,0.004613,7.749000,put
1686,0.004617,3.995000,put
1687,0.004620,1.853000,get
1688,0.004621,0.689000,get
1689,0.004622,0.916000,get
1690,0.004623,0.415000,get
1691,0.004624,0.820000,get
1692,0.004626,0.944000,get
1693,0.004627,0.663000,get
1694,0.004628,0.735000,get
1695,0.004629,0.653000,get
1696,0.004633,4.018000,put
1697,0.004634,0.649000,get
1698,0.004636,1.102000,get
1699,0.004637,0.422000,get
1700,0.004638,0.407000,get
1701,0.004639,0.986000,get
1702,0.004643,3.727000,put
1703,0.004644,0.818000,get
1704,0.004645,0.563000,get
1705,0.004647,0.835000,get
1706,0.004648,0.713000,get
1707,0.004650,1.472000,get
1708,0.004651,0.890000,get
1709,0.004662,10.127000,put
1710,0.004663,0.793000,get
1711,0.004664,0.641000,get
1712,0.004666,1.429000,get
1713,0.004668,1.063000,get
1714,0.004669,0.746000,get
1715,0.004670,0.771000,get
1716,0.004671,0.424000,get
1717,0.004672,0.690000,get
1718,0.004673,0.644000,get
1719,0.004674,0.633000,get
1720,0.004675,0.691000,get
1721,0.004676,0.674000,get
1722,0.004681,4.380000,put
1723,0.004684,3.139000,get
1724,0.004685,0.682000,get
1725,0.004686,0.443000,get
1726,0.004687,0.406000,get
1727,0.004688,0.678000,get
1728,0.004689,0.888000,get
1729,0.004692,1.889000,get
1730,0.004693,0.904000,get
1731,0.004695,1.595000,get
1732,0.004696,0.668000,get
1733,0.004697,0.422000,get
1734,0.004698,0.408000,get
1735,0.004700,1.432000,get
1736,0.004701,0.712000,get
1737,0.004706,4.172000,put
1738,0.004709,3.127000,get
1739,0.004714,4.411000,put
1740,0.004715,0.705000,get
1741,0.004716,0.419000,get
1742,0.004717,0.675000,get
1743,0.004725,6.784000,put
1744,0.004729,3.738000,put
1745,0.004731,1.734000,get
1746,0.004732,0.743000,get
1747,0.004734,0.958000,get
1748,0.004744,9.456000,get
1749,0.004745,0.441000,get
1750,0.004746,0.772000,get
1751,0.004751,4.128000,put
1752,0.004752,0.916000,get
1753,0.004753,0.419000,get
1754,0.004755,1.494000,get
1755,0.004756,0.410000,get
1756,0.004756,0.395000,get
1757,0.004757,0.750000,get
1758,0.004762,4.305000,put
1759,0.004763,0.465000,get
1760,0.004764,0.813000,get
1761,0.004766,0.818000,get
1762,0.004767,0.709000,get
1763,0.004775,7.549000,put
1764,0.004776,0.704000,get
1765,0.004777,1.042000,get
1766,0.004783,4.828000,put
1767,0.004784,0.747000,get
1768,0.004789,4.153000,put
1769,0.004790,0.707000,get
1770,0.004791,0.986000,get
1771,0.004792,0.664000,get
1772,0.004794,0.865000,get
1773,0.004798,3.804000,get
1774,0.004803,4.598000,put
1775,0.004804,0.762000,get
1776,0.004812,7.675000,put
1777,0.004813,0.474000,get
1778,0.004815,1.081000,get
1779,0.004819,3.634000,get
1780,0.004823,4.064000,put
1781,0.004825,0.755000,get
1782,0.004829,3.711000,put
1783,0.004833,4.178000,put
1784,0.004837,2.617000,get
1785,0.004838,0.754000,get
1786,0.004839,0.687000,get
1787,0.004840,0.437000,get
1788,0.004841,1.058000,get
1789,0.004842,0.701000,get
1790,0.004843,0.444000,get
1791,0.004844,0.415000,get
1792,0.004845,0.733000,get
1793,0.004846,0.640000,get
1794,0.004854,7.050000,put
1795,0.004855,1.293000,get
1796,0.004856,0.438000,get
1797,0.004857,0.601000,get
1798,0.004862,3.979000,put
1799,0.004874,12.083000,get
1800,0.004876,0.840000,get
1801,0.004880,3.986000,put
1802,0.004881,0.448000,get
1803,0.004889,7.443000,put
1804,0.004894,4.254000,put
1805,0.004895,0.786000,get
1806,0.004907,11.117000,get
1807,0.004908,0.683000,get
1808,0.004911,2.451000,get
1809,0.004912,0.847000,get
1810,0.004917,4.397000,get
1811,0.004920,2.599000,get
1812,0.004921,0.781000,get
1813,0.004922,0.428000,get
1814,0.004923,0.415000,get
1815,0.004928,4.330000,put
1816,0.004929,0.813000,get
1817,0.004934,4.129000,put
1818,0.004935,0.737000,get
1819,0.004936,0.416000,get
1820,0.004937,0.978000,get
1821,0.004938,0.834000,get
1822,0.004939,0.640000,get
1823,0.004951,10.607000,get
1824,0.004954,3.398000,get
1825,0.004956,1.094000,get
1826,0.004964,7.244000,put
1827,0.004969,4.702000,put
1828,0.004974,4.052000,put
1829,0.004975,0.953000,get
1830,0.004980,3.981000,put
1831,0.004981,0.715000,get
1832,0.004982,0.432000,get
1833,0.004983,0.642000,get
1834,0.004983,0.407000,get
1835,0.004984,0.665000,get
1836,0.004985,0.419000,get
1837,0.004986,0.718000,get
1838,0.004988,1.003000,get
1839,0.004989,0.977000,get
1840,0.004990,0.748000,get
1841,0.004999,7.749000,put
1842,0.005000,0.662000,get
1843,0.005001,0.752000,get
1844,0.005006,4.399000,put
1845,0.005008,1.359000,get
1846,0.005009,0.695000,get
1847,0.005010,0.428000,get
1848,0.005011,0.747000,get
1849,0.005012,0.765000,get
1850,0.005013,0.609000,get
1851,0.005015,2.002000,get
1852,0.005016,0.428000,get
1853,0.005021,4.595000,put
1854,0.005026,3.912000,put
1855,0.005027,0.910000,get
1856,0.005028,0.672000,get
1857,0.005029,0.451000,get
1858,0.005030,0.675000,get
1859,0.005038,7.102000,put
1860,0.005039,0.479000,get
1861,0.005043,4.152000,put
1862,0.005044,0.456000,get
1863,0.005045,0.393000,get
1864,0.005046,0.388000,get
1865,0.005046,0.380000,get
1866,0.005047,0.389000,get
1867,0.005048,0.726000,get
1868,0.005052,3.767000,put
1869,0.005057,3.984000,put
1870,0.005059,1.118000,get
1871,0.005060,0.963000,get
1872,0.005072,0.875000,get
1873,0.005080,7.311000,put
1874,0.005085,4.332000,put
1875,0.005086,0.870000,get
1876,0.005087,0.432000,get
1877,0.005092,4.079000,put
1878,0.005101,8.575000,get
1879,0.005103,1.550000,get
1880,0.005106,3.013000,get
1881,0.005107,0.449000,get
1882,0.005108,0.634000,get
1883,0.005113,4.276000,put
1884,0.005114,0.972000,get
1885,0.005115,0.408000,get
1886,0.005117,0.856000,get
1887,0.005118,0.716000,get
1888,0.005118,0.406000,get
1889,0.005120,0.708000,get
1890,0.005121,0.864000,get
1891,0.005122,1.099000,get
1892,0.005124,0.981000,get
1893,0.005125,0.740000,get
1894,0.005126,0.452000,get
1895,0.005133,6.984000,put
1896,0.005134,0.462000,get
1897,0.005135,0.790000,get
1898,0.005137,0.702000,get
1899,0.005138,0.939000,get
1900,0.005139,0.765000,get
1901,0.005144,4.583000,put
1902,0.005145,0.707000,get
1903,0.005147,0.742000,get
1904,0.005148,1.020000,get
1905,0.005153,4.104000,put
1906,0.005154,0.716000,get
1907,0.005158,4.146000,put
1908,0.005159,0.455000,get
1909,0.005160,0.626000,get
1910,0.005162,0.830000,get
1911,0.005163,0.986000,get
1912,0.005164,0.817000,get
1913,0.005165,0.690000,get
1914,0.005171,5.219000,get
1915,0.005188,16.463000,put
1916,0.005193,3.706000,get
1917,0.005198,4.971000,put
1918,0.005203,4.411000,put
1919,0.005204,0.726000,get
1920,0.005206,0.675000,get
1921,0.005206,0.593000,get
1922,0.005207,0.457000,get
1923,0.005209,0.810000,get
1924,0.005210,0.629000,get
1925,0.005210,0.445000,get
1926,0.005211,0.560000,get
1927,0.005212,0.418000,get
1928,0.005220,6.940000,put
1929,0.005224,4.050000,put
1930,0.005226,1.186000,get
1931,0.005227,0.425000,get
1932,0.005228,0.750000,get
1933,0.005229,0.810000,get
1934,0.005231,1.070000,get
1935,0.005232,1.092000,get
1936,0.005237,3.872000,get
1937,0.005243,5.441000,get
1938,0.005244,0.684000,get
1939,0.005245,1.242000,get
1940,0.005246,0.451000,get
1941,0.005254,6.802000,put
1942,0.005255,0.856000,get
1943,0.005256,0.802000,get
1944,0.005257,0.837000,get
1945,0.005261,3.143000,get
1946,0.005262,0.735000,get
1947,0.005269,6.356000,put
1948,0.005277,7.378000,put
1949,0.005278,0.744000,get
1950,0.005281,1.734000,get
1951,0.005282,0.767000,get
1952,0.005283,0.465000,get
1953,0.005288,4.740000,put
1954,0.005294,4.909000,get
1955,0.005295,1.462000,get
1956,0.005301,5.051000,put
1957,0.005304,2.177000,get
1958,0.005305,0.755000,get
1959,0.005306,0.804000,get
1960,0.005308,1.042000,get
1961,0.005309,0.452000,get
1962,0.005313,4.065000,put
1963,0.005314,0.462000,get
1964,0.005316,0.865000,get
1965,0.005317,0.814000,get
1966,0.005318,0.672000,get
1967,0.005319,0.737000,get
1968,0.005320,0.410000,get
1969,0.005324,3.561000,get
1970,0.005332,7.273000,put
1971,0.005333,0.477000,get
1972,0.005334,0.739000,get
1973,0.005335,0.414000,get
1974,0.005336,0.642000,get
1975,0.005336,0.378000,get
1976,0.005338,0.702000,get
1977,0.005339,0.775000,get
1978,0.005343,3.755000,put
1979,0.005347,3.024000,get
1980,0.005349,1.762000,get
1981,0.005350,0.427000,get
1982,0.005351,0.657000,get
1983,0.005352,0.864000,get
1984,0.005357,4.432000,put
1985,0.005358,0.451000,get
1986,0.005362,3.858000,put
1987,0.005364,0.955000,get
1988,0.005365,0.688000,get
1989,0.005366,0.634000,get
1990,0.005367,0.667000,get
1991,0.005368,0.767000,get
1992,0.005370,1.367000,get
1993,0.005380,9.705000,put
1994,0.005382,1.214000,get
1995,0.005386,3.668000,get
1996,0.005387,0.428000,get
1997,0.005388,1.332000,get
1998,0.005393,4.070000,put
1999,0.005394,0.754000,get
2000,0.005395,0.672000,get
2001,0.005396,0.408000,get
2002,0.005397,0.416000,get
2003,0.005397,0.383000,get
2004,0.005399,0.653000,get
2005,0.005399,0.381000,get
2006,0.005401,0.911000,get
2007,0.005402,0.700000,get
2008,0.005404,1.403000,get
2009,0.005409,4.877000,put
2010,0.005413,3.878000,put
2011,0.005414,0.465000,get
2012,0.005415,0.670000,get
2013,0.005416,0.621000,get
2014,0.005417,0.408000,get
2015,0.005418,0.769000,get
2016,0.005419,0.403000,get
2017,0.005420,0.404000,get
2018,0.005421,0.882000,get
2019,0.005423,0.910000,get
2020,0.005426,3.291000,get
2021,0.005428,0.943000,get
2022,0.005429,0.636000,get
2023,0.005430,0.664000,get
2024,0.005431,0.426000,get
2025,0.005432,0.622000,get
2026,0.005433,0.614000,get
2027,0.005434,0.694000,get
2028,0.005437,3.215000,get
2029,0.005441,3.359000,get
2030,0.005442,0.434000,get
2031,0.005449,6.935000,put
2032,0.005454,3.750000,put
2033,0.005456,1.691000,get
2034,0.005461,4.418000,put
2035,0.005462,0.703000,get
2036,0.005463,0.732000,get
2037,0.005465,0.910000,get
2038,0.005466,0.774000,get
2039,0.005467,0.640000,get
2040,0.005468,0.632000,get
2041,0.005469,0.418000,get
2042,0.005473,3.884000,put
2043,0.005474,0.657000,get
2044,0.005482,7.237000,put
2045,0.005483,0.462000,get
2046,0.005483,0.408000,get
2047,0.005485,0.894000,get
2048,0.005486,0.751000,get
2049,0.005487,0.811000,get
2050,0.005491,3.610000,get
2051,0.005492,0.667000,get
2052,0.005494,0.736000,get
2053,0.005495,0.745000,get
2054,0.005495,0.401000,get
2055,0.005501,4.536000,put
2056,0.005505,3.581000,put
2057,0.005506,0.636000,get
2058,0.005507,0.554000,get
2059,0.005508,0.910000,get
2060,0.005509,0.670000,get
2061,0.005510,0.961000,get
2062,0.005511,0.555000,get
2063,0.005512,0.416000,get
2064,0.005513,0.406000,get
2065,0.005514,1.014000,get
2066,0.005523,7.631000,put
2067,0.005524,0.948000,get
2068,0.005525,0.819000,get
2069,0.005526,0.425000,get
2070,0.005527,0.706000,get
2071,0.005528,0.678000,get
2072,0.005530,1.454000,get
2073,0.005531,0.412000,get
2074,0.005535,4.006000,put
2075,0.005536,0.461000,get
2076,0.005541,3.858000,put
2077,0.005544,2.815000,get
2078,0.005545,0.433000,get
2079,0.005548,2.745000,get
2080,0.005549,0.625000,get
2081,0.005550,0.677000,get
2082,0.005551,0.648000,get
2083,0.005552,0.410000,get
2084,0.005553,0.618000,get
2085,0.005554,0.626000,get
2086,0.005555,0.441000,get
2087,0.005555,0.390000,get
2088,0.005556,0.682000,get
2089,0.005558,0.847000,get
2090,0.005562,3.917000,put
2091,0.005563,0.848000,get
2092,0.005565,0.733000,get
2093,0.005566,0.902000,get
2094,0.005567,0.919000,get
2095,0.005569,0.832000,get
2096,0.005577,8.305000,put
2097,0.005578,0.465000,get
2098,0.005583,4.129000,put
2099,0.005584,0.738000,get
2100,0.005585,0.426000,get
2101,0.005586,0.793000,get
2102,0.005587,0.672000,get
2103,0.005588,0.706000,get
2104,0.005589,0.596000,get
2105,0.005594,4.474000,get
2106,0.005599,4.546000,put
2107,0.005601,0.763000,get
2108,0.005601,0.419000,get
2109,0.005606,4.394000,put
2110,0.005614,6.913000,put
2111,0.005617,3.060000,get
2112,0.005619,0.865000,get
2113,0.005623,4.249000,put
2114,0.005626,2.136000,get
2115,0.005627,0.438000,get
2116,0.005632,4.176000,put
2117,0.005636,4.299000,put
2118,0.005637,0.606000,get
2119,0.005638,0.701000,get
2120,0.005642,3.107000,get
2121,0.005643,0.813000,get
2122,0.005644,0.530000,get
2123,0.005652,7.027000,put
2124,0.005653,0.744000,get
2125,0.005654,0.418000,get
2126,0.005655,0.623000,get
2127,0.005656,0.416000,get
2128,0.005656,0.407000,get
2129,0.005661,4.297000,put
2130,0.005666,4.019000,get
2131,0.005667,1.221000,get
2132,0.005672,4.538000,put
2133,0.005677,4.413000,put
2134,0.005679,1.082000,get
2135,0.005680,0.650000,get
2136,0.005688,7.308000,put
2137,0.005689,0.802000,get
2138,0.005690,0.405000,get
2139,0.005695,4.395000,put
2140,0.005698,3.061000,get
2141,0.005700,1.151000,get
2142,0.005705,4.251000,put
2143,0.005706,0.444000,get
2144,0.005706,0.406000,get
2145,0.005707,0.703000,get
2146,0.005720,11.917000,get
2147,0.005723,2.379000,get
2148,0.005725,1.033000,get
2149,0.005729,4.406000,put
2150,0.005730,0.487000,get
2151,0.005738,7.215000,put
2152,0.005740,1.051000,get
2153,0.005740,0.423000,get
2154,0.005745,4.462000,put
2155,0.005746,0.437000,get
2156,0.005747,0.377000,get
2157,0.005751,3.609000,put
2158,0.005752,0.970000,get
2159,0.005755,2.467000,get
2160,0.005756,0.424000,get
2161,0.005757,0.405000,get
2162,0.005758,0.780000,get
2163,0.005759,0.403000,get
2164,0.005760,0.386000,get
2165,0.005761,0.390000,get
2166,0.005764,2.844000,get
2167,0.005765,0.807000,get
2168,0.005766,0.629000,get
2169,0.005769,2.448000,get
2170,0.005770,0.602000,get
2171,0.005771,0.420000,get
2172,0.005772,0.644000,get
2173,0.005774,1.049000,get
2174,0.005775,0.983000,get
2175,0.005776,0.807000,get
2176,0.005778,0.945000,get
2177,0.005779,0.955000,get
2178,0.005783,3.248000,get
2179,0.005786,2.214000,get
2180,0.005787,0.425000,get
2181,0.005787,0.403000,get
2182,0.005789,0.726000,get
2183,0.005790,0.905000,get
2184,0.005802,0.445000,get
2185,0.005803,0.848000,get
2186,0.005811,7.309000,put
2187,0.005815,3.848000,put
2188,0.005816,0.758000,get
2189,0.005818,1.377000,get
2190,0.005819,0.411000,get
2191,0.005821,1.267000,get
2192,0.005826,4.395000,put
2193,0.005827,0.707000,get
2194,0.005832,4.903000,put
2195,0.005835,2.319000,get
2196,0.005840,4.159000,get
2197,0.005845,4.375000,get
2198,0.005847,1.498000,get
2199,0.005848,1.088000,get
2200,0.005850,0.722000,get
2201,0.005851,0.853000,get
2202,0.005853,1.211000,get
2203,0.005854,0.619000,get
2204,0.005857,3.253000,get
2205,0.005866,7.698000,put
2206,0.005869,2.873000,get
2207,0.005871,1.248000,get
2208,0.005873,1.165000,get
2209,0.005874,0.780000,get
2210,0.005875,0.687000,get
2211,0.005877,1.528000,get
2212,0.005878,0.817000,get
2213,0.005879,0.722000,get
2214,0.005880,0.443000,get
2215,0.005881,0.402000,get
2216,0.005882,0.803000,get
2217,0.005883,0.657000,get
2218,0.005884,0.824000,get
2219,0.005885,0.451000,get
2220,0.005886,0.586000,get
2221,0.005892,4.841000,get
2222,0.005894,1.708000,get
2223,0.005899,4.694000,put
2224,0.005900,0.455000,get
2225,0.005901,0.416000,get
2226,0.005902,1.214000,get
2227,0.005906,3.446000,get
2228,0.005908,0.803000,get
2229,0.005909,0.757000,get
2230,0.005913,3.982000,get
2231,0.005915,0.830000,get
2232,0.005916,0.439000,get
2233,0.005917,0.666000,get
2234,0.005917,0.413000,get
2235,0.005918,0.665000,get
2236,0.005920,0.887000,get
2237,0.005922,1.748000,get
2238,0.005927,4.693000,get
2239,0.005930,2.377000,get
2240,0.005935,4.431000,put
2241,0.005939,3.349000,get
2242,0.005955,14.833000,get
2243,0.005956,0.777000,get
2244,0.005958,1.452000,get
2245,0.005959,0.851000,get
2246,0.005961,1.296000,get
2247,0.005965,3.885000,put
2248,0.005968,1.742000,get
2249,0.005969,0.420000,get
2250,0.005969,0.417000,get
2251,0.005977,7.015000,put
2252,0.005978,0.434000,get
2253,0.005979,0.669000,get
2254,0.005984,4.518000,put
2255,0.005988,3.852000,put
2256,0.005989,0.409000,get
2257,0.005994,4.388000,put
2258,0.005998,3.762000,get
2259,0.005999,0.687000,get
2260,0.006000,0.428000,get
2261,0.006001,0.403000,get
2262,0.006011,10.020000,put
2263,0.006012,0.722000,get
2264,0.006017,4.276000,put
2265,0.006019,1.612000,get
2266,0.006024,4.386000,get
2267,0.006026,1.020000,get
2268,0.006027,0.656000,get
2269,0.006028,0.782000,get
2270,0.006033,3.987000,get
2271,0.006034,0.481000,get
2272,0.006035,1.128000,get
2273,0.006036,0.404000,get
2274,0.006041,4.570000,put
2275,0.006042,0.838000,get
2276,0.006044,0.972000,get
2277,0.006048,3.984000,put
2278,0.006049,0.405000,get
2279,0.006057,7.022000,put
2280,0.006058,0.922000,get
2281,0.006061,2.004000,get
2282,0.006061,0.465000,get
2283,0.006064,1.883000,get
2284,0.006065,0.867000,get
2285,0.006069,3.191000,get
2286,0.006072,2.804000,get
2287,0.006078,5.021000,put
2288,0.006079,0.851000,get
2289,0.006080,0.421000,get
2290,0.006081,0.931000,get
2291,0.006082,0.683000,get
2292,0.006087,4.220000,put
2293,0.006089,1.158000,get
2294,0.006090,1.042000,get
2295,0.006095,4.077000,put
2296,0.006099,3.757000,get
2297,0.006107,7.431000,put
2298,0.006111,3.712000,get
2299,0.006116,3.899000,get
2300,0.006117,0.675000,get
2301,0.006122,4.381000,put
2302,0.006127,4.308000,get
2303,0.006128,0.440000,get
2304,0.006129,1.050000,get
2305,0.006135,4.881000,get
2306,0.006138,3.069000,get
2307,0.006139,0.443000,get
2308,0.006140,0.843000,get
2309,0.006141,0.419000,get
2310,0.006143,0.896000,get
2311,0.006147,4.385000,put
2312,0.006148,0.461000,get
2313,0.006149,0.418000,get
2314,0.006150,0.697000,get
2315,0.006154,3.768000,put
2316,0.006156,0.891000,get
2317,0.006159,2.687000,get
2318,0.006164,4.217000,get
2319,0.006165,0.892000,get
2320,0.006166,0.695000,get
2321,0.006175,8.583000,put
2322,0.006176,0.709000,get
2323,0.006178,0.869000,get
2324,0.006179,0.932000,get
2325,0.006181,1.481000,get
2326,0.006182,0.704000,get
2327,0.006183,0.410000,get
2328,0.006193,9.368000,get
2329,0.006198,4.236000,put
2330,0.006199,1.069000,get
2331,0.006200,0.844000,get
2332,0.006202,0.686000,get
2333,0.006203,0.705000,get
2334,0.006204,0.649000,get
2335,0.006205,0.667000,get
2336,0.006206,0.405000,get
2337,0.006210,4.006000,put
2338,0.006211,0.631000,get
2339,0.006219,7.154000,put
2340,0.006220,0.760000,get
2341,0.006221,0.729000,get
2342,0.006226,4.322000,put
2343,0.006227,0.908000,get
2344,0.006229,0.701000,get
2345,0.006235,5.387000,put
2346,0.006236,1.008000,get
2347,0.006241,4.050000,put
2348,0.006242,0.660000,get
2349,0.006244,1.997000,get
2350,0.006245,0.586000,get
2351,0.006253,7.076000,put
2352,0.006254,0.838000,get
2353,0.006256,1.735000,get
2354,0.006262,4.674000,get
2355,0.006263,0.750000,get
2356,0.006264,0.651000,get
2357,0.006266,1.870000,get
2358,0.006267,0.462000,get
2359,0.006268,0.691000,get
2360,0.006274,4.858000,put
2361,0.006274,0.495000,get
2362,0.006275,0.416000,get
2363,0.006277,0.932000,get
2364,0.006277,0.397000,get
2365,0.006278,0.676000,get
2366,0.006279,0.375000,get
2367,0.006284,4.542000,put
2368,0.006288,3.499000,get
2369,0.006290,0.807000,get
2370,0.006291,0.600000,get
2371,0.006292,0.861000,get
2372,0.006293,0.885000,get
2373,0.006298,4.306000,put
2374,0.006299,0.636000,get
2375,0.006302,2.041000,get
2376,0.006303,0.684000,get
2377,0.006305,1.076000,get
2378,0.006306,0.733000,get
2379,0.006307,0.752000,get
2380,0.006308,0.817000,get
2381,0.006309,0.449000,get
2382,0.006310,0.668000,get
2383,0.006314,3.914000,get
2384,0.006315,0.462000,get
2385,0.006319,2.916000,get
2386,0.006320,0.427000,get
2387,0.006320,0.397000,get
2388,0.006322,0.860000,get
2389,0.006324,1.595000,get
2390,0.006325,0.669000,get
2391,0.006326,0.986000,get
2392,0.006334,7.437000,put
2393,0.006336,1.616000,get
2394,0.006337,0.683000,get
2395,0.006342,4.147000,put
2396,0.006343,0.925000,get
2397,0.006345,0.667000,get
2398,0.006346,0.718000,get
2399,0.006347,0.614000,get
2400,0.006348,0.415000,get
2401,0.006349,0.752000,get
2402,0.006349,0.405000,get
2403,0.006350,0.407000,get
2404,0.006355,4.213000,put
2405,0.006359,3.309000,get
2406,0.006364,4.753000,put
2407,0.006365,0.679000,get
2408,0.006373,7.571000,put
2409,0.006374,0.458000,get
2410,0.006379,4.134000,put
2411,0.006381,1.537000,get
2412,0.006382,0.427000,get
2413,0.006382,0.415000,get
2414,0.006383,0.657000,get
2415,0.006388,4.076000,put
2416,0.006389,0.677000,get
2417,0.006390,0.403000,get
2418,0.006395,4.169000,put
2419,0.006397,1.518000,get
2420,0.006405,8.122000,put
2421,0.006407,0.945000,get
2422,0.006408,1.235000,get
2423,0.006412,2.951000,get
2424,0.006413,0.684000,get
2425,0.006414,0.422000,get
2426,0.006416,1.739000,get
2427,0.006417,0.760000,get
2428,0.006421,2.850000,get
2429,0.006421,0.428000,get
2430,0.006423,0.840000,get
2431,0.006425,1.307000,get
2432,0.006426,0.856000,get
2433,0.006430,4.108000,put
2434,0.006431,0.660000,get
2435,0.006436,3.979000,put
2436,0.006441,4.587000,put
2437,0.006449,7.070000,put
2438,0.006449,0.467000,get
2439,0.006451,0.681000,get
2440,0.006452,0.910000,get
2441,0.006453,0.580000,get
2442,0.006454,0.409000,get
2443,0.006454,0.413000,get
2444,0.006458,2.876000,get
2445,0.006460,1.608000,get
2446,0.006463,2.629000,get
2447,0.006465,1.274000,get
2448,0.006471,5.460000,get
2449,0.006474,3.132000,get
2450,0.006480,4.934000,put
2451,0.006482,1.102000,get
2452,0.006483,0.946000,get
2453,0.006486,2.956000,get
2454,0.006491,3.828000,put
2455,0.006492,0.743000,get
2456,0.006500,7.120000,put
2457,0.006500,0.484000,get
2458,0.006502,0.742000,get
2459,0.006503,0.688000,get
2460,0.006508,4.651000,put
2461,0.006510,1.334000,get
2462,0.006511,0.718000,get
2463,0.006513,1.497000,get
2464,0.006517,3.141000,get
2465,0.006518,0.827000,get
2466,0.006520,1.584000,get
2467,0.006521,0.423000,get
2468,0.006526,4.405000,put
2469,0.006527,0.682000,get
2470,0.006528,0.756000,get
2471,0.006530,1.251000,get
2472,0.006531,0.709000,get
2473,0.006532,0.798000,get
2474,0.006536,3.070000,get
2475,0.006541,4.668000,put
2476,0.006542,0.805000,get
2477,0.006543,0.414000,get
2478,0.006544,0.982000,get
2479,0.006550,5.061000,get
2480,0.006558,7.405000,put
2481,0.006559,0.751000,get
2482,0.006560,0.654000,get
2483,0.006561,0.415000,get
2484,0.006562,0.777000,get
2485,0.006563,0.439000,get
2486,0.006568,4.513000,put
2487,0.006569,0.922000,get
2488,0.006575,4.754000,put
2489,0.006579,4.121000,put
2490,0.006581,1.052000,get
2491,0.006582,0.435000,get
2492,0.006583,0.720000,get
2493,0.006584,0.407000,get
2494,0.006584,0.381000,get
2495,0.006588,2.816000,get
2496,0.006600,0.436000,get
2497,0.006608,7.557000,put
2498,0.006609,0.768000,get
2499,0.006613,3.195000,get
2500,0.006614,0.678000,get
2501,0.006619,4.227000,put
2502,0.006620,1.029000,get
2503,0.006621,0.718000,get
2504,0.006623,1.148000,get
2505,0.006625,1.255000,get
2506,0.006628,2.773000,get
2507,0.006630,1.308000,get
2508,0.006630,0.426000,get
2509,0.006634,2.867000,get
2510,0.006636,1.768000,get
2511,0.006637,0.864000,get
2512,0.006639,0.816000,get
2513,0.006640,1.229000,get
2514,0.006645,3.788000,put
2515,0.006646,0.796000,get
2516,0.006651,4.211000,put
2517,0.006659,8.029000,put
2518,0.006664,4.387000,put
2519,0.006668,3.326000,get
2520,0.006669,0.696000,get
2521,0.006670,0.740000,get
2522,0.006675,3.888000,get
2523,0.006680,4.420000,put
2524,0.006684,3.685000,get
2525,0.006689,4.315000,get
2526,0.006689,0.459000,get
2527,0.006692,1.803000,get
2528,0.006693,0.727000,get
2529,0.006697,3.296000,get
2530,0.006702,4.483000,put
2531,0.006703,0.476000,get
2532,0.006704,0.656000,get
2533,0.006705,0.756000,get
2534,0.006713,7.734000,put
2535,0.006714,0.469000,get
2536,0.006715,0.414000,get
2537,0.006719,4.051000,put
2538,0.006721,1.162000,get
2539,0.006722,1.026000,get
2540,0.006723,0.416000,get
2541,0.006728,4.264000,put
2542,0.006729,0.801000,get
2543,0.006730,0.730000,get
2544,0.006735,4.514000,get
2545,0.006740,3.947000,put
2546,0.006741,0.749000,get
2547,0.006743,0.993000,get
2548,0.006743,0.505000,get
2549,0.006745,0.858000,get
2550,0.006745,0.410000,get
2551,0.006753,7.583000,put
2552,0.006759,4.392000,get
2553,0.006760,0.984000,get
2554,0.006765,4.674000,put
2555,0.006767,0.896000,get
2556,0.006768,0.820000,get
2557,0.006772,3.919000,put
2558,0.006776,3.572000,get
2559,0.006780,3.336000,get
2560,0.006789,8.609000,put
2561,0.006791,0.780000,get
2562,0.006792,0.694000,get
2563,0.006793,0.689000,get
2564,0.006797,3.340000,get
2565,0.006798,1.133000,get
2566,0.006799,0.761000,get
2567,0.006801,1.621000,get
2568,0.006804,1.731000,get
2569,0.006805,0.712000,get
2570,0.006807,1.436000,get
2571,0.006808,0.868000,get
2572,0.006812,3.539000,get
2573,0.006817,4.437000,put
2574,0.006818,0.520000,get
2575,0.006820,1.491000,get
2576,0.006824,3.765000,put
2577,0.006826,1.012000,get
2578,0.006827,0.730000,get
2579,0.006828,0.475000,get
2580,0.006829,1.117000,get
2581,0.006830,0.437000,get
2582,0.006835,4.478000,put
2583,0.006839,3.967000,get
2584,0.006841,0.959000,get
2585,0.006842,0.454000,get
2586,0.006850,7.878000,put
2587,0.006853,2.283000,get
2588,0.006854,0.800000,get
2589,0.006856,0.925000,get
2590,0.006857,0.988000,get
2591,0.006862,4.515000,put
2592,0.006863,0.549000,get
2593,0.006864,0.741000,get
2594,0.006866,1.049000,get
2595,0.006869,3.110000,get
2596,0.006871,0.940000,get
2597,0.006872,0.762000,get
2598,0.006873,0.997000,get
2599,0.006878,4.215000,put
2600,0.006880,1.191000,get
2601,0.006881,0.721000,get
2602,0.006882,0.773000,get
2603,0.006887,4.167000,put
2604,0.006892,4.166000,get
2605,0.006893,1.021000,get
2606,0.006897,3.136000,get
2607,0.006899,0.948000,get
2608,0.006908,8.540000,put
2609,0.006912,3.710000,put
2610,0.006913,0.912000,get
2611,0.006916,1.711000,get
2612,0.006916,0.451000,get
2613,0.006921,4.490000,put
2614,0.006924,2.076000,get
2615,0.006926,1.866000,get
2616,0.006927,0.445000,get
2617,0.006931,3.024000,get
2618,0.006936,4.602000,put
2619,0.006938,1.299000,get
2620,0.006938,0.420000,get
2621,0.006958,18.504000,put
2622,0.006959,0.864000,get
2623,0.006960,1.068000,get
2624,0.006965,4.070000,put
2625,0.006966,0.745000,get
2626,0.006967,0.410000,get
2627,0.006972,4.614000,put
2628,0.006973,0.451000,get
2629,0.006974,1.121000,get
2630,0.006976,1.219000,get
2631,0.006981,4.770000,get
2632,0.006985,3.216000,get
2633,0.006986,0.433000,get
2634,0.006987,0.411000,get
2635,0.006992,4.375000,put
2636,0.006993,0.960000,get
2637,0.007000,6.760000,put
2638,0.007003,1.799000,get
2639,0.007004,0.974000,get
2640,0.007008,3.199000,get
2641,0.007012,3.843000,put
2642,0.007013,0.437000,get
2643,0.007014,0.416000,get
2644,0.007018,4.068000,put
2645,0.007020,0.834000,get
2646,0.007021,0.786000,get
2647,0.007023,1.724000,get
2648,0.007029,4.881000,get
2649,0.007029,0.435000,get
2650,0.007030,0.419000,get
2651,0.007032,1.430000,get
2652,0.007034,0.956000,get
2653,0.007035,0.709000,get
2654,0.007036,0.770000,get
2655,0.007037,1.043000,get
2656,0.007038,0.711000,get
2657,0.007041,1.854000,get
2658,0.007043,1.346000,get
2659,0.007044,1.052000,get
2660,0.007046,0.951000,get
2661,0.007046,0.415000,get
2662,0.007051,4.437000,put
2663,0.007059,7.165000,put
2664,0.007061,1.263000,get
2665,0.007061,0.412000,get
2666,0.007066,4.504000,get
2667,0.007068,0.912000,get
2668,0.007073,4.327000,put
2669,0.007074,0.867000,get
2670,0.007076,1.276000,get
2671,0.007077,0.715000,get
2672,0.007078,0.777000,get
2673,0.007079,0.766000,get
2674,0.007082,2.349000,get
2675,0.007084,0.959000,get
2676,0.007088,4.206000,put
2677,0.007090,0.930000,get
2678,0.007098,7.474000,put
2679,0.007099,1.187000,get
2680,0.007103,2.905000,get
2681,0.007104,0.432000,get
2682,0.007105,0.778000,get
2683,0.007106,0.674000,get
2684,0.007107,0.421000,get
2685,0.007111,4.219000,put
2686,0.007114,2.325000,get
2687,0.007116,1.082000,get
2688,0.007117,0.420000,get
2689,0.007118,0.727000,get
2690,0.007122,3.996000,put
2691,0.007127,4.254000,put
2692,0.007129,1.603000,get
2693,0.007140,10.125000,get
2694,0.007141,1.113000,get
2695,0.007143,1.117000,get
2696,0.007144,0.990000,get
2697,0.007150,5.164000,get
2698,0.007151,0.663000,get
2699,0.007153,1.176000,get
2700,0.007154,0.418000,get
2701,0.007159,4.661000,get
2702,0.007167,7.750000,put
2703,0.007169,1.204000,get
2704,0.007170,0.426000,get
2705,0.007173,2.317000,get
2706,0.007176,2.185000,get
2707,0.007180,4.395000,put
2708,0.007181,0.434000,get
2709,0.007185,3.150000,get
2710,0.007186,0.389000,get
2711,0.007191,4.432000,put
2712,0.007192,1.289000,get
2713,0.007197,4.040000,put
2714,0.007198,0.702000,get
2715,0.007202,3.671000,get
2716,0.007203,0.813000,get
2717,0.007204,0.431000,get
2718,0.007206,0.893000,get
2719,0.007206,0.422000,get
2720,0.007208,1.047000,get
2721,0.007209,0.876000,get
2722,0.007217,7.794000,put
2723,0.007218,0.463000,get
2724,0.007222,2.626000,get
2725,0.007225,2.849000,get
2726,0.007229,3.785000,put
2727,0.007231,0.831000,get
2728,0.007231,0.405000,get
2729,0.007232,0.413000,get
2730,0.007233,0.411000,get
2731,0.007236,2.187000,get
2732,0.007237,0.928000,get
2733,0.007242,4.380000,put
2734,0.007247,4.215000,put
2735,0.007248,1.100000,get
2736,0.007250,0.828000,get
2737,0.007250,0.413000,get
2738,0.007252,0.908000,get
2739,0.007259,7.080000,put
2740,0.007260,0.473000,get
2741,0.007262,1.285000,get
2742,0.007263,0.952000,get
2743,0.007268,4.373000,put
2744,0.007270,0.889000,get
2745,0.007270,0.462000,get
2746,0.007275,4.341000,put
2747,0.007276,0.447000,get
2748,0.007277,0.414000,get
2749,0.007282,4.274000,put
2750,0.007282,0.440000,get
2751,0.007290,6.924000,put
2752,0.007291,0.857000,get
2753,0.007292,0.839000,get
2754,0.007298,5.164000,get
2755,0.007300,0.938000,get
2756,0.007300,0.419000,get
2757,0.007302,0.839000,get
2758,0.007306,4.141000,put
2759,0.007307,0.453000,get
2760,0.007311,3.562000,get
2761,0.007312,0.842000,get
2762,0.007324,10.796000,get
2763,0.007326,1.131000,get
2764,0.007327,0.828000,get
2765,0.007332,5.015000,put
2766,0.007334,0.786000,get
2767,0.007335,1.151000,get
2768,0.007340,4.704000,put
2769,0.007342,0.847000,get
2770,0.007343,0.740000,get
2771,0.007344,0.810000,get
2772,0.007345,0.965000,get
2773,0.007348,2.311000,get
2774,0.007350,1.613000,get
2775,0.007352,1.007000,get
2776,0.007355,3.283000,get
2777,0.007363,7.129000,put
2778,0.007364,0.475000,get
2779,0.007365,0.881000,get
2780,0.007367,1.065000,get
2781,0.007368,0.715000,get
2782,0.007369,0.415000,get
2783,0.007370,0.767000,get
2784,0.007375,4.688000,put
2785,0.007376,0.936000,get
2786,0.007382,4.444000,put
2787,0.007383,0.934000,get
2788,0.007384,0.813000,get
2789,0.007385,0.413000,get
2790,0.007388,2.240000,get
2791,0.007389,0.412000,get
2792,0.007390,1.235000,get
2793,0.007392,0.773000,get
2794,0.007393,0.852000,get
2795,0.007394,0.848000,get
2796,0.007395,0.672000,get
2797,0.007397,0.836000,get
2798,0.007397,0.408000,get
2799,0.007400,2.485000,get
2800,0.007405,3.826000,put
2801,0.007405,0.433000,get
2802,0.007413,7.312000,put
2803,0.007415,0.814000,get
2804,0.007416,0.757000,get
2805,0.007417,1.026000,get
2806,0.007422,3.878000,put
2807,0.007426,4.338000,put
2808,0.007439,1.064000,get
2809,0.007440,0.683000,get
2810,0.007447,7.015000,put
2811,0.007452,4.211000,put
2812,0.007457,4.190000,put
2813,0.007458,1.093000,get
2814,0.007460,0.801000,get
2815,0.007461,0.427000,get
2816,0.007465,4.196000,put
2817,0.007466,0.839000,get
2818,0.007467,0.417000,get
2819,0.007469,0.998000,get
2820,0.007470,1.186000,get
2821,0.007472,1.041000,get
2822,0.007476,3.229000,get
2823,0.007477,1.213000,get
2824,0.007479,1.432000,get
2825,0.007480,0.831000,get
2826,0.007485,4.010000,get
2827,0.007493,7.247000,put
2828,0.007494,1.099000,get
2829,0.007495,0.800000,get
2830,0.007500,4.004000,get
2831,0.007501,0.433000,get
2832,0.007506,4.753000,put
2833,0.007507,0.758000,get
2834,0.007512,3.896000,put
2835,0.007512,0.429000,get
2836,0.007515,2.282000,get
2837,0.007526,9.815000,get
2838,0.007527,0.855000,get
2839,0.007529,1.060000,get
2840,0.007530,0.422000,get
2841,0.007532,1.358000,get
2842,0.007537,4.917000,put
2843,0.007545,7.099000,put
2844,0.007546,0.737000,get
2845,0.007551,4.466000,put
2846,0.007552,0.454000,get
2847,0.007554,1.925000,get
2848,0.007559,4.493000,put
2849,0.007561,1.737000,get
2850,0.007563,1.040000,get
2851,0.007568,4.454000,put
2852,0.007569,0.447000,get
2853,0.007570,0.849000,get
2854,0.007578,7.829000,put
2855,0.007579,0.468000,get
2856,0.007580,0.422000,get
2857,0.007581,0.410000,get
2858,0.007586,4.897000,put
2859,0.007588,1.028000,get
2860,0.007592,3.879000,put
2861,0.007595,1.705000,get
2862,0.007599,4.101000,get
2863,0.007603,3.428000,get
2864,0.007608,4.368000,put
2865,0.007612,3.634000,get
2866,0.007613,0.730000,get
2867,0.007615,1.317000,get
2868,0.007616,0.723000,get
2869,0.007618,0.872000,get
2870,0.007619,0.667000,get
2871,0.007629,9.593000,put
2872,0.007630,0.756000,get
2873,0.007631,0.430000,get
2874,0.007632,0.866000,get
2875,0.007636,3.119000,get
2876,0.007637,0.732000,get
2877,0.007638,0.868000,get
2878,0.007639,0.769000,get
2879,0.007641,0.756000,get
2880,0.007642,0.760000,get
2881,0.007643,0.808000,get
2882,0.007648,4.668000,put
2883,0.007653,3.923000,put
2884,0.007654,0.504000,get
2885,0.007655,0.873000,get
2886,0.007659,4.008000,put
2887,0.007661,0.729000,get
2888,0.007662,0.857000,get
2889,0.007669,6.894000,put
2890,0.007670,0.768000,get
2891,0.007675,3.775000,get
2892,0.007676,1.244000,get
2893,0.007679,1.614000,get
2894,0.007679,0.490000,get
2895,0.007681,0.744000,get
2896,0.007682,0.692000,get
2897,0.007687,4.821000,put
2898,0.007692,4.621000,put
2899,0.007693,0.490000,get
2900,0.007701,7.131000,put
2901,0.007702,0.886000,get
2902,0.007703,0.884000,get
2903,0.007708,4.427000,put
2904,0.007710,0.737000,get
2905,0.007711,0.788000,get
2906,0.007715,4.202000,put
2907,0.007716,0.448000,get
2908,0.007718,1.175000,get
2909,0.007720,1.585000,get
2910,0.007722,1.048000,get
2911,0.007723,0.979000,get
2912,0.007724,0.738000,get
2913,0.007725,0.808000,get
2914,0.007726,0.426000,get
2915,0.007728,1.015000,get
2916,0.007729,1.341000,get
2917,0.007730,0.415000,get
2918,0.007731,0.416000,get
2919,0.007732,0.873000,get
2920,0.007733,0.784000,get
2921,0.007736,2.092000,get
2922,0.007737,0.406000,get
2923,0.007742,4.211000,put
2924,0.007749,7.335000,put
2925,0.007754,3.770000,get
2926,0.007755,0.822000,get
2927,0.007760,4.499000,put
2928,0.007761,0.826000,get
2929,0.007762,0.428000,get
2930,0.007765,2.127000,get
2931,0.007768,2.645000,get
2932,0.007769,0.748000,get
2933,0.007771,1.409000,get
2934,0.007773,1.130000,get
2935,0.007774,0.911000,get
2936,0.007779,4.162000,put
2937,0.007784,4.313000,put
2938,0.007786,2.294000,get
2939,0.007787,0.468000,get
2940,0.007789,1.410000,get
2941,0.007790,0.418000,get
2942,0.007794,2.975000,get
2943,0.007795,1.007000,get
2944,0.007796,0.437000,get
2945,0.007799,3.044000,get
2946,0.007807,7.295000,put
2947,0.007808,0.482000,get
2948,0.007809,0.429000,get
2949,0.007811,1.316000,get
2950,0.007812,0.864000,get
2951,0.007815,2.012000,get
2952,0.007820,4.502000,put
2953,0.007825,4.325000,put
2954,0.007827,2.353000,get
2955,0.007828,0.425000,get
2956,0.007832,2.843000,get
2957,0.007832,0.432000,get
2958,0.007834,1.373000,get
2959,0.007836,0.780000,get
2960,0.007837,0.787000,get
2961,0.007838,0.713000,get
2962,0.007843,4.783000,put
2963,0.007845,0.953000,get
2964,0.007852,6.987000,put
2965,0.007857,4.324000,put
2966,0.007860,2.315000,get
2967,0.007865,4.572000,put
2968,0.007866,0.723000,get
2969,0.007868,1.412000,get
2970,0.007869,0.445000,get
2971,0.007873,4.293000,put
2972,0.007881,6.903000,put
2973,0.007882,0.950000,get
2974,0.007883,0.625000,get
2975,0.007884,0.847000,get
2976,0.007886,0.784000,get
2977,0.007887,0.861000,get
2978,0.007888,0.409000,get
2979,0.007889,0.903000,get
2980,0.007894,4.689000,put
2981,0.007899,4.243000,put
2982,0.007900,0.483000,get
2983,0.007901,0.759000,get
2984,0.007902,0.821000,get
2985,0.007907,4.424000,put
2986,0.007909,0.935000,get
2987,0.007913,3.784000,get
2988,0.007922,7.907000,put
2989,0.007924,1.500000,get
2990,0.007925,0.787000,get
2991,0.007931,5.326000,put
2992,0.007936,4.604000,put
2993,0.007937,0.714000,get
2994,0.007940,2.675000,get
2995,0.007941,0.447000,get
2996,0.007942,0.439000,get
2997,0.007943,0.421000,get
2998,0.007944,0.411000,get
2999,0.007945,0.792000,get
3000,0.007946,0.755000,get
3001,0.007949,2.883000,get
3002,0.007950,0.421000,get
3003,0.007958,7.610000,put
3004,0.007963,3.743000,get
3005,0.007982,19.176000,put
3006,0.007984,0.628000,get
3007,0.007984,0.414000,get
3008,0.007985,0.283000,get
3009,0.007989,3.436000,get
3010,0.007989,0.292000,get
3011,0.007990,0.272000,get
3012,0.007991,0.691000,get
3013,0.007994,3.199000,put
3014,0.007997,2.590000,put
3015,0.007998,0.557000,get
3016,0.008003,5.049000,put
3017,0.008004,0.317000,get
3018,0.008005,0.435000,get
3019,0.008005,0.272000,get
3020,0.008009,3.050000,get
3021,0.008009,0.464000,get
3022,0.008010,0.274000,get
3023,0.008010,0.253000,get
3024,0.008011,0.259000,get
3025,0.008012,0.533000,get
3026,0.008012,0.274000,get
3027,0.008016,3.327000,put
3028,0.008020,3.228000,put
3029,0.008021,0.495000,get
3030,0.008021,0.604000,get
3031,0.008023,1.106000,get
3032,0.008024,0.546000,get
3033,0.008027,2.716000,put
3034,0.008028,0.539000,get
3035,0.008029,1.223000,get
3036,0.008030,0.781000,get
3037,0.008032,1.085000,get
3038,0.008037,5.348000,put
3039,0.008038,0.692000,get
3040,0.008040,1.383000,get
3041,0.008042,1.002000,get
3042,0.008042,0.308000,get
3043,0.008043,0.467000,get
3044,0.008044,1.251000,get
3045,0.008045,0.603000,get
3046,0.008046,0.548000,get
3047,0.008048,1.300000,get
3048,0.008057,8.383000,put
3049,0.008058,1.145000,get
3050,0.008059,0.568000,get
3051,0.008059,0.287000,get
3052,0.008063,2.923000,put
3053,0.008066,2.961000,put
3054,0.008071,4.562000,get
3055,0.008077,5.287000,put
3056,0.008077,0.313000,get
3057,0.008080,2.365000,get
3058,0.008081,0.701000,get
3059,0.008082,0.604000,get
3060,0.008083,0.534000,get
3061,0.008085,2.450000,get
3062,0.008086,0.302000,get
3063,0.008088,1.457000,get
3064,0.008089,0.278000,get
3065,0.008089,0.537000,get
3066,0.008090,0.517000,get
3067,0.008091,0.658000,get
3068,0.008092,0.516000,get
3069,0.008093,0.489000,get
3070,0.008093,0.407000,get
3071,0.008094,0.296000,get
3072,0.008096,1.921000,get
3073,0.008097,0.691000,get
3074,0.008098,0.298000,get
3075,0.008101,3.195000,put
3076,0.008103,1.141000,get
3077,0.008104,0.499000,get
3078,0.008105,0.767000,get
3079,0.008106,0.566000,get
3080,0.008109,2.749000,put
3081,0.008109,0.496000,get
3082,0.008110,0.567000,get
3083,0.008111,0.292000,get
3084,0.008113,1.706000,get
3085,0.008114,0.511000,get
3086,0.008114,0.274000,get
3087,0.008115,0.404000,get
3088,0.008117,1.813000,get
3089,0.008120,2.065000,get
3090,0.008123,3.115000,put
3091,0.008124,0.305000,get
3092,0.008130,6.323000,put
3093,0.008131,0.578000,get
3094,0.008135,3.735000,get
3095,0.008136,0.533000,get
3096,0.008140,3.143000,put
3097,0.008142,1.862000,get
3098,0.008143,0.558000,get
3099,0.008143,0.299000,get
3100,0.008144,0.517000,get
3101,0.008145,0.288000,get
3102,0.008145,0.619000,get
3103,0.008148,2.109000,get
3104,0.008149,0.602000,get
3105,0.008152,3.003000,put
3106,0.008153,0.535000,get
3107,0.008154,0.618000,get
3108,0.008155,0.794000,get
3109,0.008158,2.890000,put
3110,0.008160,1.072000,get
3111,0.008165,5.281000,put
3112,0.008166,0.814000,get
3113,0.008167,0.286000,get
3114,0.008170,2.565000,put
3115,0.008173,2.420000,put
3116,0.008174,0.892000,get
3117,0.008174,0.420000,get
3118,0.008176,0.902000,get
3119,0.008176,0.533000,get
3120,0.008184,0.295000,get
3121,0.008185,0.532000,get
3122,0.008188,3.097000,put
3123,0.008195,6.396000,put
3124,0.008197,1.524000,get
3125,0.008198,0.280000,get
3126,0.008201,3.193000,put
3127,0.008206,4.783000,get
3128,0.008207,0.561000,get
3129,0.008211,2.944000,put
3130,0.008217,6.112000,put
3131,0.008220,2.991000,put
3132,0.008221,0.491000,get
3133,0.008223,1.243000,get
3134,0.008223,0.279000,get
3135,0.008227,3.174000,put
3136,0.008228,0.760000,get
3137,0.008229,0.537000,get
3138,0.008231,1.486000,get
3139,0.008232,0.520000,get
3140,0.008232,0.275000,get
3141,0.008235,2.672000,put
3142,0.008236,0.520000,get
3143,0.008237,0.424000,get
3144,0.008244,6.706000,put
3145,0.008245,0.758000,get
3146,0.008248,3.345000,put
3147,0.008249,0.478000,get
3148,0.008251,1.377000,get
3149,0.008254,2.568000,put
3150,0.008254,0.286000,get
3151,0.008255,0.516000,get
3152,0.008266,10.415000,get
3153,0.008267,0.332000,get
3154,0.008268,0.610000,get
3155,0.008271,3.184000,put
3156,0.008275,3.211000,get
3157,0.008278,2.814000,get
3158,0.008279,0.712000,get
3159,0.008280,0.821000,get
3160,0.008286,5.116000,put
3161,0.008289,3.090000,put
3162,0.008290,0.570000,get
3163,0.008292,1.727000,get
3164,0.008293,0.943000,get
3165,0.008297,3.322000,put
3166,0.008298,0.628000,get
3167,0.008298,0.284000,get
3168,0.008304,4.819000,get
3169,0.008307,2.970000,put
3170,0.008313,5.722000,put
3171,0.008316,2.865000,put
3172,0.008317,0.547000,get
3173,0.008318,0.303000,get
3174,0.008323,4.676000,get
3175,0.008324,0.566000,get
3176,0.008326,2.180000,get
3177,0.008327,0.866000,get
3178,0.008328,0.559000,get
3179,0.008331,2.886000,put
3180,0.008332,0.636000,get
3181,0.008335,1.973000,get
3182,0.008338,2.997000,put
3183,0.008339,0.532000,get
3184,0.008341,2.144000,get
3185,0.008344,2.399000,get
3186,0.008345,0.647000,get
3187,0.008346,0.544000,get
3188,0.008347,0.967000,get
3189,0.008348,0.613000,get
3190,0.008354,5.719000,put
3191,0.008355,0.530000,get
3192,0.008356,0.567000,get
3193,0.008361,5.112000,get
3194,0.008362,0.464000,get
3195,0.008363,0.512000,get
3196,0.008365,2.141000,get
3197,0.008369,3.929000,get
3198,0.008370,0.624000,get
3199,0.008371,0.327000,get
3200,0.008372,0.560000,get
3201,0.008373,0.460000,get
3202,0.008373,0.617000,get
3203,0.008374,0.289000,get
3204,0.008375,0.811000,get
3205,0.008376,0.279000,get
3206,0.008379,3.178000,put
3207,0.008381,2.030000,get
3208,0.008385,2.784000,put
3209,0.008385,0.464000,get
3210,0.008386,0.565000,get
3211,0.008389,2.940000,put
3212,0.008391,0.850000,get
3213,0.008392,0.734000,get
3214,0.008393,0.575000,get
3215,0.008393,0.636000,get
3216,0.008399,4.952000,put
3217,0.008402,2.993000,put
3218,0.008403,0.936000,get
3219,0.008405,1.565000,get
3220,0.008407,0.749000,get
3221,0.008411,4.410000,get
3222,0.008412,0.497000,get
3223,0.008413,0.513000,get
3224,0.008416,2.614000,get
3225,0.008419,3.186000,put
3226,0.008422,1.987000,get
3227,0.008423,0.782000,get
3228,0.008424,0.615000,get
3229,0.008427,2.796000,get
3230,0.008428,0.290000,get
3231,0.008434,5.793000,put
3232,0.008435,0.805000,get
3233,0.008438,2.801000,put
3234,0.008441,2.774000,put
3235,0.008446,4.775000,get
3236,0.008447,0.292000,get
3237,0.008448,0.750000,get
3238,0.008449,0.866000,get
3239,0.008453,3.746000,put
3240,0.008454,0.528000,get
3241,0.008455,0.275000,get
3242,0.008460,4.981000,put
3243,0.008466,5.022000,get
3244,0.008469,2.809000,get
3245,0.008472,3.249000,put
3246,0.008473,0.303000,get
3247,0.008474,0.604000,get
3248,0.008475,0.275000,get
3249,0.008475,0.273000,get
3250,0.008477,1.231000,get
3251,0.008479,2.051000,get
3252,0.008480,0.593000,get
3253,0.008481,0.822000,get
3254,0.008482,0.497000,get
3255,0.008483,0.281000,get
3256,0.008483,0.532000,get
3257,0.008487,3.159000,put
3258,0.008488,0.614000,get
3259,0.008489,0.595000,get
3260,0.008490,0.691000,get
3261,0.008493,3.061000,put
3262,0.008494,0.819000,get
3263,0.008500,5.441000,put
3264,0.008501,0.309000,get
3265,0.008501,0.560000,get
3266,0.008502,0.280000,get
3267,0.008503,0.828000,get
3268,0.008504,0.573000,get
3269,0.008508,3.465000,put
3270,0.008509,0.623000,get
3271,0.008510,1.173000,get
3272,0.008511,0.696000,get
3273,0.008513,1.776000,get
3274,0.008514,0.516000,get
3275,0.008515,0.553000,get
3276,0.008516,0.836000,get
3277,0.008517,0.466000,get
3278,0.008518,0.475000,get
3279,0.008519,0.947000,get
3280,0.008520,0.571000,get
3281,0.008523,2.824000,put
3282,0.008526,3.262000,put
3283,0.008537,10.471000,get
3284,0.008544,6.020000,put
3285,0.008545,0.737000,get
3286,0.008546,0.634000,get
3287,0.008547,0.653000,get
3288,0.008547,0.282000,get
3289,0.008548,0.276000,get
3290,0.008549,0.538000,get
3291,0.008549,0.479000,get
3292,0.008553,2.991000,put
3293,0.008553,0.298000,get
3294,0.008554,0.575000,get
3295,0.008556,1.277000,get
3296,0.008556,0.271000,get
3297,0.008557,0.633000,get
3298,0.008560,2.832000,put
3299,0.008561,0.566000,get
3300,0.008565,3.052000,put
3301,0.008567,2.102000,get
3302,0.008570,2.246000,get
3303,0.008571,0.854000,get
3304,0.008573,1.317000,get
3305,0.008573,0.563000,get
3306,0.008575,1.735000,get
3307,0.008576,0.287000,get
3308,0.008577,0.831000,get
3309,0.008578,0.711000,get
3310,0.008583,4.929000,put
3311,0.008584,0.320000,get
3312,0.008585,0.554000,get
3313,0.008586,0.558000,get
3314,0.008586,0.273000,get
3315,0.008589,2.035000,get
3316,0.008592,3.271000,put
3317,0.008594,1.137000,get
3318,0.008595,0.506000,get
3319,0.008596,0.911000,get
3320,0.008597,0.839000,get
3321,0.008598,0.559000,get
3322,0.008601,2.982000,put
3323,0.008602,0.568000,get
3324,0.008607,4.125000,get
3325,0.008607,0.490000,get
3326,0.008608,0.593000,get
3327,0.008612,3.232000,get
3328,0.008613,0.639000,get
3329,0.008614,1.102000,get
3330,0.008619,4.552000,get
3331,0.008620,0.574000,get
3332,0.008621,0.592000,get
3333,0.008624,2.914000,put
3334,0.008626,0.686000,get
3335,0.008626,0.636000,get
3336,0.008627,0.540000,get
3337,0.008628,0.495000,get
3338,0.008629,0.635000,get
3339,0.008630,0.310000,get
3340,0.008631,0.665000,get
3341,0.008631,0.510000,get
3342,0.008632,0.443000,get
3343,0.008633,0.485000,get
3344,0.008633,0.299000,get
3345,0.008635,0.810000,get
3346,0.008640,5.121000,put
3347,0.008641,0.910000,get
3348,0.008642,0.570000,get
3349,0.008643,0.624000,get
3350,0.008644,0.532000,get
3351,0.008647,2.844000,put
3352,0.008648,0.555000,get
3353,0.008650,1.352000,get
3354,0.008651,0.592000,get
3355,0.008652,0.495000,get
3356,0.008654,1.766000,get
3357,0.008655,0.625000,get
3358,0.008655,0.313000,get
3359,0.008656,0.292000,get
3360,0.008658,1.993000,get
3361,0.008661,2.601000,put
3362,0.008665,3.642000,get
3363,0.008668,3.088000,get
3364,0.008674,5.467000,put
3365,0.008676,1.362000,get
3366,0.008677,0.603000,get
3367,0.008680,2.937000,put
3368,0.008682,1.908000,get
3369,0.008683,0.325000,get
3370,0.008684,0.289000,get
3371,0.008684,0.458000,get
3372,0.008685,0.537000,get
3373,0.008688,2.594000,put
3374,0.008689,0.613000,get
3375,0.008690,0.432000,get
3376,0.008690,0.513000,get
3377,0.008693,2.691000,put
3378,0.008694,0.534000,get
3379,0.008696,1.564000,get
3380,0.008697,0.305000,get
3381,0.008698,0.709000,get
3382,0.008699,0.700000,get
3383,0.008700,0.870000,get
3384,0.008700,0.272000,get
3385,0.008701,0.272000,get
3386,0.008707,6.060000,put
3387,0.008713,5.568000,get
3388,0.008714,0.706000,get
3389,0.008715,0.285000,get
3390,0.008715,0.272000,get
3391,0.008716,0.624000,get
3392,0.008717,0.510000,get
3393,0.008719,1.171000,get
3394,0.008721,2.157000,get
3395,0.008722,0.294000,get
3396,0.008722,0.530000,get
3397,0.008726,3.223000,put
3398,0.008728,1.740000,get
3399,0.008729,0.715000,get
3400,0.008730,0.771000,get
3401,0.008731,0.605000,get
3402,0.008734,2.780000,put
3403,0.008735,0.581000,get
3404,0.008736,0.520000,get
3405,0.008737,0.523000,get
3406,0.008737,0.304000,get
3407,0.008738,0.266000,get
3408,0.008739,0.616000,get
3409,0.008742,2.638000,put
3410,0.008742,0.556000,get
3411,0.008743,0.508000,get
3412,0.008744,0.492000,get
3413,0.008750,5.318000,put
3414,0.008753,2.903000,put
3415,0.008759,5.437000,get
3416,0.008762,2.791000,get
3417,0.008763,0.475000,get
3418,0.008764,1.084000,get
3419,0.008768,2.993000,put
3420,0.008771,2.553000,put
3421,0.008785,14.050000,get
3422,0.008787,1.610000,get
3423,0.008792,5.089000,put
3424,0.008793,0.717000,get
3425,0.008794,0.302000,get
3426,0.008795,0.538000,get
3427,0.008798,2.648000,get
3428,0.008801,3.085000,put
3429,0.008802,0.334000,get
3430,0.008804,1.979000,get
3431,0.008805,0.697000,get
3432,0.008813,0.507000,get
3433,0.008816,2.385000,get
3434,0.008817,0.285000,get
3435,0.008818,0.913000,get
3436,0.008821,3.147000,put
3437,0.008822,0.616000,get
3438,0.008824,0.813000,get
3439,0.008824,0.488000,get
3440,0.008826,1.580000,get
3441,0.008827,0.287000,get
3442,0.008828,0.550000,get
3443,0.008828,0.539000,get
3444,0.008829,0.616000,get
3445,0.008830,0.542000,get
3446,0.008833,2.882000,put
3447,0.008834,0.302000,get
3448,0.008835,0.570000,get
3449,0.008836,0.948000,get
3450,0.008837,0.781000,get
3451,0.008838,0.539000,get
3452,0.008839,1.120000,get
3453,0.008841,1.315000,get
3454,0.008841,0.282000,get
3455,0.008849,6.665000,put
3456,0.008852,2.717000,put
3457,0.008853,0.868000,get
3458,0.008854,0.997000,get
3459,0.008856,1.199000,get
3460,0.008857,1.531000,get
3461,0.008858,0.590000,get
3462,0.008859,0.552000,get
3463,0.008860,0.831000,get
3464,0.008861,0.450000,get
3465,0.008862,0.599000,get
3466,0.008863,0.566000,get
3467,0.008868,4.498000,put
3468,0.008869,0.520000,get
3469,0.008870,0.680000,get
3470,0.008874,3.993000,get
3471,0.008875,0.672000,get
3472,0.008876,0.590000,get
3473,0.008879,3.002000,put
3474,0.008880,1.054000,get
3475,0.008883,2.037000,get
3476,0.008889,5.325000,put
3477,0.008889,0.570000,get
3478,0.008893,2.829000,put
3479,0.008893,0.613000,get
3480,0.008894,0.605000,get
3481,0.008895,0.650000,get
3482,0.008896,0.305000,get
3483,0.008899,2.501000,get
3484,0.008900,0.598000,get
3485,0.008901,0.982000,get
3486,0.008902,0.475000,get
3487,0.008902,0.294000,get
3488,0.008903,0.684000,get
3489,0.008904,0.518000,get
3490,0.008905,0.599000,get
3491,0.008906,0.888000,get
3492,0.008909,2.961000,put
3493,0.008910,0.630000,get
3494,0.008911,0.533000,get
3495,0.008912,0.565000,get
3496,0.008913,0.773000,get
3497,0.008914,0.780000,get
3498,0.008918,2.766000,put
3499,0.008921,3.306000,get
3500,0.008927,5.254000,put
3501,0.008928,0.926000,get
3502,0.008931,2.705000,put
3503,0.008932,0.752000,get
3504,0.008933,0.539000,get
3505,0.008936,2.561000,get
3506,0.008936,0.279000,get
3507,0.008937,0.637000,get
3508,0.008941,3.272000,put
3509,0.008942,0.568000,get
3510,0.008943,0.599000,get
3511,0.008944,0.548000,get
3512,0.008949,5.466000,put
3513,0.008951,1.393000,get
3514,0.008952,0.834000,get
3515,0.008956,3.299000,put
3516,0.008957,0.639000,get
3517,0.008958,0.432000,get
3518,0.008961,3.646000,get
3519,0.008962,0.607000,get
3520,0.008964,0.893000,get
3521,0.008965,0.650000,get
3522,0.008965,0.291000,get
3523,0.008966,0.615000,get
3524,0.008967,0.403000,get
3525,0.008968,0.846000,get
3526,0.008969,0.411000,get
3527,0.008971,2.339000,get
3528,0.008972,0.565000,get
3529,0.008976,3.006000,put
3530,0.008978,2.502000,put
3531,0.008979,0.537000,get
3532,0.008980,0.438000,get
3533,0.008981,0.449000,get
3534,0.008981,0.271000,get
3535,0.008982,0.633000,get
3536,0.008987,4.954000,put
3537,0.008988,0.586000,get
3538,0.008989,0.507000,get
3539,0.008992,3.032000,put
3540,0.008993,0.653000,get
3541,0.009000,6.447000,put
3542,0.009002,1.100000,get
3543,0.009002,0.288000,get
3544,0.009003,0.580000,get
3545,0.009004,0.576000,get
3546,0.009004,0.305000,get
3547,0.009005,0.569000,get
3548,0.009006,0.609000,get
3549,0.009007,0.291000,get
3550,0.009008,0.568000,get
3551,0.009008,0.590000,get
3552,0.009009,0.275000,get
3553,0.009011,1.266000,get
3554,0.009013,2.102000,get
3555,0.009014,0.599000,get
3556,0.009015,0.566000,get
3557,0.009016,0.505000,get
3558,0.009019,3.133000,put
3559,0.009025,5.458000,put
3560,0.009026,0.627000,get
3561,0.009029,2.928000,put
3562,0.009030,0.577000,get
3563,0.009031,0.657000,get
3564,0.009032,0.732000,get
3565,0.009034,1.344000,get
3566,0.009039,4.672000,put
3567,0.009039,0.340000,get
3568,0.009040,0.274000,get
3569,0.009041,0.559000,get
3570,0.009042,0.543000,get
3571,0.009042,0.554000,get
3572,0.009044,1.353000,get
3573,0.009049,4.479000,put
3574,0.009050,0.426000,get
3575,0.009055,5.188000,put
3576,0.009058,2.688000,put
3577,0.009059,0.316000,get
3578,0.009060,0.564000,get
3579,0.009063,2.705000,put
3580,0.009064,1.355000,get
3581,0.009065,0.273000,get
3582,0.009067,2.245000,get
3583,0.009068,0.277000,get
3584,0.009069,0.648000,get
3585,0.009070,0.629000,get
3586,0.009071,0.509000,get
3587,0.009071,0.578000,get
3588,0.009072,0.528000,get
3589,0.009075,2.707000,put
3590,0.009076,0.538000,get
3591,0.009077,0.714000,get
3592,0.009083,4.976000,put
3593,0.009083,0.609000,get
3594,0.009085,1.510000,get
3595,0.009086,0.666000,get
3596,0.009087,0.282000,get
3597,0.009088,0.585000,get
3598,0.009089,0.591000,get
3599,0.009093,4.080000,put
3600,0.009094,0.568000,get
3601,0.009095,0.635000,get
3602,0.009095,0.430000,get
3603,0.009096,0.593000,get
3604,0.009097,0.562000,get
3605,0.009098,0.539000,get
3606,0.009102,3.237000,put
3607,0.009102,0.382000,get
3608,0.009103,0.868000,get
3609,0.009104,0.551000,get
3610,0.009107,2.654000,put
3611,0.009108,0.848000,get
3612,0.009109,0.761000,get
3613,0.009110,0.432000,get
3614,0.009111,0.295000,get
3615,0.009112,0.815000,get
3616,0.009118,5.437000,put
3617,0.009119,1.052000,get
3618,0.009124,4.126000,put
3619,0.009128,4.428000,get
3620,0.009131,1.769000,get
3621,0.009134,3.303000,put
3622,0.009135,0.471000,get
3623,0.009136,0.568000,get
3624,0.009137,0.608000,get
3625,0.009138,0.538000,get
3626,0.009138,0.433000,get
3627,0.009139,0.705000,get
3628,0.009140,0.718000,get
3629,0.009141,0.528000,get
3630,0.009142,0.430000,get
3631,0.009147,5.208000,put
3632,0.009148,0.338000,get
3633,0.009149,0.292000,get
3634,0.009150,0.958000,get
3635,0.009153,2.547000,get
3636,0.009157,4.259000,get
3637,0.009158,0.631000,get
3638,0.009159,0.538000,get
3639,0.009163,3.000000,put
3640,0.009163,0.662000,get
3641,0.009164,0.284000,get
3642,0.009168,3.282000,put
3643,0.009171,2.803000,put
3644,0.009176,5.068000,put
3645,0.009334,6.054000,put
3646,0.009335,0.624000,get
3647,0.009337,0.950000,get
3648,0.009340,2.682000,put
3649,0.009340,0.550000,get
3650,0.009341,0.272000,get
3651,0.009342,0.714000,get
3652,0.009343,0.442000,get
3653,0.009346,2.857000,put
3654,0.009347,0.614000,get
3655,0.009353,5.713000,put
3656,0.009354,0.613000,get
3657,0.009355,1.133000,get
3658,0.009356,0.436000,get
3659,0.009361,4.587000,get
3660,0.009364,2.889000,put
3661,0.009366,0.853000,get
3662,0.009367,0.763000,get
3663,0.009367,0.509000,get
3664,0.009368,0.540000,get
3665,0.009369,0.652000,get
3666,0.009372,2.572000,put
3667,0.009378,6.067000,get
3668,0.009380,1.638000,get
3669,0.009384,3.185000,put
3670,0.009385,1.033000,get
3671,0.009386,0.526000,get
3672,0.009387,0.288000,get
3673,0.009387,0.279000,get
3674,0.009388,0.445000,get
3675,0.009389,0.874000,get
3676,0.009390,0.492000,get
3677,0.009391,0.571000,get
3678,0.009394,2.391000,get
3679,0.009396,1.698000,get
3680,0.009397,0.933000,get
3681,0.009402,4.371000,get
3682,0.009402,0.291000,get
3683,0.009404,1.344000,get
3684,0.009408,3.319000,get
3685,0.009411,2.339000,get
3686,0.009412,1.118000,get
3687,0.009419,6.635000,put
3688,0.009423,3.342000,put
3689,0.009424,0.700000,get
3690,0.009424,0.292000,get
3691,0.009425,0.547000,get
3692,0.009428,2.423000,put
3693,0.009430,1.490000,get
3694,0.009433,2.732000,put
3695,0.009434,0.714000,get
3696,0.009439,4.915000,put
3697,0.009440,0.594000,get
3698,0.009445,4.392000,put
3699,0.009445,0.325000,get
3700,0.009447,0.849000,get
3701,0.009447,0.271000,get
3702,0.009448,0.274000,get
3703,0.009448,0.273000,get
3704,0.009449,0.608000,get
3705,0.009452,2.987000,put
3706,0.009453,0.301000,get
3707,0.009458,4.772000,get
3708,0.009462,3.140000,put
3709,0.009462,0.302000,get
3710,0.009468,4.868000,put
3711,0.009471,2.826000,put
3712,0.009474,2.462000,put
3713,0.009475,0.761000,get
3714,0.009480,4.686000,get
3715,0.009480,0.295000,get
3716,0.009481,0.576000,get
3717,0.009487,5.101000,put
3718,0.009487,0.595000,get
3719,0.009491,2.873000,put
3720,0.009494,2.616000,put
3721,0.009494,0.290000,get
3722,0.009495,0.261000,get
3723,0.009498,2.781000,put
3724,0.009498,0.279000,get
3725,0.009499,0.662000,get
3726,0.009505,5.456000,put
3727,0.009510,4.529000,put
3728,0.009511,0.569000,get
3729,0.009512,0.986000,get
3730,0.009513,0.326000,get
3731,0.009514,0.503000,get
3732,0.009514,0.280000,get
3733,0.009515,0.474000,get
3734,0.009516,0.781000,get
3735,0.009520,3.543000,put
3736,0.009521,0.613000,get
3737,0.009523,1.360000,get
3738,0.009523,0.579000,get
3739,0.009524,0.436000,get
3740,0.009525,0.487000,get
3741,0.009526,0.640000,get
3742,0.009529,3.291000,get
3743,0.009531,0.836000,get
3744,0.009541,2.911000,put
3745,0.009542,0.663000,get
3746,0.009543,0.330000,get
3747,0.009545,1.933000,get
3748,0.009547,1.505000,get
3749,0.009553,5.116000,put
3750,0.009553,0.319000,get
3751,0.009554,0.861000,get
3752,0.009555,0.780000,get
3753,0.009559,3.042000,put
3754,0.009560,0.792000,get
3755,0.009561,0.581000,get
3756,0.009562,0.548000,get
3757,0.009562,0.618000,get
3758,0.009568,4.743000,get
3759,0.009571,2.921000,put
3760,0.009572,0.562000,get
3761,0.009575,3.248000,put
3762,0.009581,5.337000,put
3763,0.009584,3.012000,put
3764,0.009588,2.962000,put
3765,0.009593,4.869000,get
3766,0.009593,0.298000,get
3767,0.009594,0.606000,get
3768,0.009596,0.918000,get
3769,0.009596,0.284000,get
3770,0.009599,2.867000,put
3771,0.009606,5.815000,put
3772,0.009609,2.493000,get
3773,0.009610,0.706000,get
3774,0.009614,4.384000,put
3775,0.009615,0.313000,get
3776,0.009615,0.273000,get
3777,0.009619,2.979000,put
3778,0.009622,3.012000,put
3779,0.009623,0.772000,get
3780,0.009624,0.652000,get
3781,0.009625,0.281000,get
3782,0.009625,0.582000,get
3783,0.009631,4.858000,put
3784,0.009634,2.989000,put
3785,0.009635,0.588000,get
3786,0.009636,0.646000,get
3787,0.009639,2.768000,put
3788,0.009639,0.303000,get
3789,0.009645,5.010000,get
3790,0.009645,0.296000,get
3791,0.009646,0.622000,get
3792,0.009649,2.760000,put
3793,0.009650,0.726000,get
3794,0.009651,0.741000,get
3795,0.009653,0.815000,get
3796,0.009658,5.283000,put
3797,0.009659,0.326000,get
3798,0.009671,11.552000,get
3799,0.009672,0.663000,get
3800,0.009672,0.287000,get
3801,0.009674,1.133000,get
3802,0.009675,0.797000,get
3803,0.009676,0.526000,get
3804,0.009677,0.434000,get
3805,0.009680,3.403000,put
3806,0.009681,0.751000,get
3807,0.009682,0.427000,get
3808,0.009684,1.715000,get
3809,0.009687,2.653000,put
3810,0.009688,0.650000,get
3811,0.009689,0.631000,get
3812,0.009690,0.900000,get
3813,0.009696,5.159000,put
3814,0.009696,0.337000,get
3815,0.009697,0.532000,get
3816,0.009701,3.513000,get
3817,0.009701,0.286000,get
3818,0.009704,2.202000,get
3819,0.009705,0.516000,get
3820,0.009706,0.845000,get
3821,0.009707,0.550000,get
3822,0.009708,0.557000,get
3823,0.009709,0.654000,get
3824,0.009712,3.043000,put
3825,0.009713,0.577000,get
3826,0.009716,2.693000,put
3827,0.009716,0.293000,get
3828,0.009720,2.648000,get
3829,0.009723,3.150000,put
3830,0.009727,3.913000,get
3831,0.009733,5.633000,put
3832,0.009734,0.568000,get
3833,0.009739,4.638000,get
3834,0.009743,3.041000,put
3835,0.009745,1.821000,get
3836,0.009746,0.704000,get
3837,0.009747,0.651000,get
3838,0.009747,0.276000,get
3839,0.009748,0.273000,get
3840,0.009751,3.070000,put
3841,0.009752,0.582000,get
3842,0.009753,0.281000,get
3843,0.009754,0.519000,get
3844,0.009757,2.970000,put
3845,0.009758,0.587000,get
3846,0.009759,0.538000,get
3847,0.009759,0.490000,get
3848,0.009763,3.283000,get
3849,0.009764,0.639000,get
3850,0.009765,0.590000,get
3851,0.009766,0.953000,get
3852,0.009768,1.827000,get
3853,0.009769,0.287000,get
3854,0.009770,0.777000,get
3855,0.009771,0.455000,get
3856,0.009771,0.446000,get
3857,0.009773,0.909000,get
3858,0.009774,1.264000,get
3859,0.009775,0.502000,get
3860,0.009781,5.846000,put
3861,0.009783,1.510000,get
3862,0.009786,2.179000,get
3863,0.009788,1.700000,get
3864,0.009791,2.195000,get
3865,0.009792,0.763000,get
3866,0.009792,0.314000,get
3867,0.009793,0.282000,get
3868,0.009797,3.875000,get
3869,0.009800,3.097000,put
3870,0.009801,0.669000,get
3871,0.009802,0.562000,get
3872,0.009803,0.426000,get
3873,0.009806,2.870000,put
3874,0.009807,0.616000,get
3875,0.009808,0.279000,get
3876,0.009808,0.281000,get
3877,0.009811,2.752000,put
3878,0.009812,0.563000,get
3879,0.009813,0.508000,get
3880,0.009814,0.863000,get
3881,0.009815,0.426000,get
3882,0.009815,0.500000,get
3883,0.009816,0.592000,get
3884,0.009818,0.938000,get
3885,0.009819,0.778000,get
3886,0.009820,0.542000,get
3887,0.009820,0.523000,get
3888,0.009822,1.073000,get
3889,0.009827,4.688000,put
3890,0.009828,0.911000,get
3891,0.009829,0.535000,get
3892,0.009830,0.581000,get
3893,0.009831,0.536000,get
3894,0.009831,0.424000,get
3895,0.009832,0.302000,get
3896,0.009846,14.133000,get
3897,0.009847,0.798000,get
3898,0.009851,3.419000,put
3899,0.009852,0.315000,get
3900,0.009854,1.812000,get
3901,0.009857,3.083000,get
3902,0.009859,0.689000,get
3903,0.009861,2.276000,get
3904,0.009865,3.479000,put
3905,0.009866,0.651000,get
3906,0.009869,2.888000,put
3907,0.009870,0.811000,get
3908,0.009872,1.171000,get
3909,0.009872,0.295000,get
3910,0.009875,1.784000,get
3911,0.009876,1.332000,get
3912,0.009877,0.508000,get
3913,0.009878,0.546000,get
3914,0.009883,5.312000,put
3915,0.009888,3.998000,get
3916,0.009890,2.121000,get
3917,0.009891,0.532000,get
3918,0.009893,1.117000,get
3919,0.009896,2.988000,put
3920,0.009896,0.303000,get
3921,0.009897,0.661000,get
3922,0.009900,2.618000,put
3923,0.009904,2.613000,get
3924,0.009905,1.113000,get
3925,0.009906,0.580000,get
3926,0.009907,0.571000,get
3927,0.009908,0.555000,get
3928,0.009910,2.568000,put
3929,0.009911,0.557000,get
3930,0.009912,0.636000,get
3931,0.009913,0.543000,get
3932,0.009914,0.529000,get
3933,0.009920,5.322000,put
3934,0.009923,2.948000,put
3935,0.009931,7.125000,get
3936,0.009934,3.023000,put
3937,0.009935,0.548000,get
3938,0.009941,5.517000,put
3939,0.009944,3.108000,put
3940,0.009945,0.564000,get
3941,0.009946,0.521000,get
3942,0.009948,2.409000,put
3943,0.009949,0.313000,get
3944,0.009950,0.520000,get
3945,0.009951,0.714000,get
3946,0.009954,2.420000,put
3947,0.009955,0.705000,get
3948,0.009961,6.362000,put
3949,0.009962,0.585000,get
3950,0.009963,0.774000,get
3951,0.009964,0.701000,get
3952,0.009966,1.023000,get
3953,0.009969,3.259000,put
3954,0.009970,0.742000,get
3955,0.009973,2.562000,put
3956,0.009976,2.735000,put
3957,0.009978,0.919000,get
3958,0.009978,0.551000,get
3959,0.009994,15.671000,put
3960,0.009999,4.054000,put
3961,0.010000,0.696000,get
3962,0.010001,0.313000,get
3963,0.010004,2.873000,put
3964,0.010005,1.253000,get
3965,0.010009,2.853000,put
3966,0.010015,6.344000,put
3967,0.010016,0.837000,get
3968,0.010017,0.324000,get
3969,0.010018,0.918000,get
3970,0.010022,3.727000,get
3971,0.010023,0.689000,get
3972,0.010024,0.604000,get
3973,0.010028,3.061000,put
3974,0.010029,0.661000,get
3975,0.010029,0.551000,get
3976,0.010033,3.099000,put
3977,0.010034,0.344000,get
3978,0.010037,2.643000,put
3979,0.010037,0.562000,get
3980,0.010042,3.991000,get
3981,0.010043,0.573000,get
3982,0.010049,5.873000,put
3983,0.010050,0.357000,get
3984,0.010050,0.300000,get
3985,0.010051,0.543000,get
3986,0.010051,0.294000,get
3987,0.010055,3.433000,put
3988,0.010056,0.658000,get
3989,0.010057,0.507000,get
3990,0.010058,0.876000,get
3991,0.010059,0.566000,get
3992,0.010062,2.462000,put
3993,0.010065,2.873000,put
3994,0.010071,5.454000,get
3995,0.010071,0.327000,get
3996,0.010072,0.270000,get
3997,0.010073,0.563000,get
3998,0.010074,0.725000,get
3999,0.010074,0.505000,get
4000,0.010075,0.447000,get
4001,0.010083,7.320000,get
4002,0.010085,1.950000,get
4003,0.010086,0.319000,get
4004,0.010087,0.640000,get
4005,0.010092,5.081000,put
4006,0.010093,0.630000,get
4007,0.010094,0.672000,get
4008,0.010095,0.656000,get
4009,0.010098,2.752000,put
4010,0.010099,0.678000,get
4011,0.010123,22.842000,put
4012,0.010124,0.726000,get
4013,0.010130,5.401000,put
4014,0.010133,2.487000,put
4015,0.010134,1.054000,get
4016,0.010135,0.685000,get
4017,0.010138,2.420000,put
4018,0.010139,0.492000,get
4019,0.010140,1.215000,get
4020,0.010141,0.291000,get
4021,0.010141,0.270000,get
4022,0.010142,0.277000,get
4023,0.010143,0.563000,get
4024,0.010147,4.077000,put
4025,0.010148,0.684000,get
4026,0.010149,0.451000,get
4027,0.010150,1.309000,get
4028,0.010151,0.645000,get
4029,0.010152,0.539000,get
4030,0.010154,1.145000,get
4031,0.010159,5.002000,put
4032,0.010160,0.593000,get
4033,0.010161,0.873000,get
4034,0.010166,5.026000,get
4035,0.010168,1.259000,get
4036,0.010169,0.929000,get
4037,0.010170,0.718000,get
4038,0.010171,0.359000,get
4039,0.010174,3.067000,put
4040,0.010175,0.783000,get
4041,0.010176,0.770000,get
4042,0.010177,0.324000,get
4043,0.010177,0.276000,get
4044,0.010178,0.616000,get
4045,0.010181,2.565000,put
4046,0.010184,2.307000,get
4047,0.010185,0.577000,get
4048,0.010185,0.273000,get
4049,0.010186,0.276000,get
4050,0.010189,2.992000,put
4051,0.010190,0.299000,get
4052,0.010190,0.539000,get
4053,0.010191,0.547000,get
4054,0.010192,0.734000,get
4055,0.010193,0.887000,get
4056,0.010202,0.670000,get
4057,0.010204,1.545000,get
4058,0.010205,0.991000,get
4059,0.010207,1.713000,get
4060,0.010208,0.460000,get
4061,0.010208,0.523000,get
4062,0.010214,5.564000,put
4063,0.010216,0.937000,get
4064,0.010219,3.393000,get
4065,0.010220,0.716000,get
4066,0.010221,0.281000,get
4067,0.010222,0.582000,get
4068,0.010223,1.236000,get
4069,0.010224,0.615000,get
4070,0.010227,2.803000,put
4071,0.010231,3.053000,put
4072,0.010232,0.737000,get
4073,0.010233,0.513000,get
4074,0.010234,1.395000,get
4075,0.010236,0.895000,get
4076,0.010238,2.123000,get
4077,0.010239,0.589000,get
4078,0.010240,0.671000,get
4079,0.010244,3.195000,put
4080,0.010249,4.907000,put
4081,0.010252,2.764000,put
4082,0.010252,0.306000,get
4083,0.010253,0.498000,get
4084,0.010254,0.293000,get
4085,0.010256,1.434000,get
4086,0.010260,3.995000,get
4087,0.010261,0.286000,get
4088,0.010264,3.227000,put
4089,0.010265,0.553000,get
4090,0.010266,0.276000,get
4091,0.010267,0.950000,get
4092,0.010267,0.274000,get
4093,0.010268,0.280000,get
4094,0.010269,0.603000,get
4095,0.010270,0.590000,get
4096,0.010271,0.523000,get
4097,0.010274,2.855000,put
4098,0.010275,0.631000,get
4099,0.010275,0.277000,get
4100,0.010280,4.859000,put
4101,0.010282,0.906000,get
4102,0.010283,0.855000,get
4103,0.010287,4.285000,get
4104,0.010289,0.811000,get
4105,0.010289,0.453000,get
4106,0.010291,1.314000,get
4107,0.010292,0.541000,get
4108,0.010293,0.552000,get
4109,0.010296,2.624000,get
4110,0.010296,0.497000,get
4111,0.010297,0.454000,get
4112,0.010306,8.274000,get
4113,0.010307,0.714000,get
4114,0.010308,0.945000,get
4115,0.010309,0.598000,get
4116,0.010310,0.287000,get
4117,0.010310,0.273000,get
4118,0.010314,3.364000,put
4119,0.010317,3.314000,get
4120,0.010319,1.217000,get
4121,0.010324,4.192000,get
4122,0.010325,0.795000,get
4123,0.010325,0.276000,get
4124,0.010326,0.847000,get
4125,0.010327,0.271000,get
4126,0.010328,0.584000,get
4127,0.010329,0.493000,get
4128,0.010331,2.227000,get
4129,0.010332,0.638000,get
4130,0.010333,0.985000,get
4131,0.010335,1.658000,get
4132,0.010336,0.291000,get
4133,0.010337,0.586000,get
4134,0.010338,0.576000,get
4135,0.010338,0.270000,get
4136,0.010339,0.478000,get
4137,0.010340,0.639000,get
4138,0.010341,0.546000,get
4139,0.010341,0.279000,get
4140,0.010344,2.552000,put
4141,0.010345,0.701000,get
4142,0.010346,0.752000,get
4143,0.010349,2.498000,get
4144,0.010350,0.600000,get
4145,0.010354,3.994000,get
4146,0.010355,0.646000,get
4147,0.010356,0.598000,get
4148,0.010359,2.971000,put
4149,0.010360,0.794000,get
4150,0.010361,0.286000,get
4151,0.010361,0.270000,get
4152,0.010362,0.548000,get
4153,0.010363,0.523000,get
4154,0.010364,0.513000,get
4155,0.010365,0.572000,get
4156,0.010366,0.775000,get
4157,0.010370,3.954000,get
4158,0.010371,0.988000,get
4159,0.010377,5.160000,put
4160,0.010378,0.770000,get
4161,0.010379,0.277000,get
4162,0.010379,0.269000,get
4163,0.010380,0.530000,get
4164,0.010381,0.548000,get
4165,0.010382,0.584000,get
4166,0.010385,3.108000,put
4167,0.010386,0.617000,get
4168,0.010389,2.915000,put
4169,0.010391,0.965000,get
4170,0.010391,0.503000,get
4171,0.010392,0.430000,get
4172,0.010394,2.066000,get
4173,0.010395,0.283000,get
4174,0.010397,1.941000,get
4175,0.010400,2.743000,put
4176,0.010405,4.197000,get
4177,0.010406,0.624000,get
4178,0.010413,6.894000,put
4179,0.010417,3.090000,put
4180,0.010420,2.793000,put
4181,0.010421,0.644000,get
4182,0.010427,5.574000,put
4183,0.010427,0.324000,get
4184,0.010430,2.765000,put
4185,0.010431,0.598000,get
4186,0.010432,0.295000,get
4187,0.010432,0.461000,get
4188,0.010435,2.493000,put
4189,0.010439,3.643000,get
4190,0.010442,2.684000,put
4191,0.010443,0.674000,get
4192,0.010444,0.555000,get
4193,0.010445,0.292000,get
4194,0.010448,3.392000,get
4195,0.010449,0.598000,get
4196,0.010450,0.338000,get
4197,0.010451,0.842000,get
4198,0.010452,0.566000,get
4199,0.010453,1.111000,get
4200,0.010454,0.429000,get
4201,0.010459,5.269000,put
4202,0.010460,0.310000,get
4203,0.010461,0.555000,get
4204,0.010464,2.710000,put
4205,0.010467,2.450000,get
4206,0.010468,0.541000,get
4207,0.010469,0.965000,get
4208,0.010470,0.471000,get
4209,0.010470,0.288000,get
4210,0.010471,0.278000,get
4211,0.010473,1.943000,get
4212,0.010476,2.804000,get
4213,0.010477,0.562000,get
4214,0.010478,0.990000,get
4215,0.010479,0.522000,get
4216,0.010482,2.868000,put
4217,0.010485,2.899000,put
4218,0.010486,0.321000,get
4219,0.010492,5.092000,put
4220,0.010495,2.986000,put
4221,0.010496,0.692000,get
4222,0.010496,0.293000,get
4223,0.010497,0.629000,get
4224,0.010498,0.617000,get
4225,0.010499,0.683000,get
4226,0.010500,0.761000,get
4227,0.010505,4.406000,put
4228,0.010509,3.768000,get
4229,0.010510,0.302000,get
4230,0.010513,2.825000,put
4231,0.010514,0.600000,get
4232,0.010515,0.579000,get
4233,0.010515,0.288000,get
4234,0.010516,0.596000,get
4235,0.010520,3.795000,get
4236,0.010521,0.675000,get
4237,0.010522,0.499000,get
4238,0.010523,0.518000,get
4239,0.010528,4.911000,put
4240,0.010531,2.251000,get
4241,0.010531,0.296000,get
4242,0.010533,0.919000,get
4243,0.010536,2.668000,get
4244,0.010536,0.305000,get
4245,0.010538,1.141000,get
4246,0.010538,0.279000,get
4247,0.010541,1.859000,get
4248,0.010541,0.419000,get
4249,0.010542,0.605000,get
4250,0.010544,0.930000,get
4251,0.010545,0.988000,get
4252,0.010545,0.290000,get
4253,0.010547,1.017000,get
4254,0.010547,0.289000,get
4255,0.010548,0.590000,get
4256,0.010550,1.425000,get
4257,0.010553,2.836000,put
4258,0.010554,0.306000,get
4259,0.010555,0.665000,get
4260,0.010560,4.622000,put
4261,0.010560,0.332000,get
4262,0.010562,1.100000,get
4263,0.010562,0.282000,get
4264,0.010563,0.258000,get
4265,0.010564,0.718000,get
4266,0.010565,0.465000,get
4267,0.010565,0.288000,get
4268,0.010566,0.944000,get
4269,0.010569,2.765000,put
4270,0.010570,0.295000,get
4271,0.010575,4.948000,get
4272,0.010576,0.264000,get
4273,0.010576,0.264000,get
4274,0.010580,2.700000,get
4275,0.010580,0.549000,get
4276,0.010582,1.444000,get
4277,0.010585,2.904000,get
4278,0.010590,4.077000,get
4279,0.010590,0.288000,get
4280,0.010596,5.132000,put
4281,0.010599,2.938000,get
4282,0.010600,0.591000,get
4283,0.010603,2.877000,put
4284,0.010606,2.448000,put
4285,0.010607,0.486000,get
4286,0.010607,0.275000,get
4287,0.010608,0.537000,get
4288,0.010609,0.273000,get
4289,0.010612,2.746000,put
4290,0.010613,0.798000,get
4291,0.010614,0.611000,get
4292,0.010615,0.442000,get
4293,0.010619,4.505000,put
4294,0.010620,0.610000,get
4295,0.010621,0.663000,get
4296,0.010625,2.834000,get
4297,0.010625,0.597000,get
4298,0.010629,3.091000,put
4299,0.010632,3.016000,put
4300,0.010639,5.896000,put
4301,0.010640,0.738000,get
4302,0.010643,2.835000,put
4303,0.010645,1.354000,get
4304,0.010649,4.110000,put
4305,0.010650,0.691000,get
4306,0.010653,2.714000,put
4307,0.010654,0.303000,get
4308,0.010655,0.652000,get
4309,0.010655,0.517000,get
4310,0.010656,0.281000,get
4311,0.010657,0.576000,get
4312,0.010664,7.021000,put
4313,0.010665,0.575000,get
4314,0.010666,1.035000,get
4315,0.010667,0.602000,get
4316,0.010671,2.967000,put
4317,0.010672,0.772000,get
4318,0.010676,3.458000,get
4319,0.010678,1.981000,get
4320,0.010678,0.289000,get
4321,0.010679,0.573000,get
4322,0.010680,0.597000,get
4323,0.010683,2.951000,put
4324,0.010687,2.813000,put
4325,0.010687,0.316000,get
4326,0.010692,4.549000,get
4327,0.010693,0.281000,get
4328,0.010693,0.473000,get
4329,0.010694,0.692000,get
4330,0.010695,0.279000,get
4331,0.010703,7.620000,get
4332,0.010704,0.292000,get
4333,0.010704,0.527000,get
4334,0.010711,6.049000,put
4335,0.010714,3.104000,put
4336,0.010717,2.927000,put
4337,0.010718,0.725000,get
4338,0.010719,0.612000,get
4339,0.010720,0.282000,get
4340,0.010723,2.766000,put
4341,0.010727,3.539000,get
4342,0.010727,0.290000,get
4343,0.010728,0.272000,get
4344,0.010729,0.664000,get
4345,0.010730,0.660000,get
4346,0.010735,4.830000,put
4347,0.010736,0.828000,get
4348,0.010739,2.799000,put
4349,0.010740,0.298000,get
4350,0.010743,2.486000,put
4351,0.010744,0.599000,get
4352,0.010745,0.768000,get
4353,0.010745,0.421000,get
4354,0.010748,1.715000,get
4355,0.010748,0.284000,get
4356,0.010752,3.976000,get
4357,0.010753,0.543000,get
4358,0.010757,3.100000,put
4359,0.010757,0.601000,get
4360,0.010758,0.627000,get
4361,0.010764,5.734000,put
4362,0.010765,0.611000,get
4363,0.010766,0.275000,get
4364,0.010766,0.276000,get
4365,0.010767,0.277000,get
4366,0.010768,0.275000,get
4367,0.010768,0.601000,get
4368,0.010780,3.774000,put
4369,0.010780,0.325000,get
4370,0.010781,0.499000,get
4371,0.010782,0.595000,get
4372,0.010785,2.788000,put
4373,0.010788,2.634000,put
4374,0.010793,4.777000,get
4375,0.010796,2.180000,get
4376,0.010796,0.305000,get
4377,0.010797,0.599000,get
4378,0.010798,0.588000,get
4379,0.010799,0.531000,get
4380,0.010800,0.541000,get
4381,0.010805,5.054000,put
4382,0.010806,0.664000,get
4383,0.010809,2.967000,put
4384,0.010810,0.349000,get
4385,0.010812,1.391000,get
4386,0.010813,0.631000,get
4387,0.010814,0.607000,get
4388,0.010815,1.328000,get
4389,0.010816,0.906000,get
4390,0.010823,6.489000,get
4391,0.010827,3.363000,put
4392,0.010833,5.393000,put
4393,0.010833,0.338000,get
4394,0.010837,2.827000,put
4395,0.010837,0.591000,get
4396,0.010838,0.303000,get
4397,0.010839,0.288000,get
4398,0.010839,0.275000,get
4399,0.010840,0.444000,get
4400,0.010841,0.646000,get
4401,0.010841,0.275000,get
4402,0.010842,0.754000,get
4403,0.010843,0.278000,get
4404,0.010846,2.913000,put
4405,0.010849,2.773000,put
4406,0.010854,4.974000,put
4407,0.010855,0.638000,get
4408,0.010859,2.811000,put
4409,0.010863,3.880000,get
4410,0.010864,0.567000,get
4411,0.010865,0.988000,get
4412,0.010866,0.949000,get
4413,0.010871,4.668000,put
4414,0.010872,0.595000,get
4415,0.010874,1.409000,get
4416,0.010877,3.010000,put
4417,0.010878,0.803000,get
4418,0.010880,1.036000,get
4419,0.010881,0.523000,get
4420,0.010887,6.232000,put
4421,0.010888,0.648000,get
4422,0.010890,1.880000,get
4423,0.010892,1.043000,get
4424,0.010895,2.552000,put
4425,0.010896,1.415000,get
4426,0.010897,0.310000,get
4427,0.010898,0.565000,get
4428,0.010899,0.527000,get
4429,0.010899,0.594000,get
4430,0.010905,4.822000,get
4431,0.010908,3.079000,put
4432,0.010909,0.335000,get
4433,0.010909,0.578000,get
4434,0.010911,0.856000,get
4435,0.010911,0.304000,get
4436,0.010912,0.271000,get
4437,0.010912,0.274000,get
4438,0.010913,0.267000,get
4439,0.010914,1.085000,get
4440,0.010918,3.666000,put
4441,0.010924,5.711000,put
4442,0.010927,2.739000,put
4443,0.010931,2.784000,put
4444,0.010931,0.581000,get
4445,0.010932,0.628000,get
4446,0.010935,2.473000,put
4447,0.010936,0.318000,get
4448,0.010937,0.866000,get
4449,0.010938,0.579000,get
4450,0.010943,4.703000,put
4451,0.010944,0.781000,get
4452,0.010955,10.949000,get
4453,0.010956,0.651000,get
4454,0.010957,0.883000,get
4455,0.010958,0.527000,get
4456,0.010959,0.620000,get
4457,0.010962,2.092000,get
4458,0.010962,0.323000,get
4459,0.010963,0.727000,get
4460,0.010967,2.984000,put
4461,0.010967,0.568000,get
4462,0.010968,0.551000,get
4463,0.010969,0.582000,get
4464,0.010974,4.714000,put
4465,0.010975,0.902000,get
4466,0.010979,3.073000,put
4467,0.010986,6.285000,put
4468,0.010987,0.772000,get
4469,0.010988,0.647000,get
4470,0.010989,0.656000,get
4471,0.010990,0.700000,get
4472,0.010991,0.606000,get
4473,0.010991,0.416000,get
4474,0.010992,0.582000,get
4475,0.010997,4.157000,get
4476,0.010998,0.454000,get
4477,0.011000,2.024000,get
4478,0.011002,1.660000,get
4479,0.011004,1.387000,get
4480,0.011005,0.642000,get
4481,0.011009,3.581000,put
4482,0.011011,1.925000,get
4483,0.011012,0.323000,get
4484,0.011013,0.481000,get
4485,0.011013,0.554000,get
4486,0.011014,0.300000,get
4487,0.011015,0.516000,get
4488,0.011018,2.912000,put
4489,0.011019,0.625000,get
4490,0.011021,1.337000,get
4491,0.011021,0.304000,get
4492,0.011027,5.342000,put
4493,0.011028,0.532000,get
4494,0.011028,0.303000,get
4495,0.011030,0.847000,get
4496,0.011033,2.850000,put
4497,0.011034,0.796000,get
4498,0.011034,0.282000,get
4499,0.011037,2.507000,put
4500,0.011040,2.807000,put
4501,0.011046,5.405000,put
4502,0.011047,0.751000,get
4503,0.011052,4.570000,put
4504,0.011054,1.259000,get
4505,0.011055,0.607000,get
4506,0.011056,0.754000,get
4507,0.011059,2.634000,put
4508,0.011060,0.771000,get
4509,0.011061,0.734000,get
4510,0.011062,0.607000,get
4511,0.011063,0.721000,get
4512,0.011068,4.400000,get
4513,0.011069,0.604000,get
4514,0.011070,0.854000,get
4515,0.011071,0.581000,get
4516,0.011072,0.539000,get
4517,0.011075,3.028000,put
4518,0.011076,0.782000,get
4519,0.011077,0.648000,get
4520,0.011078,0.446000,get
4521,0.011079,0.487000,get
4522,0.011082,2.825000,get
4523,0.011083,0.912000,get
4524,0.011085,1.692000,get
4525,0.011086,0.518000,get
4526,0.011100,14.254000,put
4527,0.011101,0.605000,get
4528,0.011102,0.358000,get
4529,0.011105,2.877000,put
4530,0.011106,0.299000,get
4531,0.011106,0.277000,get
4532,0.011109,2.619000,put
4533,0.011110,0.709000,get
4534,0.011117,5.918000,get
4535,0.011120,3.009000,put
4536,0.011121,0.625000,get
4537,0.011122,0.286000,get
4538,0.011122,0.575000,get
4539,0.011123,0.280000,get
4540,0.011124,0.598000,get
4541,0.011129,5.003000,put
4542,0.011130,0.639000,get
4543,0.011131,0.431000,get
4544,0.011132,0.634000,get
4545,0.011134,2.124000,get
4546,0.011135,0.290000,get
4547,0.011136,0.731000,get
4548,0.011137,0.518000,get
4549,0.011137,0.268000,get
4550,0.011138,0.586000,get
4551,0.011139,0.495000,get
4552,0.011140,0.692000,get
4553,0.011141,0.751000,get
4554,0.011143,1.718000,get
4555,0.011144,0.536000,get
4556,0.011145,0.577000,get
4557,0.011145,0.572000,get
4558,0.011146,0.610000,get
4559,0.011150,2.783000,put
4560,0.011151,0.640000,get
4561,0.011155,3.960000,get
4562,0.011156,0.690000,get
4563,0.011157,0.745000,get
4564,0.011157,0.282000,get
4565,0.011158,0.417000,get
4566,0.011159,0.577000,get
4567,0.011160,1.180000,get
4568,0.011162,1.315000,get
4569,0.011163,0.767000,get
4570,0.011168,4.287000,get
4571,0.011168,0.291000,get
4572,0.011169,0.277000,get
4573,0.011172,2.600000,put
4574,0.011173,0.642000,get
4575,0.011174,0.650000,get
4576,0.011174,0.584000,get
4577,0.011177,2.045000,get
4578,0.011180,3.039000,put
4579,0.011181,0.602000,get
4580,0.011182,0.272000,get
4581,0.011183,0.658000,get
4582,0.011183,0.529000,get
4583,0.011184,0.654000,get
4584,0.011185,0.584000,get
4585,0.011186,0.481000,get
4586,0.011187,0.661000,get
4587,0.011187,0.276000,get
4588,0.011188,0.275000,get
4589,0.011188,0.273000,get
4590,0.011189,0.275000,get
4591,0.011190,0.274000,get
4592,0.011190,0.583000,get
4593,0.011194,3.316000,get
4594,0.011195,0.265000,get
4595,0.011200,4.776000,put
4596,0.011201,0.625000,get
4597,0.011201,0.274000,get
4598,0.011204,2.541000,put
4599,0.011205,0.272000,get
4600,0.011205,0.256000,get
4601,0.011206,0.687000,get
4602,0.011209,2.537000,put
4603,0.011212,2.868000,put
4604,0.011213,0.576000,get
4605,0.011221,7.387000,put
4606,0.011224,2.784000,put
4607,0.011226,1.801000,get
4608,0.011229,2.182000,get
4609,0.011236,6.936000,get
4610,0.011239,3.115000,put
4611,0.011240,0.708000,get
4612,0.011241,0.432000,get
4613,0.011242,0.350000,get
4614,0.011243,0.811000,get
4615,0.011246,3.057000,get
4616,0.011247,0.535000,get
4617,0.011250,2.957000,put
4618,0.011251,0.306000,get
4619,0.011252,0.458000,get
4620,0.011252,0.582000,get
4621,0.011257,4.706000,put
4622,0.011258,0.564000,get
4623,0.011260,1.309000,get
4624,0.011261,0.288000,get
4625,0.011261,0.282000,get
4626,0.011264,2.591000,put
4627,0.011265,0.485000,get
4628,0.011266,0.524000,get
4629,0.011269,2.799000,put
4630,0.011270,0.588000,get
4631,0.011270,0.556000,get
4632,0.011275,4.850000,put
4633,0.011276,0.578000,get
4634,0.011277,0.580000,get
4635,0.011278,0.541000,get
4636,0.011279,0.519000,get
4637,0.011280,0.544000,get
4638,0.011284,3.734000,put
4639,0.011285,0.638000,get
4640,0.011285,0.343000,get
4641,0.011286,0.860000,get
4642,0.011288,1.043000,get
4643,0.011288,0.351000,get
4644,0.011291,2.532000,put
4645,0.011292,0.626000,get
4646,0.011294,1.178000,get
4647,0.011297,2.789000,put
4648,0.011298,1.118000,get
4649,0.011305,6.814000,put
4650,0.011306,0.646000,get
4651,0.011307,0.449000,get
4652,0.011308,0.400000,get
4653,0.011311,3.165000,put
4654,0.011316,4.816000,get
4655,0.011317,0.607000,get
4656,0.011318,0.554000,get
4657,0.011320,1.090000,get
4658,0.011322,2.146000,get
4659,0.011323,0.580000,get
4660,0.011325,1.198000,get
4661,0.011326,0.732000,get
4662,0.011329,3.216000,put
4663,0.011330,0.306000,get
4664,0.011330,0.283000,get
4665,0.011334,2.883000,put
4666,0.011335,0.932000,get
4667,0.011340,4.624000,put
4668,0.011340,0.312000,get
4669,0.011344,2.855000,put
4670,0.011344,0.300000,get
4671,0.011345,0.734000,get
4672,0.011346,0.596000,get
4673,0.011347,0.428000,get
4674,0.011347,0.282000,get
4675,0.011358,10.375000,get
4676,0.011359,0.298000,get
4677,0.011360,0.717000,get
4678,0.011362,1.903000,get
4679,0.011366,3.350000,put
4680,0.011374,0.700000,get
4681,0.011377,3.072000,put
4682,0.011378,0.305000,get
4683,0.011379,0.652000,get
4684,0.011380,0.525000,get
4685,0.011385,4.631000,put
4686,0.011385,0.479000,get
4687,0.011386,0.271000,get
4688,0.011387,0.565000,get
4689,0.011389,1.522000,get
4690,0.011393,4.404000,get
4691,0.011394,0.538000,get
4692,0.011395,0.468000,get
4693,0.011396,0.526000,get
4694,0.011397,0.528000,get
4695,0.011397,0.281000,get
4696,0.011401,3.165000,put
4697,0.011404,2.907000,put
4698,0.011405,0.660000,get
4699,0.011405,0.289000,get
4700,0.011409,3.058000,put
4701,0.011410,0.893000,get
4702,0.011417,6.561000,put
4703,0.011418,0.487000,get
4704,0.011418,0.520000,get
4705,0.011420,1.435000,get
4706,0.011421,0.285000,get
4707,0.011421,0.274000,get
4708,0.011422,0.623000,get
4709,0.011423,0.708000,get
4710,0.011425,0.880000,get
4711,0.011428,2.837000,put
4712,0.011431,2.725000,put
4713,0.011432,0.700000,get
4714,0.011433,0.635000,get
4715,0.011434,0.628000,get
4716,0.011434,0.495000,get
4717,0.011437,2.332000,put
4718,0.011438,0.587000,get
4719,0.011439,0.550000,get
4720,0.011440,1.095000,get
4721,0.011441,0.500000,get
4722,0.011446,4.999000,put
4723,0.011447,0.735000,get
4724,0.011448,0.882000,get
4725,0.011449,0.287000,get
4726,0.011452,3.224000,put
4727,0.011454,1.360000,get
4728,0.011455,0.815000,get
4729,0.011460,4.120000,get
4730,0.011461,0.797000,get
4731,0.011461,0.289000,get
4732,0.011462,0.759000,get
4733,0.011466,2.891000,put
4734,0.011473,6.874000,put
4735,0.011476,2.950000,put
4736,0.011477,0.586000,get
4737,0.011478,0.809000,get
4738,0.011480,1.190000,get
4739,0.011480,0.285000,get
4740,0.011481,0.702000,get
4741,0.011483,1.207000,get
4742,0.011484,1.094000,get
4743,0.011485,0.279000,get
4744,0.011486,0.615000,get
4745,0.011491,4.814000,get
4746,0.011492,0.555000,get
4747,0.011495,2.356000,get
4748,0.011496,0.633000,get
4749,0.011497,0.744000,get
4750,0.011500,3.250000,put
4751,0.011501,0.737000,get
4752,0.011505,2.979000,put
4753,0.011505,0.528000,get
4754,0.011506,0.634000,get
4755,0.011510,3.802000,get
4756,0.011516,4.929000,put
4757,0.011517,0.515000,get
4758,0.011517,0.604000,get
4759,0.011518,0.423000,get
4760,0.011521,2.519000,put
4761,0.011522,0.693000,get
4762,0.011525,2.621000,put
4763,0.011525,0.301000,get
4764,0.011526,0.589000,get
4765,0.011528,1.792000,get
4766,0.011529,0.690000,get
4767,0.011530,0.591000,get
4768,0.011533,2.823000,put
4769,0.011534,0.320000,get
4770,0.011535,0.600000,get
4771,0.011536,0.599000,get
4772,0.011537,0.535000,get
4773,0.011542,4.887000,put
4774,0.011545,2.541000,put
4775,0.011546,0.643000,get
4776,0.011549,2.856000,put
4777,0.011554,4.346000,put
4778,0.011554,0.625000,get
4779,0.011560,5.357000,put
4780,0.011563,2.796000,put
4781,0.011564,0.686000,get
4782,0.011565,0.733000,get
4783,0.011566,0.428000,get
4784,0.011569,2.418000,put
4785,0.011574,4.497000,put
4786,0.011575,0.625000,get
4787,0.011580,5.440000,put
4788,0.011581,0.355000,get
4789,0.011582,0.698000,get
4790,0.011584,1.289000,get
4791,0.011584,0.290000,get
4792,0.011588,3.676000,get
4793,0.011589,0.310000,get
4794,0.011590,0.631000,get
4795,0.011591,0.647000,get
4796,0.011591,0.549000,get
4797,0.011592,0.595000,get
4798,0.011596,3.305000,get
4799,0.011597,0.317000,get
4800,0.011597,0.583000,get
4801,0.011598,0.548000,get
4802,0.011599,0.524000,get
4803,0.011600,0.774000,get
4804,0.011602,1.122000,get
4805,0.011602,0.619000,get
4806,0.011605,1.950000,get
4807,0.011605,0.579000,get
4808,0.011606,0.535000,get
4809,0.011607,0.644000,get
4810,0.011608,0.602000,get
4811,0.011609,0.925000,get
4812,0.011610,0.519000,get
4813,0.011614,2.955000,put
4814,0.011614,0.608000,get
4815,0.011615,0.559000,get
4816,0.011616,0.449000,get
4817,0.011617,0.601000,get
4818,0.011620,2.729000,put
4819,0.011621,0.602000,get
4820,0.011624,2.304000,get
4821,0.011627,2.919000,put
4822,0.011628,0.448000,get
4823,0.011629,0.691000,get
4824,0.011629,0.307000,get
4825,0.011630,0.287000,get
4826,0.011631,0.587000,get
4827,0.011637,5.980000,put
4828,0.011640,2.504000,put
4829,0.011640,0.312000,get
4830,0.011641,0.287000,get
4831,0.011644,2.767000,put
4832,0.011645,0.594000,get
4833,0.011646,0.969000,get
4834,0.011647,0.510000,get
4835,0.011648,0.629000,get
4836,0.011650,1.665000,get
4837,0.011652,1.377000,get
4838,0.011652,0.607000,get
4839,0.011653,0.759000,get
4840,0.011656,2.560000,get
4841,0.011657,0.676000,get
4842,0.011658,0.577000,get
4843,0.011659,0.586000,get
4844,0.011666,6.444000,put
4845,0.011669,2.644000,put
4846,0.011674,4.858000,get
4847,0.011675,0.793000,get
4848,0.011676,0.524000,get
4849,0.011677,0.404000,get
4850,0.011680,2.528000,put
4851,0.011680,0.600000,get
4852,0.011681,0.604000,get
4853,0.011684,2.623000,put
4854,0.011685,0.659000,get
4855,0.011686,0.492000,get
4856,0.011687,0.293000,get
4857,0.011687,0.447000,get
4858,0.011692,4.515000,put
4859,0.011698,5.682000,get
4860,0.011699,0.336000,get
4861,0.011699,0.290000,get
4862,0.011702,1.863000,get
4863,0.011702,0.295000,get
4864,0.011703,0.632000,get
4865,0.011704,0.857000,get
4866,0.011705,0.629000,get
4867,0.011706,0.813000,get
4868,0.011709,2.572000,get
4869,0.011713,3.392000,put
4870,0.011716,2.980000,get
4871,0.011717,0.714000,get
4872,0.011720,2.221000,get
4873,0.011721,0.808000,get
4874,0.011722,0.330000,get
4875,0.011722,0.285000,get
4876,0.011723,0.284000,get
4877,0.011724,0.612000,get
4878,0.011724,0.287000,get
4879,0.011726,2.023000,get
4880,0.011727,0.554000,get
4881,0.011731,2.954000,put
4882,0.011734,2.931000,put
4883,0.011734,0.295000,get
4884,0.011735,0.625000,get
4885,0.011737,1.273000,get
4886,0.011737,0.294000,get
4887,0.011738,0.588000,get
4888,0.011740,0.842000,get
4889,0.011740,0.525000,get
4890,0.011741,0.292000,get
4891,0.011747,5.942000,put
4892,0.011748,0.769000,get
4893,0.011749,0.453000,get
4894,0.011750,0.294000,get
4895,0.011753,2.560000,get
4896,0.011756,2.812000,put
4897,0.011760,3.838000,get
4898,0.011761,0.578000,get
4899,0.011762,0.964000,get
4900,0.011765,2.897000,put
4901,0.011768,2.156000,get
4902,0.011769,0.561000,get
4903,0.011770,0.689000,get
4904,0.011773,3.045000,put
4905,0.011779,5.125000,put
4906,0.011782,2.862000,put
4907,0.011782,0.306000,get
4908,0.011784,0.831000,get
4909,0.011787,2.847000,put
4910,0.011787,0.308000,get
4911,0.011788,0.461000,get
4912,0.011792,3.869000,get
4913,0.011793,0.501000,get
4914,0.011794,0.544000,get
4915,0.011794,0.295000,get
4916,0.011795,0.452000,get
4917,0.011798,2.675000,put
4918,0.011799,0.290000,get
4919,0.011804,4.780000,put
4920,0.011804,0.481000,get
4921,0.011805,0.714000,get
4922,0.011806,0.461000,get
4923,0.011807,0.628000,get
4924,0.011810,2.759000,get
4925,0.011811,0.328000,get
4926,0.011814,3.029000,put
4927,0.011818,3.696000,get
4928,0.011819,0.483000,get
4929,0.011820,0.771000,get
4930,0.011821,0.609000,get
4931,0.011824,2.748000,put
4932,0.011826,1.273000,get
4933,0.011827,1.313000,get
4934,0.011828,0.456000,get
4935,0.011838,9.346000,get
4936,0.011839,0.301000,get
4937,0.011841,2.409000,get
4938,0.011842,0.278000,get
4939,0.011845,2.842000,put
4940,0.011853,7.114000,put
4941,0.011856,3.227000,put
4942,0.011857,0.512000,get
4943,0.011858,0.759000,get
4944,0.011861,2.760000,put
4945,0.011862,0.653000,get
4946,0.011863,0.587000,get
4947,0.011864,1.040000,get
4948,0.011870,5.150000,get
4949,0.011871,0.569000,get
4950,0.011871,0.293000,get
4951,0.011875,3.421000,get
4952,0.011878,2.701000,put
4953,0.011884,5.171000,put
4954,0.011885,0.602000,get
4955,0.011886,0.608000,get
4956,0.011886,0.429000,get
4957,0.011887,0.658000,get
4958,0.011888,0.734000,get
4959,0.011889,0.466000,get
4960,0.011890,0.288000,get
4961,0.011890,0.637000,get
4962,0.011894,3.398000,get
4963,0.011895,0.862000,get
4964,0.011896,0.448000,get
4965,0.011897,0.293000,get
4966,0.011898,0.713000,get
4967,0.011898,0.505000,get
4968,0.011900,0.788000,get
4969,0.011902,2.109000,get
4970,0.011905,2.959000,put
4971,0.011906,0.563000,get
4972,0.011908,1.372000,get
4973,0.011909,0.730000,get
4974,0.011910,0.557000,get
4975,0.011911,0.420000,get
4976,0.011912,0.643000,get
4977,0.011914,2.481000,put
4978,0.011915,0.841000,get
4979,0.011920,4.387000,get
4980,0.011922,1.012000,get
4981,0.011927,4.995000,put
4982,0.011928,0.573000,get
4983,0.011931,3.099000,put
4984,0.011932,0.723000,get
4985,0.011936,2.974000,put
4986,0.011937,0.658000,get
4987,0.011937,0.311000,get
4988,0.011938,0.607000,get
4989,0.011941,2.912000,put
4990,0.011943,0.853000,get
4991,0.011949,6.063000,put
4992,0.011960,3.113000,put
4993,0.011965,4.321000,put
4994,0.011966,1.178000,get
4995,0.011967,0.627000,get
4996,0.011968,0.656000,get
4997,0.011969,0.681000,get
4998,0.011970,0.580000,get
4999,0.011971,0.592000,get
5000,0.011972,0.533000,get
5001,0.011974,1.439000,get
5002,0.011974,0.309000,get
5003,0.011976,1.365000,get
5004,0.011977,0.943000,get
5005,0.011978,0.440000,get
5006,0.011979,0.880000,get
5007,0.011980,0.289000,get
5008,0.011981,0.612000,get
5009,0.011983,2.624000,put
5010,0.011984,0.573000,get
5011,0.011985,0.496000,get
5012,0.011986,0.814000,get
5013,0.011987,0.277000,get
5014,0.011988,0.705000,get
5015,0.011994,5.787000,get
5016,0.011995,0.580000,get
5017,0.011997,1.483000,get
5018,0.012000,3.219000,get
5019,0.012001,0.651000,get
5020,0.012007,5.610000,put
5021,0.012008,0.363000,get
5022,0.012009,0.615000,get
5023,0.012010,0.677000,get
5024,0.012011,0.619000,get
5025,0.012011,0.294000,get
5026,0.012012,0.270000,get
5027,0.012012,0.272000,get
5028,0.012013,0.275000,get
5029,0.012014,0.741000,get
5030,0.012015,0.584000,get
5031,0.012018,2.625000,get
5032,0.012021,2.664000,put
5033,0.012021,0.298000,get
5034,0.012024,2.723000,put
5035,0.012027,2.420000,put
5036,0.012028,0.291000,get
5037,0.012034,5.747000,put
5038,0.012035,0.719000,get
5039,0.012036,0.624000,get
5040,0.012036,0.266000,get
5041,0.012037,0.574000,get
5042,0.012038,0.660000,get
5043,0.012039,0.304000,get
5044,0.012048,8.705000,get
5045,0.012051,3.246000,put
5046,0.012053,0.837000,get
5047,0.012054,0.880000,get
5048,0.012057,3.033000,put
5049,0.012058,0.566000,get
5050,0.012061,2.944000,put
5051,0.012062,0.784000,get
5052,0.012063,0.669000,get
5053,0.012064,0.651000,get
5054,0.012070,5.006000,put
5055,0.012073,2.724000,put
5056,0.012073,0.548000,get
5057,0.012075,0.904000,get
5058,0.012075,0.494000,get
5059,0.012080,4.456000,put
5060,0.012081,0.624000,get
5061,0.012082,0.648000,get
5062,0.012083,0.525000,get
5063,0.012084,0.675000,get
5064,0.012085,0.448000,get
5065,0.012088,3.145000,put
5066,0.012089,0.599000,get
5067,0.012094,4.485000,get
5068,0.012095,0.424000,get
5069,0.012096,0.646000,get
5070,0.012096,0.503000,get
5071,0.012102,5.114000,put
5072,0.012103,0.653000,get
5073,0.012104,0.620000,get
5074,0.012105,0.880000,get
5075,0.012106,0.582000,get
5076,0.012107,0.697000,get
5077,0.012108,0.655000,get
5078,0.012111,3.211000,put
5079,0.012112,0.316000,get
5080,0.012113,0.463000,get
5081,0.012116,2.800000,put
5082,0.012117,0.702000,get
5083,0.012118,0.532000,get
5084,0.012123,4.941000,put
5085,0.012124,0.680000,get
5086,0.012125,0.536000,get
5087,0.012126,1.217000,get
5088,0.012129,2.455000,put
5089,0.012133,4.106000,put
5090,0.012137,3.084000,put
5091,0.012139,1.250000,get
5092,0.012140,1.205000,get
5093,0.012141,0.814000,get
5094,0.012142,0.638000,get
5095,0.012143,0.509000,get
5096,0.012143,0.283000,get
5097,0.012149,5.220000,put
5098,0.012150,0.326000,get
5099,0.012153,3.005000,put
5100,0.012168,14.643000,put
5101,0.012169,0.534000,get
5102,0.012169,0.274000,get
5103,0.012170,0.444000,get
5104,0.012171,0.662000,get
5105,0.012172,0.473000,get
5106,0.012172,0.277000,get
5107,0.012173,0.518000,get
5108,0.012174,0.283000,get
5109,0.012174,0.484000,get
5110,0.012185,9.780000,get
5111,0.012188,3.201000,put
5112,0.012189,0.301000,get
5113,0.012191,1.979000,get
5114,0.012192,0.279000,get
5115,0.012192,0.279000,get
5116,0.012194,1.929000,get
5117,0.012200,5.007000,put
5118,0.012200,0.297000,get
5119,0.012203,2.728000,put
5120,0.012204,0.604000,get
5121,0.012208,2.813000,put
5122,0.012211,2.752000,put
5123,0.012216,4.904000,put
5124,0.012220,3.482000,get
5125,0.012223,2.834000,put
5126,0.012223,0.299000,get
5127,0.012227,3.468000,get
5128,0.012228,0.652000,get
5129,0.012229,0.441000,get
5130,0.012230,0.670000,get
5131,0.012230,0.282000,get
5132,0.012232,1.293000,get
5133,0.012233,0.823000,get
5134,0.012234,0.802000,get
5135,0.012235,0.505000,get
5136,0.012236,0.611000,get
5137,0.012237,0.640000,get
5138,0.012240,2.949000,put
5139,0.012241,0.674000,get
5140,0.012242,0.496000,get
5141,0.012243,0.541000,get
5142,0.012246,2.915000,put
5143,0.012247,0.620000,get
5144,0.012247,0.284000,get
5145,0.012249,0.779000,get
5146,0.012250,0.711000,get
5147,0.012251,0.642000,get
5148,0.012251,0.522000,get
5149,0.012257,4.955000,put
5150,0.012259,2.492000,put
5151,0.012264,4.116000,put
5152,0.012265,0.657000,get
5153,0.012268,2.797000,put
5154,0.012269,0.794000,get
5155,0.012277,6.909000,put
5156,0.012279,1.514000,get
5157,0.012279,0.631000,get
5158,0.012284,4.430000,put
5159,0.012285,0.486000,get
5160,0.012286,0.533000,get
5161,0.012286,0.306000,get
5162,0.012290,3.080000,put
5163,0.012295,4.915000,put
5164,0.012300,4.343000,put
5165,0.012303,2.830000,put
5166,0.012304,0.722000,get
5167,0.012307,2.850000,put
5168,0.012308,0.881000,get
5169,0.012309,0.527000,get
5170,0.012311,1.843000,get
5171,0.012312,0.323000,get
5172,0.012313,0.828000,get
5173,0.012318,5.167000,put
5174,0.012319,0.337000,get
5175,0.012320,0.577000,get
5176,0.012325,4.399000,put
5177,0.012328,2.730000,put
5178,0.012331,2.744000,put
5179,0.012332,0.627000,get
5180,0.012337,4.841000,put
5181,0.012337,0.319000,get
5182,0.012338,0.273000,get
5183,0.012339,0.801000,get
5184,0.012340,0.686000,get
5185,0.012345,4.309000,put
5186,0.012345,0.310000,get
5187,0.012346,0.553000,get
5188,0.012347,0.270000,get
5189,0.012347,0.433000,get
5190,0.012348,0.508000,get
5191,0.012350,1.688000,get
5192,0.012351,0.547000,get
5193,0.012356,4.570000,get
5194,0.012360,3.434000,get
5195,0.012362,1.995000,get
5196,0.012363,0.287000,get
5197,0.012367,3.358000,put
5198,0.012367,0.304000,get
5199,0.012370,2.704000,get
5200,0.012374,3.139000,get
5201,0.012374,0.283000,get
5202,0.012378,2.927000,put
5203,0.012379,0.810000,get
5204,0.012382,2.438000,get
5205,0.012383,0.649000,get
5206,0.012383,0.276000,get
5207,0.012385,2.019000,get
5208,0.012386,0.597000,get
5209,0.012387,0.727000,get
5210,0.012388,0.584000,get
5211,0.012392,3.048000,get
5212,0.012393,0.480000,get
5213,0.012398,5.067000,put
5214,0.012401,2.863000,put
5215,0.012403,1.101000,get
5216,0.012403,0.291000,get
5217,0.012405,0.959000,get
5218,0.012406,0.680000,get
5219,0.012406,0.279000,get
5220,0.012410,3.549000,put
5221,0.012411,0.771000,get
5222,0.012414,2.651000,put
5223,0.012415,0.652000,get
5224,0.012416,0.682000,get
5225,0.012418,1.511000,get
5226,0.012419,0.575000,get
5227,0.012424,4.395000,get
5228,0.012424,0.321000,get
5229,0.012425,0.298000,get
5230,0.012426,0.802000,get
5231,0.012427,0.616000,get
5232,0.012427,0.275000,get
5233,0.012428,0.690000,get
5234,0.012433,4.113000,get
5235,0.012434,0.648000,get
5236,0.012442,8.018000,get
5237,0.012449,6.503000,get
5238,0.012450,0.527000,get
5239,0.012451,0.800000,get
5240,0.012452,0.625000,get
5241,0.012458,5.331000,put
5242,0.012461,3.110000,put
5243,0.012462,0.336000,get
5244,0.012463,0.272000,get
5245,0.012463,0.270000,get
5246,0.012464,0.676000,get
5247,0.012465,0.281000,get
5248,0.012465,0.515000,get
5249,0.012468,2.648000,put
5250,0.012470,0.899000,get
5251,0.012470,0.279000,get
5252,0.012471,0.615000,get
5253,0.012474,2.606000,put
5254,0.012478,3.888000,get
5255,0.012479,0.618000,get
5256,0.012480,0.482000,get
5257,0.012481,0.907000,get
5258,0.012483,1.338000,get
5259,0.012489,5.432000,put
5260,0.012492,2.688000,put
5261,0.012492,0.314000,get
5262,0.012493,0.904000,get
5263,0.012494,0.648000,get
5264,0.012495,0.608000,get
5265,0.012498,2.818000,put
5266,0.012499,0.598000,get
5267,0.012500,0.488000,get
5268,0.012501,0.295000,get
5269,0.012505,3.702000,put
5270,0.012505,0.316000,get
5271,0.012506,0.778000,get
5272,0.012507,0.618000,get
5273,0.012508,0.288000,get
5274,0.012509,0.682000,get
5275,0.012509,0.307000,get
5276,0.012510,0.614000,get
5277,0.012518,7.544000,put
5278,0.012519,0.583000,get
5279,0.012522,2.621000,put
5280,0.012523,0.872000,get
5281,0.012526,2.612000,put
5282,0.012532,5.697000,put
5283,0.012537,4.362000,get
5284,0.012538,0.638000,get
5285,0.012539,0.689000,get
5286,0.012540,0.520000,get
5287,0.012543,3.081000,put
5288,0.012544,0.745000,get
5289,0.012548,3.162000,put
5290,0.012548,0.553000,get
5291,0.012549,0.607000,get
5292,0.012553,2.858000,put
5293,0.012553,0.314000,get
5294,0.012554,0.701000,get
5295,0.012555,0.443000,get
5296,0.012560,4.956000,put
5297,0.012561,0.356000,get
5298,0.012969,407.553000,put
5299,0.012985,15.668000,get
5300,0.012991,5.551000,get
5301,0.012992,0.365000,get
5302,0.012993,0.710000,get
5303,0.012994,0.531000,get
5304,0.013002,0.610000,get
5305,0.013007,4.729000,put
5306,0.013011,3.248000,put
5307,0.013018,7.175000,get
5308,0.013019,0.638000,get
5309,0.013020,0.338000,get
5310,0.013020,0.274000,get
5311,0.013027,6.245000,put
5312,0.013028,0.848000,get
5313,0.013029,0.702000,get
5314,0.013030,0.478000,get
5315,0.013036,5.785000,get
5316,0.013039,2.973000,put
5317,0.013041,1.921000,get
5318,0.013042,0.337000,get
5319,0.013044,1.782000,get
5320,0.013045,0.529000,get
5321,0.013045,0.319000,get
5322,0.013049,2.930000,put
5323,0.013057,7.409000,get
5324,0.013060,3.279000,put
5325,0.013065,4.710000,put
5326,0.013066,0.671000,get
5327,0.013067,0.630000,get
5328,0.013074,6.406000,get
5329,0.013075,0.290000,get
5330,0.013075,0.285000,get
5331,0.013076,1.030000,get
5332,0.013077,0.510000,get
5333,0.013080,2.915000,put
5334,0.013081,0.688000,get
5335,0.013082,0.451000,get
5336,0.013083,0.498000,get
5337,0.013084,0.443000,get
5338,0.013087,3.137000,put
5339,0.013088,0.574000,get
5340,0.013089,0.692000,get
5341,0.013090,0.649000,get
5342,0.013091,0.606000,get
5343,0.013092,0.558000,get
5344,0.013104,11.946000,get
5345,0.013111,6.423000,get
5346,0.013114,2.963000,put
5347,0.013115,0.651000,get
5348,0.013116,0.508000,get
5349,0.013117,0.504000,get
5350,0.013118,0.619000,get
5351,0.013121,3.257000,get
5352,0.013127,5.543000,put
5353,0.013130,2.556000,get
5354,0.013133,2.757000,get
5355,0.013137,3.150000,put
5356,0.013145,7.510000,get
5357,0.013148,3.214000,get
5358,0.013149,0.648000,get
5359,0.013152,3.100000,put
5360,0.013154,0.730000,get
5361,0.013154,0.482000,get
5362,0.013155,0.605000,get
5363,0.013156,0.620000,get
5364,0.013157,0.564000,get
5365,0.013157,0.314000,get
5366,0.013160,2.299000,get
5367,0.013161,0.870000,get
5368,0.013162,0.294000,get
5369,0.013162,0.291000,get
5370,0.013164,0.801000,get
5371,0.013165,0.947000,get
5372,0.013166,0.604000,get
5373,0.013166,0.464000,get
5374,0.013168,0.762000,get
5375,0.013171,2.895000,put
5376,0.013171,0.301000,get
5377,0.013185,13.460000,put
5378,0.013189,2.849000,get
5379,0.013189,0.497000,get
5380,0.013192,2.649000,get
5381,0.013193,0.561000,get
5382,0.013194,0.279000,get
5383,0.013198,3.974000,put
5384,0.013199,0.296000,get
5385,0.013202,2.708000,put
5386,0.013203,0.893000,get
5387,0.013206,2.726000,get
5388,0.013212,5.386000,put
5389,0.013213,0.698000,get
5390,0.013216,2.789000,put
5391,0.013222,5.184000,get
5392,0.013223,0.984000,get
5393,0.013226,2.054000,get
5394,0.013226,0.684000,get
5395,0.013227,0.335000,get
5396,0.013228,0.625000,get
5397,0.013229,0.512000,get
5398,0.013232,3.032000,put
5399,0.013233,0.640000,get
5400,0.013236,2.521000,put
5401,0.013237,0.842000,get
5402,0.013240,2.422000,get
5403,0.013241,0.662000,get
5404,0.013247,6.146000,get
5405,0.013248,0.331000,get
5406,0.013249,0.644000,get
5407,0.013250,0.967000,get
5408,0.013253,2.709000,get
5409,0.013254,0.790000,get
5410,0.013257,2.675000,get
5411,0.013263,5.223000,get
5412,0.013263,0.324000,get
5413,0.013264,0.658000,get
5414,0.013270,5.451000,put
5415,0.013271,0.680000,get
5416,0.013272,0.924000,get
5417,0.013273,0.762000,get
5418,0.013274,0.294000,get
5419,0.013275,0.847000,get
5420,0.013279,3.401000,put
5421,0.013280,0.541000,get
5422,0.013281,1.325000,get
5423,0.013285,3.091000,put
5424,0.013286,0.688000,get
5425,0.013286,0.285000,get
5426,0.013287,0.621000,get
5427,0.013288,0.573000,get
5428,0.013291,2.702000,put
5429,0.013292,0.786000,get
5430,0.013293,0.749000,get
5431,0.013295,0.910000,get
5432,0.013295,0.642000,get
5433,0.013298,1.910000,get
5434,0.013299,0.540000,get
5435,0.013300,0.720000,get
5436,0.013301,0.724000,get
5437,0.013301,0.625000,get
5438,0.013305,2.901000,get
5439,0.013306,0.621000,get
5440,0.013306,0.277000,get
5441,0.013313,6.476000,put
5442,0.013314,0.313000,get
5443,0.013317,2.958000,put
5444,0.013318,0.684000,get
5445,0.013319,0.277000,get
5446,0.013319,0.271000,get
5447,0.013320,0.596000,get
5448,0.013321,0.588000,get
5449,0.013329,7.930000,get
5450,0.013330,0.310000,get
5451,0.013331,0.838000,get
5452,0.013332,0.677000,get
5453,0.013333,0.515000,get
5454,0.013334,0.674000,get
5455,0.013335,0.589000,get
5456,0.013335,0.637000,get
5457,0.013339,3.245000,put
5458,0.013340,0.291000,get
5459,0.013343,3.056000,put
5460,0.013345,2.147000,get
5461,0.013346,0.645000,get
5462,0.013347,0.530000,get
5463,0.013348,0.284000,get
5464,0.013349,0.615000,get
5465,0.013349,0.282000,get
5466,0.013350,0.623000,get
5467,0.013351,0.275000,get
5468,0.013351,0.277000,get
5469,0.013357,5.068000,put
5470,0.013358,0.793000,get
5471,0.013361,2.555000,put
5472,0.013362,0.706000,get
5473,0.013365,2.966000,put
5474,0.013365,0.303000,get
5475,0.013368,2.402000,put
5476,0.013369,0.298000,get
5477,0.013370,0.524000,get
5478,0.013375,5.050000,get
5479,0.013376,0.641000,get
5480,0.013381,4.853000,put
5481,0.013382,0.731000,get
5482,0.013383,0.280000,get
5483,0.013386,2.906000,get
5484,0.013387,0.576000,get
5485,0.013394,6.618000,get
5486,0.013397,2.106000,get
5487,0.013400,3.178000,put
5488,0.013401,0.521000,get
5489,0.013401,0.290000,get
5490,0.013402,0.463000,get
5491,0.013403,0.410000,get
5492,0.013403,0.274000,get
5493,0.013404,0.273000,get
5494,0.013405,0.846000,get
5495,0.013412,6.814000,get
5496,0.013413,0.303000,get
5497,0.013417,3.533000,put
5498,0.013418,0.696000,get
5499,0.013422,3.775000,get
5500,0.013423,0.640000,get
5501,0.013424,0.695000,get
5502,0.013425,0.609000,get
5503,0.013434,9.318000,get
5504,0.013440,4.892000,get
5505,0.013443,2.481000,get
5506,0.013445,1.935000,get
5507,0.013448,2.898000,put
5508,0.013449,0.301000,get
5509,0.013450,0.643000,get
5510,0.013450,0.302000,get
5511,0.013451,0.274000,get
5512,0.013457,6.337000,get
5513,0.013465,6.863000,put
5514,0.013466,0.610000,get
5515,0.013466,0.550000,get
5516,0.013467,0.283000,get
5517,0.013470,3.066000,put
5518,0.013471,0.293000,get
5519,0.013471,0.269000,get
5520,0.013472,0.269000,get
5521,0.013472,0.255000,get
5522,0.013474,0.990000,get
5523,0.013475,0.511000,get
5524,0.013476,1.122000,get
5525,0.013477,0.270000,get
5526,0.013479,2.439000,get
5527,0.013482,2.606000,put
5528,0.013483,0.922000,get
5529,0.013491,7.210000,put
5530,0.013492,0.903000,get
5531,0.013494,1.269000,get
5532,0.013495,0.521000,get
5533,0.013495,0.453000,get
5534,0.013496,0.278000,get
5535,0.013497,0.644000,get
5536,0.013501,3.758000,put
5537,0.013505,3.319000,put
5538,0.013506,0.672000,get
5539,0.013507,0.637000,get
5540,0.013510,2.548000,put
5541,0.013516,5.739000,get
5542,0.013517,1.130000,get
5543,0.013518,0.535000,get
5544,0.013519,0.632000,get
5545,0.013521,1.337000,get
5546,0.013521,0.273000,get
5547,0.013527,5.456000,put
5548,0.013528,0.533000,get
5549,0.013529,0.593000,get
5550,0.013530,0.635000,get
5551,0.013531,0.622000,get
5552,0.013531,0.581000,get
5553,0.013532,0.272000,get
5554,0.013533,0.483000,get
5555,0.013536,2.667000,get
5556,0.013539,3.271000,put
5557,0.013541,0.827000,get
5558,0.013541,0.561000,get
5559,0.013542,0.499000,get
5560,0.013543,0.676000,get
5561,0.013544,0.632000,get
5562,0.013548,3.309000,get
5563,0.013548,0.295000,get
5564,0.013549,0.500000,get
5565,0.013550,0.672000,get
5566,0.013551,0.616000,get
5567,0.013552,0.743000,get
5568,0.013553,0.605000,get
5569,0.013554,0.601000,get
5570,0.013555,0.474000,get
5571,0.013555,0.280000,get
5572,0.013556,0.279000,get
5573,0.013557,0.683000,get
5574,0.013560,3.115000,put
5575,0.013561,0.673000,get
5576,0.013565,3.344000,get
5577,0.013566,0.618000,get
5578,0.013566,0.271000,get
5579,0.013568,1.539000,get
5580,0.013569,0.781000,get
5581,0.013570,0.621000,get
5582,0.013573,2.994000,put
5583,0.013574,0.632000,get
5584,0.013575,0.283000,get
5585,0.013576,0.621000,get
5586,0.013576,0.491000,get
5587,0.013580,3.284000,get
5588,0.013586,5.343000,get
5589,0.013587,0.758000,get
5590,0.013589,1.812000,get
5591,0.013594,4.908000,put
5592,0.013595,0.659000,get
5593,0.013597,1.695000,get
5594,0.013598,0.290000,get
5595,0.013598,0.277000,get
5596,0.013599,0.269000,get
5597,0.013600,0.535000,get
5598,0.013601,0.629000,get
5599,0.013604,3.030000,get
5600,0.013605,0.288000,get
5601,0.013605,0.273000,get
5602,0.013609,3.172000,put
5603,0.013612,2.744000,put
5604,0.013613,0.551000,get
5605,0.013613,0.274000,get
5606,0.013616,2.703000,get
5607,0.013617,0.711000,get
5608,0.013618,0.607000,get
5609,0.013619,0.642000,get
5610,0.013620,0.558000,get
5611,0.013623,2.985000,put
5612,0.013624,0.632000,get
5613,0.013626,1.700000,get
5614,0.013627,0.606000,get
5615,0.013634,6.542000,get
5616,0.013644,2.346000,get
5617,0.013645,0.644000,get
5618,0.013645,0.279000,get
5619,0.013658,11.906000,get
5620,0.013661,2.682000,get
5621,0.013661,0.629000,get
5622,0.013662,0.308000,get
5623,0.013663,0.288000,get
5624,0.013667,3.949000,get
5625,0.013673,5.679000,put
5626,0.013677,3.318000,put
5627,0.013680,2.848000,put
5628,0.013681,0.721000,get
5629,0.013682,0.637000,get
5630,0.013684,1.820000,get
5631,0.013685,0.618000,get
5632,0.013688,2.877000,put
5633,0.013689,0.302000,get
5634,0.013690,0.639000,get
5635,0.013691,0.836000,get
5636,0.013697,6.137000,put
5637,0.013701,3.142000,put
5638,0.013707,5.393000,get
5639,0.013708,0.807000,get
5640,0.013708,0.284000,get
5641,0.013709,0.735000,get
5642,0.013713,3.206000,put
5643,0.013715,1.557000,get
5644,0.013716,1.164000,get
5645,0.013717,0.716000,get
5646,0.013718,0.637000,get
5647,0.013719,0.282000,get
5648,0.013719,0.460000,get
5649,0.013723,3.312000,put
5650,0.013724,0.293000,get
5651,0.013724,0.639000,get
5652,0.013725,0.705000,get
5653,0.013726,0.273000,get
5654,0.013727,0.511000,get
5655,0.013727,0.277000,get
5656,0.013733,5.552000,put
5657,0.013734,0.706000,get
5658,0.013735,0.797000,get
5659,0.013739,3.380000,put
5660,0.013740,0.733000,get
5661,0.013744,2.961000,get
5662,0.013744,0.618000,get
5663,0.013745,0.286000,get
5664,0.013746,0.684000,get
5665,0.013747,0.504000,get
5666,0.013749,2.478000,get
5667,0.013750,0.286000,get
5668,0.013751,0.569000,get
5669,0.013751,0.285000,get
5670,0.013752,0.508000,get
5671,0.013753,0.902000,get
5672,0.013755,0.909000,get
5673,0.013755,0.543000,get
5674,0.013756,0.281000,get
5675,0.013760,3.385000,put
5676,0.013760,0.292000,get
5677,0.013764,2.873000,put
5678,0.013764,0.300000,get
5679,0.013765,0.844000,get
5680,0.013767,0.998000,get
5681,0.013773,5.527000,put
5682,0.013774,1.005000,get
5683,0.013776,1.376000,get
5684,0.013779,3.031000,put
5685,0.013782,2.874000,get
5686,0.013783,0.297000,get
5687,0.013784,0.875000,get
5688,0.013785,0.676000,get
5689,0.013786,0.565000,get
5690,0.013787,0.835000,get
5691,0.013788,0.530000,get
5692,0.013789,0.451000,get
5693,0.013790,0.605000,get
5694,0.013790,0.280000,get
5695,0.013791,0.426000,get
5696,0.013792,0.673000,get
5697,0.013795,2.814000,put
5698,0.013796,0.618000,get
5699,0.013797,0.611000,get
5700,0.013802,5.166000,put
5701,0.013803,0.643000,get
5702,0.013804,0.743000,get
5703,0.013805,0.639000,get
5704,0.013808,2.899000,put
5705,0.013809,0.620000,get
5706,0.013811,0.959000,get
5707,0.013812,0.937000,get
5708,0.013812,0.280000,get
5709,0.013814,0.865000,get
5710,0.013815,0.480000,get
5711,0.013818,3.154000,put
5712,0.013819,0.594000,get
5713,0.013820,0.499000,get
5714,0.013820,0.277000,get
5715,0.013821,0.279000,get
5716,0.013822,0.268000,get
5717,0.013822,0.680000,get
5718,0.013828,5.432000,get
5719,0.013832,3.473000,get
5720,0.013833,0.596000,get
5721,0.013837,3.577000,get
5722,0.013838,0.663000,get
5723,0.013840,1.662000,get
5724,0.013841,0.487000,get
5725,0.013844,2.763000,put
5726,0.013846,1.227000,get
5727,0.013848,2.307000,get
5728,0.013849,0.835000,get
5729,0.013856,5.974000,put
5730,0.013857,0.672000,get
5731,0.013860,2.939000,put
5732,0.013861,0.311000,get
5733,0.013862,0.718000,get
5734,0.013865,3.261000,put
5735,0.013869,2.977000,put
5736,0.013869,0.307000,get
5737,0.013875,5.368000,put
5738,0.013876,0.549000,get
5739,0.013886,9.731000,get
5740,0.013890,3.370000,put
5741,0.013890,0.309000,get
5742,0.013894,3.129000,put
5743,0.013894,0.298000,get
5744,0.013898,3.093000,get
5745,0.013899,0.299000,get
5746,0.013900,0.769000,get
5747,0.013900,0.512000,get
5748,0.013903,2.083000,get
5749,0.013907,3.410000,get
5750,0.013910,3.118000,get
5751,0.013913,2.168000,get
5752,0.013921,7.394000,get
5753,0.013922,1.048000,get
5754,0.013925,2.685000,put
5755,0.013926,0.321000,get
5756,0.013927,0.954000,get
5757,0.013928,0.733000,get
5758,0.013933,5.041000,put
5759,0.013934,0.696000,get
5760,0.013935,0.487000,get
5761,0.013938,3.020000,put
5762,0.013941,2.789000,put
5763,0.013942,0.300000,get
5764,0.013943,0.740000,get
5765,0.013944,0.688000,get
5766,0.013945,0.815000,get
5767,0.013949,3.114000,put
5768,0.013949,0.484000,get
5769,0.013950,0.270000,get
5770,0.013956,5.478000,put
5771,0.013957,0.750000,get
5772,0.013958,0.651000,get
5773,0.013959,0.585000,get
5774,0.013959,0.513000,get
5775,0.013960,0.282000,get
5776,0.013960,0.275000,get
5777,0.013961,0.598000,get
5778,0.013966,3.767000,put
5779,0.013969,2.928000,put
5780,0.013970,0.667000,get
5781,0.013971,0.648000,get
5782,0.013972,1.233000,get
5783,0.013976,3.256000,put
5784,0.013980,3.293000,get
5785,0.013981,0.686000,get
5786,0.013982,0.553000,get
5787,0.013983,1.634000,get
5788,0.013984,0.540000,get
5789,0.013991,6.370000,put
5790,0.013992,0.882000,get
5791,0.013993,0.586000,get
5792,0.013996,2.971000,put
5793,0.013997,0.611000,get
5794,0.014001,2.878000,put
5795,0.014001,0.578000,get
5796,0.014002,0.650000,get
5797,0.014005,2.191000,get
5798,0.014006,0.516000,get
5799,0.014006,0.285000,get
5800,0.014007,0.273000,get
5801,0.014012,5.105000,put
5802,0.014013,0.606000,get
5803,0.014014,0.804000,get
5804,0.014018,3.048000,put
5805,0.014019,0.516000,get
5806,0.014020,0.733000,get
5807,0.014021,0.642000,get
5808,0.014024,2.884000,put
5809,0.014030,6.331000,get
5810,0.014031,0.672000,get
5811,0.014042,10.144000,get
5812,0.014048,5.701000,get
5813,0.014049,0.706000,get
5814,0.014050,0.934000,get
5815,0.014058,7.011000,get
5816,0.014059,0.661000,get
5817,0.014076,16.621000,put
5818,0.014077,0.654000,get
5819,0.014078,0.636000,get
5820,0.014079,0.640000,get
5821,0.014080,0.756000,get
5822,0.014082,2.277000,get
5823,0.014088,5.495000,put
5824,0.014089,0.537000,get
5825,0.014092,3.153000,put
5826,0.014093,0.301000,get
5827,0.014094,0.487000,get
5828,0.014097,2.722000,put
5829,0.014098,0.794000,get
5830,0.014098,0.276000,get
5831,0.014106,7.660000,get
5832,0.014107,0.632000,get
5833,0.014108,0.707000,get
5834,0.014109,0.285000,get
5835,0.014110,0.548000,get
5836,0.014113,2.951000,get
5837,0.014114,0.731000,get
5838,0.014116,1.780000,get
5839,0.014120,3.132000,put
5840,0.014127,7.096000,put
5841,0.014128,0.763000,get
5842,0.014129,0.281000,get
5843,0.014132,2.733000,get
5844,0.014133,0.629000,get
5845,0.014134,0.578000,get
5846,0.014134,0.279000,get
5847,0.014137,2.458000,get
5848,0.014140,3.003000,get
5849,0.014143,2.632000,get
5850,0.014144,0.299000,get
5851,0.014144,0.293000,get
5852,0.014145,0.280000,get
5853,0.014146,0.855000,get
5854,0.014147,0.275000,get
5855,0.014148,0.699000,get
5856,0.014151,3.096000,put
5857,0.014152,0.651000,get
5858,0.014153,0.568000,get
5859,0.014153,0.277000,get
5860,0.014157,2.933000,get
5861,0.014159,1.673000,get
5862,0.014162,2.576000,put
5863,0.014163,0.652000,get
5864,0.014163,0.600000,get
5865,0.014164,0.275000,get
5866,0.014164,0.271000,get
5867,0.014165,0.268000,get
5868,0.014166,0.596000,get
5869,0.014167,0.658000,get
5870,0.014172,4.479000,put
5871,0.014176,3.587000,get
5872,0.014177,1.108000,get
5873,0.014178,0.822000,get
5874,0.014179,0.284000,get
5875,0.014184,4.812000,put
5876,0.014187,3.005000,put
5877,0.014190,2.469000,put
5878,0.014191,0.554000,get
5879,0.014194,3.004000,put
5880,0.014196,0.787000,get
5881,0.014201,5.251000,put
5882,0.014202,0.334000,get
5883,0.014206,3.410000,get
5884,0.014206,0.527000,get
5885,0.014210,3.059000,put
5886,0.014211,0.835000,get
5887,0.014212,0.282000,get
5888,0.014217,5.193000,get
5889,0.014218,0.694000,get
5890,0.014220,1.011000,get
5891,0.014221,0.789000,get
5892,0.014222,0.633000,get
5893,0.014225,3.053000,put
5894,0.014226,0.300000,get
5895,0.014229,2.947000,put
5896,0.014234,4.434000,put
5897,0.014237,2.744000,put
5898,0.014244,6.481000,get
5899,0.014248,3.931000,put
5900,0.014249,0.634000,get
5901,0.014250,0.466000,get
5902,0.014251,0.738000,get
5903,0.014251,0.280000,get
5904,0.014254,2.125000,get
5905,0.014255,0.788000,get
5906,0.014256,0.472000,get
5907,0.014256,0.279000,get
5908,0.014262,5.591000,put
5909,0.014264,1.671000,get
5910,0.014266,1.666000,get
5911,0.014267,0.684000,get
5912,0.014268,0.480000,get
5913,0.014271,2.404000,get
5914,0.014272,0.625000,get
5915,0.014274,1.702000,get
5916,0.014274,0.482000,get
5917,0.014282,6.801000,get
5918,0.014282,0.287000,get
5919,0.014283,0.743000,get
5920,0.014286,2.601000,get
5921,0.014289,2.676000,put
5922,0.014290,0.292000,get
5923,0.014290,0.271000,get
5924,0.014291,0.644000,get
5925,0.014294,2.506000,put
5926,0.014297,2.904000,put
5927,0.014301,3.904000,get
5928,0.014312,2.384000,get
5929,0.014313,0.593000,get
5930,0.014314,1.023000,get
5931,0.014315,0.282000,get
5932,0.014321,5.941000,put
5933,0.014322,1.049000,get
5934,0.014325,2.703000,put
5935,0.014326,0.597000,get
5936,0.014327,0.676000,get
5937,0.014330,2.352000,get
5938,0.014333,3.146000,put
5939,0.014334,0.657000,get
5940,0.014335,0.667000,get
5941,0.014336,0.600000,get
5942,0.014337,0.592000,get
5943,0.014338,0.852000,get
5944,0.014339,0.591000,get
5945,0.014340,0.588000,get
5946,0.014344,3.430000,get
5947,0.014344,0.286000,get
5948,0.014345,0.609000,get
5949,0.014346,0.505000,get
5950,0.014349,2.632000,put
5951,0.014349,0.292000,get
5952,0.014350,0.794000,get
5953,0.014351,0.514000,get
5954,0.014352,0.279000,get
5955,0.014359,6.456000,put
5956,0.014360,0.723000,get
5957,0.014361,0.622000,get
5958,0.014361,0.285000,get
5959,0.014362,0.633000,get
5960,0.014363,0.276000,get
5961,0.014365,2.536000,get
5962,0.014369,2.884000,put
5963,0.014369,0.329000,get
5964,0.014370,0.275000,get
5965,0.014371,0.530000,get
5966,0.014371,0.277000,get
5967,0.014372,0.611000,get
5968,0.014375,2.515000,put
5969,0.014378,3.078000,get
5970,0.014379,0.761000,get
5971,0.014381,1.499000,get
5972,0.014382,0.634000,get
5973,0.014383,0.523000,get
5974,0.014384,0.447000,get
5975,0.014385,0.904000,get
5976,0.014385,0.279000,get
5977,0.014388,2.659000,get
5978,0.014390,0.773000,get
5979,0.014391,1.114000,get
5980,0.014392,0.644000,get
5981,0.014395,2.401000,get
5982,0.014396,1.343000,get
5983,0.014397,0.611000,get
5984,0.014398,0.466000,get
5985,0.014402,3.838000,get
5986,0.014403,0.654000,get
5987,0.014405,1.695000,get
5988,0.014406,0.584000,get
5989,0.014407,0.285000,get
5990,0.014408,0.604000,get
5991,0.014408,0.594000,get
5992,0.014410,1.501000,get
5993,0.014412,1.252000,get
5994,0.014413,0.928000,get
5995,0.014417,3.210000,get
5996,0.014420,2.737000,get
5997,0.014421,0.790000,get
5998,0.014424,2.925000,put
5999,0.014428,3.816000,get
6000,0.014429,0.709000,get
6001,0.014435,5.231000,put
6002,0.014436,1.047000,get
6003,0.014438,0.861000,get
6004,0.014438,0.288000,get
6005,0.014442,3.371000,put
6006,0.014443,0.666000,get
6007,0.014446,3.221000,put
6008,0.014447,0.300000,get
6009,0.014454,6.383000,get
6010,0.014455,0.597000,get
6011,0.014458,3.191000,put
6012,0.014461,2.648000,get
6013,0.014462,0.808000,get
6014,0.014463,0.652000,get
6015,0.014464,0.653000,get
6016,0.014465,0.747000,get
6017,0.014467,1.292000,get
6018,0.014468,0.648000,get
6019,0.014473,5.149000,put
6020,0.014477,3.037000,get
6021,0.014478,0.756000,get
6022,0.014478,0.299000,get
6023,0.014482,2.787000,get
6024,0.014483,0.691000,get
6025,0.014483,0.273000,get
6026,0.014484,0.615000,get
6027,0.014485,0.644000,get
6028,0.014485,0.279000,get
6029,0.014486,0.273000,get
6030,0.014488,1.930000,get
6031,0.014489,0.679000,get
6032,0.014490,0.612000,get
6033,0.014492,2.020000,get
6034,0.014493,0.527000,get
6035,0.014496,2.585000,put
6036,0.014499,2.807000,put
6037,0.014500,0.650000,get
6038,0.014504,3.096000,put
6039,0.014509,5.384000,put
6040,0.014512,1.665000,get
6041,0.014512,0.555000,get
6042,0.014513,0.626000,get
6043,0.014517,3.000000,put
6044,0.014520,2.991000,put
6045,0.014521,0.644000,get
6046,0.014524,2.965000,put
6047,0.014527,2.399000,get
6048,0.014528,0.608000,get
6049,0.014531,3.260000,get
6050,0.014532,0.604000,get
6051,0.014534,0.883000,get
6052,0.014535,0.726000,get
6053,0.014540,5.126000,put
6054,0.014541,0.858000,get
6055,0.014545,3.247000,put
6056,0.014546,0.316000,get
6057,0.014548,2.237000,get
6058,0.014549,0.585000,get
6059,0.014550,0.720000,get
6060,0.014554,3.747000,get
6061,0.014555,0.307000,get
6062,0.014558,2.806000,put
6063,0.014561,2.742000,get
6064,0.014574,12.958000,put
6065,0.014576,0.853000,get
6066,0.014576,0.528000,get
6067,0.014577,0.817000,get
6068,0.014581,3.131000,put
6069,0.014582,0.874000,get
6070,0.014583,0.510000,get
6071,0.014584,0.453000,get
6072,0.014584,0.295000,get
6073,0.014585,0.277000,get
6074,0.014586,0.755000,get
6075,0.014587,0.712000,get
6076,0.014588,0.658000,get
6077,0.014588,0.264000,get
6078,0.014592,3.079000,put
6079,0.014592,0.291000,get
6080,0.014593,0.644000,get
6081,0.014596,2.546000,put
6082,0.014599,2.900000,get
6083,0.014600,0.526000,get
6084,0.014601,0.685000,get
6085,0.014601,0.278000,get
6086,0.014607,4.993000,put
6087,0.014608,0.608000,get
6088,0.014609,0.680000,get
6089,0.014610,0.854000,get
6090,0.014610,0.279000,get
6091,0.014611,0.625000,get
6092,0.014612,0.839000,get
6093,0.014615,2.694000,get
6094,0.014616,0.760000,get
6095,0.014617,0.281000,get
6096,0.014618,0.664000,get
6097,0.014618,0.274000,get
6098,0.014619,0.276000,get
6099,0.014622,2.810000,get
6100,0.014623,0.481000,get
6101,0.014624,0.627000,get
6102,0.014627,3.190000,put
6103,0.014628,0.648000,get
6104,0.014629,0.500000,get
6105,0.014631,1.619000,get
6106,0.014634,3.031000,put
6107,0.014635,0.630000,get
6108,0.014636,0.683000,get
6109,0.014640,3.407000,get
6110,0.014641,0.804000,get
6111,0.014642,0.640000,get
6112,0.014642,0.292000,get
6113,0.014644,1.464000,get
6114,0.014647,2.565000,get
6115,0.014650,2.940000,put
6116,0.014653,2.018000,get
6117,0.014654,0.610000,get
6118,0.014656,1.551000,get
6119,0.014657,0.775000,get
6120,0.014658,0.667000,get
6121,0.014659,0.624000,get
6122,0.014661,2.171000,get
6123,0.014662,0.670000,get
6124,0.014663,0.282000,get
6125,0.014663,0.554000,get
6126,0.014669,5.462000,put
6127,0.014670,0.745000,get
6128,0.014675,3.784000,get
6129,0.014678,2.860000,get
6130,0.014681,3.264000,put
6131,0.014685,3.397000,put
6132,0.014686,0.306000,get
6133,0.014687,0.651000,get
6134,0.014690,2.773000,put
6135,0.014691,0.573000,get
6136,0.014692,0.596000,get
6137,0.014697,4.781000,put
6138,0.014700,2.646000,get
6139,0.014701,0.674000,get
6140,0.014702,0.528000,get
6141,0.014702,0.285000,get
6142,0.014705,2.668000,put
6143,0.014706,0.653000,get
6144,0.014707,0.513000,get
6145,0.014710,2.850000,put
6146,0.014713,2.979000,put
6147,0.014714,0.548000,get
6148,0.014718,2.924000,get
6149,0.014718,0.504000,get
6150,0.014719,0.629000,get
6151,0.014726,6.500000,put
6152,0.014727,0.547000,get
6153,0.014728,0.948000,get
6154,0.014729,0.466000,get
6155,0.014732,2.455000,get
6156,0.014734,2.286000,get
6157,0.014738,3.058000,put
6158,0.014739,0.635000,get
6159,0.014740,0.621000,get
6160,0.014740,0.298000,get
6161,0.014741,0.717000,get
6162,0.014742,0.643000,get
6163,0.014743,0.635000,get
6164,0.014746,2.909000,put
6165,0.014747,0.480000,get
6166,0.014750,3.018000,put
6167,0.014754,3.035000,get
6168,0.014754,0.299000,get
6169,0.014755,0.283000,get
6170,0.014756,0.718000,get
6171,0.014756,0.293000,get
6172,0.014761,4.652000,put
6173,0.014765,3.625000,get
6174,0.014766,0.509000,get
6175,0.014768,1.933000,get
6176,0.014772,2.761000,put
6177,0.014772,0.297000,get
6178,0.014773,0.809000,get
6179,0.014776,2.744000,put
6180,0.014780,3.249000,get
6181,0.014782,1.741000,get
6182,0.014783,0.292000,get
6183,0.014788,5.028000,put
6184,0.014789,0.682000,get
6185,0.014790,0.488000,get
6186,0.014791,0.583000,get
6187,0.014792,0.623000,get
6188,0.014793,0.479000,get
6189,0.014795,1.846000,get
6190,0.014795,0.290000,get
6191,0.014796,0.640000,get
6192,0.014800,3.376000,get
6193,0.014801,0.561000,get
6194,0.014802,0.829000,get
6195,0.014805,2.426000,get
6196,0.014805,0.284000,get
6197,0.014806,0.569000,get
6198,0.014810,3.060000,put
6199,0.014810,0.295000,get
6200,0.014811,0.262000,get
6201,0.014812,0.649000,get
6202,0.014813,0.615000,get
6203,0.014813,0.489000,get
6204,0.014816,2.654000,put
6205,0.014819,2.421000,put
6206,0.014820,0.285000,get
6207,0.014821,1.037000,get
6208,0.014821,0.275000,get
6209,0.014823,1.064000,get
6210,0.014826,2.428000,get
6211,0.014827,0.728000,get
6212,0.014827,0.535000,get
6213,0.014828,0.723000,get
6214,0.014829,0.282000,get
6215,0.014834,5.059000,put
6216,0.014838,2.862000,get
6217,0.014841,3.058000,put
6218,0.014842,0.817000,get
6219,0.014845,2.829000,put
6220,0.014849,3.088000,get
6221,0.014852,3.124000,put
6222,0.014853,0.683000,get
6223,0.014854,0.560000,get
6224,0.014859,4.552000,get
6225,0.014860,0.784000,get
6226,0.014861,0.629000,get
6227,0.014862,0.552000,get
6228,0.014863,0.655000,get
6229,0.014866,3.371000,get
6230,0.014867,0.627000,get
6231,0.014872,4.757000,put
6232,0.014875,2.204000,get
6233,0.014878,2.589000,get
6234,0.014879,0.534000,get
6235,0.014880,0.588000,get
6236,0.014883,3.130000,put
6237,0.014886,2.761000,put
6238,0.014888,1.773000,get
6239,0.014892,2.728000,get
6240,0.014900,0.360000,get
6241,0.014901,0.725000,get
6242,0.014902,0.531000,get
6243,0.014903,0.846000,get
6244,0.014904,0.518000,get
6245,0.014907,2.660000,get
6246,0.014909,1.632000,get
6247,0.014909,0.290000,get
6248,0.014910,0.604000,get
6249,0.014911,0.658000,get
6250,0.014912,0.626000,get
6251,0.014915,2.663000,put
6252,0.014915,0.292000,get
6253,0.014916,0.498000,get
6254,0.014921,5.070000,put
6255,0.014925,3.069000,put
6256,0.014926,0.492000,get
6257,0.014926,0.532000,get
6258,0.014929,2.146000,get
6259,0.014930,0.522000,get
6260,0.014931,0.629000,get
6261,0.014933,1.535000,get
6262,0.014935,2.408000,get
6263,0.014936,0.290000,get
6264,0.014937,0.634000,get
6265,0.014938,0.529000,get
6266,0.014939,0.766000,get
6267,0.014941,2.529000,put
6268,0.014946,3.438000,put
6269,0.014946,0.655000,get
6270,0.014952,5.591000,put
6271,0.014954,0.861000,get
6272,0.014957,2.702000,put
6273,0.014960,2.635000,get
6274,0.014963,3.274000,get
6275,0.014964,0.955000,get
6276,0.014965,0.545000,get
6277,0.014968,2.648000,put
6278,0.014971,2.414000,get
6279,0.014972,0.660000,get
6280,0.014975,2.506000,put
6281,0.014978,2.704000,get
6282,0.014978,0.292000,get
6283,0.014979,0.449000,get
6284,0.014980,0.660000,get
6285,0.014981,0.422000,get
6286,0.014986,5.161000,put
6287,0.014987,0.665000,get
6288,0.014988,0.492000,get
6289,0.014989,0.917000,get
6290,0.014990,0.606000,get
6291,0.014993,2.511000,put
6292,0.014996,3.141000,get
6293,0.014997,0.656000,get
6294,0.015003,5.394000,get
6295,0.015004,0.297000,get
6296,0.015005,0.794000,get
6297,0.015008,2.898000,put
6298,0.015014,5.063000,put
6299,0.015014,0.317000,get
6300,0.015015,0.607000,get
6301,0.015016,0.609000,get
6302,0.015017,0.277000,get
6303,0.015018,0.740000,get
6304,0.015018,0.467000,get
6305,0.015022,3.253000,put
6306,0.015023,0.777000,get
6307,0.015024,0.723000,get
6308,0.015025,0.664000,get
6309,0.015026,0.284000,get
6310,0.015029,2.577000,put
6311,0.015029,0.579000,get
6312,0.015030,0.569000,get
6313,0.015034,3.319000,put
6314,0.015039,4.919000,put
6315,0.015041,1.503000,get
6316,0.015042,0.521000,get
6317,0.015043,0.710000,get
6318,0.015046,2.611000,put
6319,0.015047,0.296000,get
6320,0.015048,0.833000,get
6321,0.015048,0.281000,get
6322,0.015049,0.510000,get
6323,0.015050,0.791000,get
6324,0.015051,0.590000,get
6325,0.015054,2.799000,put
6326,0.015055,0.468000,get
6327,0.015058,2.684000,get
6328,0.015059,0.669000,get
6329,0.015062,2.915000,put
6330,0.015063,0.600000,get
6331,0.015067,3.245000,get
6332,0.015073,5.640000,put
6333,0.015073,0.516000,get
6334,0.015076,2.065000,get
6335,0.015076,0.286000,get
6336,0.015077,0.665000,get
6337,0.015078,0.696000,get
6338,0.015079,0.772000,get
6339,0.015080,0.616000,get
6340,0.015082,0.823000,get
6341,0.015082,0.624000,get
6342,0.015084,0.998000,get
6343,0.015085,0.610000,get
6344,0.015087,2.513000,get
6345,0.015091,2.773000,put
6346,0.015093,1.709000,get
6347,0.015093,0.287000,get
6348,0.015094,0.809000,get
6349,0.015098,2.979000,put
6350,0.015099,0.821000,get
6351,0.015099,0.281000,get
6352,0.015100,0.282000,get
6353,0.015101,0.555000,get
6354,0.015104,3.076000,put
6355,0.015107,2.659000,get
6356,0.015108,0.787000,get
6357,0.015114,5.146000,put
6358,0.015115,0.766000,get
6359,0.015116,0.554000,get
6360,0.015118,2.536000,put
6361,0.015121,1.756000,get
6362,0.015122,0.678000,get
6363,0.015122,0.283000,get
6364,0.015123,0.268000,get
6365,0.015124,0.694000,get
6366,0.015128,4.149000,get
6367,0.015132,3.050000,put
6368,0.015134,1.836000,get
6369,0.015135,0.674000,get
6370,0.015136,1.220000,get
6371,0.015140,3.045000,put
6372,0.015141,0.606000,get
6373,0.015142,0.860000,get
6374,0.015143,0.711000,get
6375,0.015149,6.100000,get
6376,0.015150,0.733000,get
6377,0.015151,0.285000,get
6378,0.015152,0.616000,get
6379,0.015152,0.284000,get
6380,0.015153,0.628000,get
6381,0.015159,5.169000,put
6382,0.015165,5.749000,get
6383,0.015166,0.700000,get
6384,0.015167,0.965000,get
6385,0.015170,2.800000,put
6386,0.015171,0.726000,get
6387,0.015174,2.004000,get
6388,0.015177,3.033000,put
6389,0.015178,0.295000,get
6390,0.015179,0.876000,get
6391,0.015180,0.646000,get
6392,0.015181,0.504000,get
6393,0.015183,1.786000,get
6394,0.015184,0.873000,get
6395,0.015185,0.275000,get
6396,0.015185,0.612000,get
6397,0.015186,0.281000,get
6398,0.015187,0.620000,get
6399,0.015188,0.277000,get
6400,0.015190,2.609000,put
6401,0.015191,0.734000,get
6402,0.015198,5.961000,put
6403,0.015201,2.565000,put
6404,0.015204,2.737000,put
6405,0.015205,0.682000,get
6406,0.015206,0.764000,get
6407,0.015207,0.741000,get
6408,0.015208,0.512000,get
6409,0.015214,5.959000,put
6410,0.015215,0.530000,get
6411,0.015217,1.806000,get
6412,0.015218,0.597000,get
6413,0.015221,2.983000,put
6414,0.015224,2.935000,put
6415,0.015227,2.744000,put
6416,0.015231,3.207000,get
6417,0.015238,6.902000,put
6418,0.015242,3.429000,get
6419,0.015245,2.585000,get
6420,0.015246,0.661000,get
6421,0.015249,2.778000,put
6422,0.015253,3.231000,put
6423,0.015256,3.034000,put
6424,0.015257,0.738000,get
6425,0.015258,0.510000,get
6426,0.015259,0.494000,get
6427,0.015259,0.278000,get
6428,0.015260,0.769000,get
6429,0.015261,0.275000,get
6430,0.015266,5.283000,put
6431,0.015269,2.532000,put
6432,0.015270,0.305000,get
6433,0.015274,3.452000,get
6434,0.015277,2.914000,put
6435,0.015278,0.314000,get
6436,0.015279,0.925000,get
6437,0.015280,0.473000,get
6438,0.015280,0.273000,get
6439,0.015281,0.807000,get
6440,0.015282,0.689000,get
6441,0.015283,0.645000,get
6442,0.015284,0.594000,get
6443,0.015285,0.271000,get
6444,0.015286,0.694000,get
6445,0.015287,0.722000,get
6446,0.015287,0.482000,get
6447,0.015288,0.278000,get
6448,0.015291,2.537000,put
6449,0.015292,0.654000,get
6450,0.015296,3.578000,get
6451,0.015296,0.612000,get
6452,0.015299,2.538000,get
6453,0.015301,1.672000,get
6454,0.015307,5.214000,put
6455,0.015308,0.639000,get
6456,0.015311,2.288000,get
6457,0.015311,0.576000,get
6458,0.015313,0.881000,get
6459,0.015314,0.703000,get
6460,0.015314,0.306000,get
6461,0.015318,3.342000,put
6462,0.015319,0.740000,get
6463,0.015320,0.498000,get
6464,0.015320,0.287000,get
6465,0.015321,0.496000,get
6466,0.015323,2.038000,get
6467,0.015325,1.451000,get
6468,0.015329,3.083000,put
6469,0.015329,0.306000,get
6470,0.015330,0.645000,get
6471,0.015331,0.649000,get
6472,0.015332,0.285000,get
6473,0.015333,1.124000,get
6474,0.015336,2.984000,get
6475,0.015340,2.782000,get
6476,0.015343,3.479000,put
6477,0.015345,1.501000,get
6478,0.015347,0.946000,get
6479,0.015348,0.884000,get
6480,0.015353,4.954000,put
6481,0.015354,0.360000,get
6482,0.015355,0.742000,get
6483,0.015356,0.700000,get
6484,0.015357,0.533000,get
6485,0.015357,0.285000,get
6486,0.015360,2.617000,put
6487,0.015361,0.521000,get
6488,0.015362,0.480000,get
6489,0.015363,0.737000,get
6490,0.015364,0.992000,get
6491,0.015367,2.656000,get
6492,0.015368,0.753000,get
6493,0.015369,0.715000,get
6494,0.015370,0.574000,get
6495,0.015371,0.452000,get
6496,0.015372,0.734000,get
6497,0.015373,0.915000,get
6498,0.015373,0.287000,get
6499,0.015379,5.214000,get
6500,0.015382,3.170000,put
6501,0.015384,0.836000,get
6502,0.015387,2.586000,get
6503,0.015388,1.210000,get
6504,0.015389,0.536000,get
6505,0.015390,1.052000,get
6506,0.015393,2.524000,put
6507,0.015394,0.699000,get
6508,0.015395,0.282000,get
6509,0.015396,0.723000,get
6510,0.015396,0.459000,get
6511,0.015397,0.282000,get
6512,0.015402,4.786000,put
6513,0.015405,2.986000,put
6514,0.015406,0.532000,get
6515,0.015408,1.822000,get
6516,0.015409,0.296000,get
6517,0.015411,1.507000,get
6518,0.015411,0.287000,get
6519,0.015412,0.633000,get
6520,0.015413,0.614000,get
6521,0.015414,0.282000,get
6522,0.015415,0.725000,get
6523,0.015416,0.724000,get
6524,0.015418,1.463000,get
6525,0.015418,0.293000,get
6526,0.015419,0.881000,get
6527,0.015421,1.698000,get
6528,0.015422,0.746000,get
6529,0.015425,2.691000,put
6530,0.015426,0.666000,get
6531,0.015430,3.001000,put
6532,0.015435,4.988000,put
6533,0.015436,0.754000,get
6534,0.015438,1.354000,get
6535,0.015440,2.088000,get
6536,0.015441,0.662000,get
6537,0.015444,2.831000,put
6538,0.015445,0.325000,get
6539,0.015446,0.752000,get
6540,0.015446,0.278000,get
6541,0.015449,2.454000,put
6542,0.015455,4.999000,put
6543,0.015455,0.333000,get
6544,0.015456,0.548000,get
6545,0.015457,0.960000,get
6546,0.015458,0.281000,get
6547,0.015459,0.585000,get
6548,0.015462,2.966000,put
6549,0.015465,2.965000,put
6550,0.015466,0.486000,get
6551,0.015467,0.511000,get
6552,0.015475,0.752000,get
6553,0.015478,2.845000,get
6554,0.015482,3.196000,get
6555,0.015482,0.296000,get
6556,0.015483,0.283000,get
6557,0.015484,0.808000,get
6558,0.015485,0.506000,get
6559,0.015488,3.183000,put
6560,0.015489,0.520000,get
6561,0.015495,5.457000,put
6562,0.015499,3.243000,get
6563,0.015500,0.668000,get
6564,0.015501,1.107000,get
6565,0.015504,3.126000,put
6566,0.015508,2.855000,put
6567,0.015510,2.274000,get
6568,0.015511,0.301000,get
6569,0.015512,0.506000,get
6570,0.015515,2.526000,put
6571,0.015516,0.928000,get
6572,0.015522,5.503000,put
6573,0.015523,0.874000,get
6574,0.015524,0.301000,get
6575,0.015526,2.153000,get
6576,0.015528,2.119000,get
6577,0.015530,0.948000,get
6578,0.015531,0.645000,get
6579,0.015531,0.581000,get
6580,0.015533,1.367000,get
6581,0.015539,5.599000,get
6582,0.015540,0.305000,get
6583,0.015543,2.814000,put
6584,0.015544,0.545000,get
6585,0.015544,0.267000,get
6586,0.015545,0.532000,get
6587,0.015546,0.896000,get
6588,0.015548,1.636000,get
6589,0.015552,3.068000,put
6590,0.015555,2.683000,get
6591,0.015556,0.598000,get
6592,0.015559,2.611000,put
6593,0.015559,0.543000,get
6594,0.015565,4.810000,put
6595,0.015568,2.981000,put
6596,0.015569,0.656000,get
6597,0.015571,1.741000,get
6598,0.015572,0.754000,get
6599,0.015573,0.295000,get
6600,0.015574,1.350000,get
6601,0.015575,0.299000,get
6602,0.015576,1.070000,get
6603,0.015577,0.301000,get
6604,0.015578,0.823000,get
6605,0.015579,0.653000,get
6606,0.015583,3.199000,put
6607,0.015586,3.325000,get
6608,0.015587,0.633000,get
6609,0.015588,0.501000,get
6610,0.015589,0.567000,get
6611,0.015591,1.952000,get
6612,0.015592,0.757000,get
6613,0.015594,1.875000,get
6614,0.015595,0.306000,get
6615,0.015595,0.283000,get
6616,0.015598,2.258000,get
6617,0.015601,2.611000,get
6618,0.015605,3.363000,get
6619,0.015606,0.683000,get
6620,0.015607,1.061000,get
6621,0.015610,2.074000,get
6622,0.015613,2.918000,put
6623,0.015614,1.195000,get
6624,0.015620,5.573000,get
6625,0.015627,5.784000,put
6626,0.015629,2.565000,put
6627,0.015630,0.305000,get
6628,0.015633,2.502000,put
6629,0.015633,0.303000,get
6630,0.015634,0.491000,get
6631,0.015635,0.842000,get
6632,0.015636,0.456000,get
6633,0.015637,0.600000,get
6634,0.015640,2.640000,get
6635,0.015643,2.857000,put
6636,0.015644,0.313000,get
6637,0.015647,2.784000,get
6638,0.015653,5.319000,put
6639,0.015655,2.533000,get
6640,0.015658,2.560000,get
6641,0.015659,0.808000,get
6642,0.015660,0.279000,get
6643,0.015661,0.723000,get
6644,0.015665,3.095000,put
6645,0.015666,0.669000,get
6646,0.015666,0.482000,get
6647,0.015667,0.454000,get
6648,0.015670,2.814000,get
6649,0.015673,2.613000,put
6650,0.015674,0.750000,get
6651,0.015675,0.279000,get
6652,0.015680,5.271000,put
6653,0.015681,0.340000,get
6654,0.015682,0.717000,get
6655,0.015682,0.279000,get
6656,0.015683,0.276000,get
6657,0.015683,0.274000,get
6658,0.015684,0.743000,get
6659,0.015685,0.639000,get
6660,0.015686,0.281000,get
6661,0.015687,1.062000,get
6662,0.015688,0.276000,get
6663,0.015689,0.532000,get
6664,0.015692,3.132000,put
6665,0.015695,2.638000,get
6666,0.015698,2.919000,put
6667,0.015699,0.515000,get
6668,0.015700,0.851000,get
6669,0.015701,0.597000,get
6670,0.015702,0.285000,get
6671,0.015705,2.881000,put
6672,0.015710,4.822000,put
6673,0.015713,2.737000,get
6674,0.015714,0.512000,get
6675,0.015717,2.951000,put
6676,0.015719,0.919000,get
6677,0.015722,3.022000,put
6678,0.015723,0.769000,get
6679,0.015726,2.955000,put
6680,0.015727,0.319000,get
6681,0.015729,1.920000,get
6682,0.015730,0.617000,get
6683,0.015736,5.436000,put
6684,0.015738,1.952000,get
6685,0.015739,0.540000,get
6686,0.015740,0.633000,get
6687,0.015743,2.645000,put
6688,0.015746,3.095000,put
6689,0.015747,0.528000,get
6690,0.015748,0.634000,get
6691,0.015751,2.927000,put
6692,0.015752,0.294000,get
6693,0.015753,0.517000,get
6694,0.015754,0.619000,get
6695,0.015754,0.282000,get
6696,0.015755,0.768000,get
6697,0.015756,0.749000,get
6698,0.015758,1.032000,get
6699,0.015765,6.985000,put
6700,0.015766,0.553000,get
6701,0.015769,2.895000,put
6702,0.015770,0.695000,get
6703,0.015773,2.377000,get
6704,0.015774,0.610000,get
6705,0.015777,2.695000,put
6706,0.015780,2.858000,put
6707,0.015783,2.668000,get
6708,0.015785,1.981000,get
6709,0.015786,0.293000,get
6710,0.015787,0.528000,get
6711,0.015787,0.289000,get
6712,0.015788,0.767000,get
6713,0.015794,5.290000,put
6714,0.015795,0.562000,get
6715,0.015796,0.668000,get
6716,0.015796,0.291000,get
6717,0.015797,0.711000,get
6718,0.015801,3.306000,get
6719,0.015802,0.841000,get
6720,0.015803,0.647000,get
6721,0.015804,0.494000,get
6722,0.015804,0.291000,get
6723,0.015805,0.486000,get
6724,0.015806,0.676000,get
6725,0.015810,3.089000,put
6726,0.015813,2.961000,put
6727,0.015816,2.780000,get
6728,0.015817,0.629000,get
6729,0.015820,2.731000,put
6730,0.015821,0.615000,get
6731,0.015822,0.650000,get
6732,0.015827,4.653000,put
6733,0.015828,0.813000,get
6734,0.015829,0.572000,get
6735,0.015833,4.260000,get
6736,0.015835,0.715000,get
6737,0.015835,0.630000,get
6738,0.015836,0.637000,get
6739,0.015840,2.901000,put
6740,0.015841,0.721000,get
6741,0.015845,4.048000,get
6742,0.015849,3.354000,put
6743,0.015850,0.324000,get
6744,0.015855,5.218000,put
6745,0.015856,0.337000,get
6746,0.015856,0.283000,get
6747,0.015859,2.673000,put
6748,0.015860,0.290000,get
6749,0.015860,0.279000,get
6750,0.015864,2.823000,put
6751,0.015867,2.844000,get
6752,0.015868,0.821000,get
6753,0.015871,3.097000,put
6754,0.015872,0.649000,get
6755,0.015873,0.281000,get
6756,0.015874,0.769000,get
6757,0.015875,0.642000,get
6758,0.015878,2.516000,get
6759,0.015879,0.678000,get
6760,0.015880,0.932000,get
6761,0.015881,0.677000,get
6762,0.015882,0.507000,get
6763,0.015883,1.404000,get
6764,0.015884,0.616000,get
6765,0.015885,0.617000,get
6766,0.015886,0.705000,get
6767,0.015887,0.575000,get
6768,0.015888,0.710000,get
6769,0.015889,0.634000,get
6770,0.015890,0.621000,get
6771,0.015892,1.645000,get
6772,0.015893,0.731000,get
6773,0.015894,0.634000,get
6774,0.015894,0.281000,get
6775,0.015903,7.780000,get
6776,0.015904,0.628000,get
6777,0.015905,0.609000,get
6778,0.015905,0.554000,get
6779,0.015910,3.704000,get
6780,0.015910,0.583000,get
6781,0.015911,0.703000,get
6782,0.015914,1.777000,get
6783,0.015919,4.843000,put
6784,0.015920,0.506000,get
6785,0.015920,0.621000,get
6786,0.015925,4.190000,get
6787,0.015926,0.485000,get
6788,0.015927,0.518000,get
6789,0.015928,0.769000,get
6790,0.015929,0.526000,get
6791,0.015930,0.569000,get
6792,0.015933,3.076000,put
6793,0.015934,0.934000,get
6794,0.015935,0.789000,get
6795,0.015936,0.594000,get
6796,0.015939,3.052000,put
6797,0.015940,0.299000,get
6798,0.015941,0.505000,get
6799,0.015944,2.385000,get
6800,0.015947,2.766000,get
6801,0.015950,2.996000,put
6802,0.015953,2.809000,get
6803,0.015954,0.824000,get
6804,0.015960,5.317000,put
6805,0.015963,2.499000,get
6806,0.015963,0.293000,get
6807,0.015964,0.622000,get
6808,0.015965,0.294000,get
6809,0.015966,0.466000,get
6810,0.015969,3.166000,get
6811,0.015970,0.656000,get
6812,0.015971,0.678000,get
6813,0.015975,3.078000,put
6814,0.015976,0.702000,get
6815,0.015977,0.621000,get
6816,0.015977,0.538000,get
6817,0.015981,2.994000,get
6818,0.015981,0.284000,get
6819,0.015982,0.675000,get
6820,0.015986,3.269000,put
6821,0.015987,0.754000,get
6822,0.015988,0.630000,get
6823,0.015989,0.630000,get
6824,0.015990,0.648000,get
6825,0.015991,0.674000,get
6826,0.015992,0.746000,get
6827,0.015995,2.495000,put
6828,0.015996,0.549000,get
6829,0.015996,0.585000,get
6830,0.015997,0.444000,get
6831,0.016003,5.370000,put
6832,0.016003,0.327000,get
6833,0.016004,0.556000,get
6834,0.016005,0.637000,get
6835,0.016008,2.863000,put
6836,0.016009,0.607000,get
6837,0.016010,0.676000,get
6838,0.016011,0.529000,get
6839,0.016012,0.512000,get
6840,0.016013,0.624000,get
6841,0.016014,0.729000,get
6842,0.016014,0.503000,get
6843,0.016018,2.979000,put
6844,0.016021,2.950000,put
6845,0.016022,0.307000,get
6846,0.016028,5.962000,put
6847,0.016029,0.558000,get
6848,0.016030,0.600000,get
6849,0.016030,0.281000,get
6850,0.016031,0.272000,get
6851,0.016034,2.576000,get
6852,0.016034,0.282000,get
6853,0.016037,2.756000,put
6854,0.016040,2.919000,put
6855,0.016044,2.754000,put
6856,0.016050,6.428000,put
6857,0.016051,0.542000,get
6858,0.016052,0.617000,get
6859,0.016053,0.694000,get
6860,0.016054,0.618000,get
6861,0.016057,2.814000,put
6862,0.016060,2.954000,get
6863,0.016064,3.201000,put
6864,0.016072,0.308000,get
6865,0.016073,0.666000,get
6866,0.016074,0.611000,get
6867,0.016077,2.954000,put
6868,0.016077,0.310000,get
6869,0.016078,0.274000,get
6870,0.016079,0.715000,get
6871,0.016080,0.607000,get
6872,0.016085,5.041000,put
6873,0.016089,3.233000,put
6874,0.016090,0.590000,get
6875,0.016091,0.853000,get
6876,0.016094,2.972000,put
6877,0.016100,5.373000,put
6878,0.016103,2.453000,put
6879,0.016104,0.709000,get
6880,0.016105,0.650000,get
6881,0.016106,0.686000,get
6882,0.016109,2.783000,put
6883,0.016110,0.645000,get
6884,0.016111,0.574000,get
6885,0.016111,0.279000,get
6886,0.016112,0.273000,get
6887,0.016115,3.056000,put
6888,0.016116,0.533000,get
6889,0.016117,0.615000,get
6890,0.016120,2.903000,get
6891,0.016121,0.591000,get
6892,0.016122,0.777000,get
6893,0.016123,0.775000,get
6894,0.016124,0.730000,get
6895,0.016125,0.731000,get
6896,0.016131,5.398000,put
6897,0.016135,3.316000,put
6898,0.016136,0.798000,get
6899,0.016137,0.725000,get
6900,0.016138,0.443000,get
6901,0.016138,0.288000,get
6902,0.016142,2.954000,put
6903,0.016143,0.996000,get
6904,0.016144,0.558000,get
6905,0.016144,0.303000,get
6906,0.016145,0.567000,get
6907,0.016146,0.530000,get
6908,0.016147,0.481000,get
6909,0.016149,1.861000,get
6910,0.016152,2.779000,put
6911,0.016153,1.113000,get
6912,0.016154,0.637000,get
6913,0.016155,0.535000,get
6914,0.016156,0.514000,get
6915,0.016161,4.875000,put
6916,0.016162,0.531000,get
6917,0.016166,3.603000,get
6918,0.016166,0.297000,get
6919,0.016168,0.951000,get
6920,0.016168,0.280000,get
6921,0.016169,0.486000,get
6922,0.016172,2.850000,put
6923,0.016175,2.497000,put
6924,0.016176,0.897000,get
6925,0.016177,0.283000,get
6926,0.016180,2.999000,put
6927,0.016181,0.665000,get
6928,0.016186,5.173000,put
6929,0.016188,0.737000,get
6930,0.016188,0.518000,get
6931,0.016189,0.589000,get
6932,0.016193,3.580000,put
6933,0.016194,0.949000,get
6934,0.016196,1.101000,get
6935,0.016199,2.560000,put
6936,0.016202,2.908000,put
6937,0.016203,0.691000,get
6938,0.016204,0.746000,get
6939,0.016205,0.284000,get
6940,0.016210,4.813000,put
6941,0.016213,2.903000,get
6942,0.016217,3.419000,get
6943,0.016222,4.099000,get
6944,0.016224,2.140000,get
6945,0.016225,0.299000,get
6946,0.016228,3.274000,put
6947,0.016229,0.568000,get
6948,0.016230,0.596000,get
6949,0.016231,0.876000,get
6950,0.016235,3.005000,put
6951,0.016235,0.531000,get
6952,0.016236,0.284000,get
6953,0.016239,2.615000,put
6954,0.016240,0.624000,get
6955,0.016241,0.549000,get
6956,0.016241,0.618000,get
6957,0.016242,0.592000,get
6958,0.016243,0.464000,get
6959,0.016246,2.603000,get
6960,0.016250,3.909000,get
6961,0.016251,0.634000,get
6962,0.016252,0.287000,get
6963,0.016258,6.511000,put
6964,0.016262,2.930000,put
6965,0.016263,0.515000,get
6966,0.016263,0.571000,get
6967,0.016267,2.954000,put
6968,0.016268,0.562000,get
6969,0.016271,3.433000,get
6970,0.016278,6.573000,put
6971,0.016282,2.868000,put
6972,0.016283,0.726000,get
6973,0.016283,0.536000,get
6974,0.016284,0.503000,get
6975,0.016285,0.618000,get
6976,0.016286,0.312000,get
6977,0.016289,2.957000,put
6978,0.016290,0.503000,get
6979,0.016292,1.719000,get
6980,0.016293,0.846000,get
6981,0.016294,0.476000,get
6982,0.016294,0.483000,get
6983,0.016296,0.851000,get
6984,0.016296,0.317000,get
6985,0.016297,0.910000,get
6986,0.016298,0.274000,get
6987,0.016299,0.451000,get
6988,0.016299,0.539000,get
6989,0.016303,2.935000,put
6990,0.016304,0.540000,get
6991,0.016312,7.816000,get
6992,0.016317,5.303000,put
6993,0.016318,0.597000,get
6994,0.016322,2.834000,put
6995,0.016322,0.517000,get
6996,0.016323,0.289000,get
6997,0.016324,0.566000,get
6998,0.016324,0.277000,get
6999,0.016326,0.976000,get
7000,0.016327,0.860000,get
7001,0.016328,0.779000,get
7002,0.016330,1.910000,get
7003,0.016331,0.291000,get
7004,0.016332,0.539000,get
7005,0.016334,2.377000,get
7006,0.016335,0.635000,get
7007,0.016336,0.283000,get
7008,0.016337,0.524000,get
7009,0.016337,0.280000,get
7010,0.016349,11.112000,get
7011,0.016350,1.207000,get
7012,0.016354,3.132000,put
7013,0.016354,0.347000,get
7014,0.016358,2.875000,put
7015,0.016359,0.701000,get
7016,0.016360,0.614000,get
7017,0.016360,0.286000,get
7018,0.016361,0.732000,get
7019,0.016363,1.837000,get
7020,0.016369,5.339000,put
7021,0.016370,0.326000,get
7022,0.016370,0.592000,get
7023,0.016371,0.580000,get
7024,0.016372,0.280000,get
7025,0.016375,3.004000,put
7026,0.016378,2.950000,put
7027,0.016379,0.657000,get
7028,0.016383,2.941000,get
7029,0.016387,3.392000,put
7030,0.016387,0.320000,get
7031,0.016390,2.352000,get
7032,0.016390,0.287000,get
7033,0.016391,0.668000,get
7034,0.016393,1.298000,get
7035,0.016394,1.024000,get
7036,0.016395,0.287000,get
7037,0.016395,0.278000,get
7038,0.016396,0.482000,get
7039,0.016399,2.911000,get
7040,0.016405,4.776000,get
7041,0.016406,0.637000,get
7042,0.016406,0.554000,get
7043,0.016407,0.698000,get
7044,0.016412,4.592000,put
7045,0.016413,0.644000,get
7046,0.016416,2.575000,put
7047,0.016417,0.292000,get
7048,0.016419,2.374000,put
7049,0.016420,0.504000,get
7050,0.016421,0.284000,get
7051,0.016422,0.520000,get
7052,0.016425,2.793000,put
7053,0.016425,0.506000,get
7054,0.016426,0.697000,get
7055,0.016428,1.091000,get
7056,0.016434,5.280000,put
7057,0.016435,0.698000,get
7058,0.016436,0.767000,get
7059,0.016436,0.278000,get
7060,0.016437,0.566000,get
7061,0.016438,0.568000,get
7062,0.016439,0.920000,get
7063,0.016440,0.819000,get
7064,0.016444,3.133000,put
7065,0.016444,0.310000,get
7066,0.016445,0.469000,get
7067,0.016446,0.283000,get
7068,0.016446,0.548000,get
7069,0.016447,0.270000,get
7070,0.016448,0.490000,get
7071,0.016449,0.628000,get
7072,0.016450,0.613000,get
7073,0.016450,0.563000,get
7074,0.016453,2.630000,get
7075,0.016456,1.821000,get
7076,0.016457,0.862000,get
7077,0.016458,0.577000,get
7078,0.016458,0.478000,get
7079,0.016459,0.283000,get
7080,0.016462,3.036000,put
7081,0.016463,0.496000,get
7082,0.016464,0.548000,get
7083,0.016465,0.643000,get
7084,0.016465,0.279000,get
7085,0.016466,0.275000,get
7086,0.016467,0.729000,get
7087,0.016468,1.145000,get
7088,0.016471,2.440000,put
7089,0.016472,0.588000,get
7090,0.016473,0.285000,get
7091,0.016473,0.278000,get
7092,0.016474,0.515000,get
7093,0.016474,0.276000,get
7094,0.016475,0.487000,get
7095,0.016479,3.647000,get
7096,0.016485,5.331000,get
7097,0.016486,0.719000,get
7098,0.016487,0.487000,get
7099,0.016492,4.793000,put
7100,0.016493,0.830000,get
7101,0.016494,0.824000,get
7102,0.016495,0.500000,get
7103,0.016496,0.465000,get
7104,0.016497,0.632000,get
7105,0.016497,0.283000,get
7106,0.016498,0.284000,get
7107,0.016499,0.945000,get
7108,0.016502,2.952000,put
7109,0.016504,1.237000,get
7110,0.016505,0.645000,get
7111,0.016508,2.975000,put
7112,0.016514,5.248000,put
7113,0.016515,0.604000,get
7114,0.016516,0.665000,get
7115,0.016516,0.284000,get
7116,0.016517,0.701000,get
7117,0.016521,3.785000,get
7118,0.016522,0.295000,get
7119,0.016524,2.171000,get
7120,0.016525,0.517000,get
7121,0.016527,1.825000,get
7122,0.016530,2.095000,get
7123,0.016531,0.848000,get
7124,0.016532,0.553000,get
7125,0.016535,3.234000,get
7126,0.016536,0.473000,get
7127,0.016537,0.290000,get
7128,0.016538,0.506000,get
7129,0.016539,1.092000,get
7130,0.016540,0.462000,get
7131,0.016541,0.618000,get
7132,0.016542,0.861000,get
7133,0.016542,0.288000,get
7134,0.016543,0.580000,get
7135,0.016544,0.629000,get
7136,0.016547,2.591000,get
7137,0.016551,3.584000,get
7138,0.016552,0.531000,get
7139,0.016555,3.107000,put
7140,0.016558,2.870000,put
7141,0.016559,0.640000,get
7142,0.016560,0.295000,get
7143,0.016563,2.409000,put
7144,0.016564,0.668000,get
7145,0.016564,0.271000,get
7146,0.016565,0.278000,get
7147,0.016567,1.965000,get
7148,0.016573,5.795000,put
7149,0.016574,0.647000,get
7150,0.016575,0.689000,get
7151,0.016577,0.865000,get
7152,0.016580,2.657000,put
7153,0.016580,0.302000,get
7154,0.016588,6.985000,get
7155,0.016589,0.659000,get
7156,0.016589,0.569000,get
7157,0.016590,0.285000,get
7158,0.016593,3.183000,put
7159,0.016597,2.937000,put
7160,0.016598,0.682000,get
7161,0.016599,0.560000,get
7162,0.016600,0.850000,get
7163,0.016600,0.282000,get
7164,0.016601,0.751000,get
7165,0.016608,6.032000,put
7166,0.016611,3.087000,put
7167,0.016612,0.603000,get
7168,0.016618,5.402000,get
7169,0.016619,0.612000,get
7170,0.016620,0.571000,get
7171,0.016623,2.820000,put
7172,0.016624,0.531000,get
7173,0.016627,3.157000,get
7174,0.016628,0.283000,get
7175,0.016629,0.572000,get
7176,0.016639,2.622000,put
7177,0.016640,0.521000,get
7178,0.016645,4.871000,put
7179,0.016648,2.039000,get
7180,0.016651,2.680000,put
7181,0.016654,2.696000,get
7182,0.016654,0.301000,get
7183,0.016655,0.297000,get
7184,0.016659,4.184000,get
7185,0.016660,0.608000,get
7186,0.016664,2.979000,put
7187,0.016665,0.672000,get
7188,0.016666,0.648000,get
7189,0.016666,0.560000,get
7190,0.016667,0.475000,get
7191,0.016668,0.284000,get
7192,0.016669,0.784000,get
7193,0.016669,0.513000,get
7194,0.016670,0.285000,get
7195,0.016676,5.662000,get
7196,0.016679,2.843000,put
7197,0.016680,0.707000,get
7198,0.016683,1.901000,get
7199,0.016688,5.073000,put
7200,0.016689,0.525000,get
7201,0.016690,0.656000,get
7202,0.016691,0.811000,get
7203,0.016692,0.555000,get
7204,0.016695,2.806000,put
7205,0.016696,0.777000,get
7206,0.016698,1.613000,get
7207,0.016699,0.577000,get
7208,0.016702,2.959000,put
7209,0.016703,0.898000,get
7210,0.016704,0.295000,get
7211,0.016707,2.986000,put
7212,0.016712,4.953000,put
7213,0.016713,0.680000,get
7214,0.016715,0.874000,get
7215,0.016718,2.882000,put
7216,0.016718,0.308000,get
7217,0.016721,2.523000,put
7218,0.016722,0.297000,get
7219,0.016725,2.534000,put
7220,0.016725,0.296000,get
7221,0.016726,0.277000,get
7222,0.016727,0.761000,get
7223,0.016728,0.545000,get
7224,0.016728,0.622000,get
7225,0.016731,2.114000,get
7226,0.016732,0.544000,get
7227,0.016733,0.523000,get
7228,0.016733,0.534000,get
7229,0.016734,0.289000,get
7230,0.016735,0.645000,get
7231,0.016739,3.368000,get
7232,0.016741,1.861000,get
7233,0.016741,0.298000,get
7234,0.016742,0.761000,get
7235,0.016745,2.086000,get
7236,0.016746,0.515000,get
7237,0.016747,0.825000,get
7238,0.016747,0.288000,get
7239,0.016748,0.671000,get
7240,0.016753,4.569000,put
7241,0.016754,0.553000,get
7242,0.016755,0.535000,get
7243,0.016756,0.514000,get
7244,0.016758,2.547000,put
7245,0.016760,0.708000,get
7246,0.016760,0.617000,get
7247,0.016762,0.779000,get
7248,0.016762,0.549000,get
7249,0.016763,0.605000,get
7250,0.016767,3.264000,put
7251,0.016768,0.311000,get
7252,0.016777,9.095000,put
7253,0.016783,5.575000,get
7254,0.016784,0.298000,get
7255,0.016785,0.579000,get
7256,0.016785,0.612000,get
7257,0.016789,3.193000,put
7258,0.016792,2.865000,put
7259,0.016793,0.521000,get
7260,0.016794,0.278000,get
7261,0.016795,1.013000,get
7262,0.016796,0.634000,get
7263,0.016800,3.247000,get
7264,0.016800,0.591000,get
7265,0.016801,0.283000,get
7266,0.016802,0.838000,get
7267,0.016804,1.947000,get
7268,0.016808,3.216000,put
7269,0.016809,0.303000,get
7270,0.016810,0.691000,get
7271,0.016810,0.518000,get
7272,0.016811,0.589000,get
7273,0.016818,6.303000,put
7274,0.016819,0.538000,get
7275,0.016821,1.919000,get
7276,0.016824,2.989000,put
7277,0.016825,0.756000,get
7278,0.016826,0.285000,get
7279,0.016827,0.505000,get
7280,0.016828,0.697000,get
7281,0.016830,1.925000,get
7282,0.016831,0.624000,get
7283,0.016833,1.496000,get
7284,0.016834,0.592000,get
7285,0.016835,0.880000,get
7286,0.016836,0.621000,get
7287,0.016836,0.285000,get
7288,0.016839,2.853000,put
7289,0.016843,2.862000,put
7290,0.016843,0.585000,get
7291,0.016844,0.280000,get
7292,0.016845,0.663000,get
7293,0.016846,0.582000,get
7294,0.016847,0.564000,get
7295,0.016848,0.758000,get
7296,0.016852,3.839000,get
7297,0.016853,0.296000,get
7298,0.016858,5.007000,put
7299,0.016861,2.588000,put
7300,0.016862,0.601000,get
7301,0.016863,0.641000,get
7302,0.016864,0.882000,get
7303,0.016867,2.754000,put
7304,0.016868,0.703000,get
7305,0.016869,0.797000,get
7306,0.016871,2.076000,get
7307,0.016872,0.679000,get
7308,0.016875,2.527000,get
7309,0.016877,1.421000,get
7310,0.016878,0.667000,get
7311,0.016879,0.283000,get
7312,0.016882,2.895000,get
7313,0.016883,0.552000,get
7314,0.016883,0.278000,get
7315,0.016887,3.034000,put
7316,0.016887,0.292000,get
7317,0.016889,1.759000,get
7318,0.016890,0.673000,get
7319,0.016891,0.513000,get
7320,0.016892,0.510000,get
7321,0.016893,0.608000,get
7322,0.016893,0.279000,get
7323,0.016894,0.269000,get
7324,0.016894,0.274000,get
7325,0.016895,0.534000,get
7326,0.016896,0.276000,get
7327,0.016897,0.547000,get
7328,0.016902,5.515000,put
7329,0.016905,2.530000,put
7330,0.016906,0.301000,get
7331,0.016909,2.807000,put
7332,0.016911,1.617000,get
7333,0.016914,2.887000,put
7334,0.016920,5.128000,put
7335,0.016924,3.530000,get
7336,0.016925,0.886000,get
7337,0.016926,0.772000,get
7338,0.016929,3.010000,put
7339,0.016930,0.767000,get
7340,0.016931,0.285000,get
7341,0.016931,0.280000,get
7342,0.016935,2.813000,get
7343,0.016936,0.591000,get
7344,0.016936,0.557000,get
7345,0.016939,2.519000,get
7346,0.016940,0.534000,get
7347,0.016941,0.549000,get
7348,0.016944,3.160000,put
7349,0.016948,2.999000,put
7350,0.016953,4.738000,put
7351,0.016954,0.662000,get
7352,0.016955,0.478000,get
7353,0.016958,2.971000,put
7354,0.016959,0.621000,get
7355,0.016962,2.532000,put
7356,0.016967,5.093000,put
7357,0.016968,0.644000,get
7358,0.016970,1.258000,get
7359,0.016970,0.531000,get
7360,0.016972,0.796000,get
7361,0.016976,3.877000,get
7362,0.016977,0.773000,get
7363,0.016978,0.293000,get
7364,0.016984,5.769000,get
7365,0.016985,0.532000,get
7366,0.016985,0.636000,get
7367,0.016989,3.024000,put
7368,0.016990,0.559000,get
7369,0.016992,2.504000,put
7370,0.016994,0.830000,get
7371,0.016994,0.640000,get
7372,0.016995,0.272000,get
7373,0.016996,0.608000,get
7374,0.016997,0.686000,get
7375,0.016998,0.581000,get
7376,0.017000,1.589000,get
7377,0.017001,0.593000,get
7378,0.017002,0.943000,get
7379,0.017003,0.680000,get
7380,0.017005,1.914000,get
7381,0.017006,0.287000,get
7382,0.017008,2.535000,put
7383,0.017009,0.720000,get
7384,0.017010,0.670000,get
7385,0.017013,2.461000,get
7386,0.017014,0.648000,get
7387,0.017016,1.947000,get
7388,0.017017,0.280000,get
7389,0.017018,1.034000,get
7390,0.017019,0.569000,get
7391,0.017020,0.496000,get
7392,0.017022,1.425000,get
7393,0.017023,0.486000,get
7394,0.017024,0.841000,get
7395,0.017025,0.707000,get
7396,0.017030,4.985000,put
7397,0.017031,0.638000,get
7398,0.017032,0.539000,get
7399,0.017033,0.726000,get
7400,0.017036,2.548000,put
7401,0.017038,2.498000,put
7402,0.017039,0.584000,get
7403,0.017040,0.272000,get
7404,0.017043,3.063000,put
7405,0.017044,0.518000,get
7406,0.017045,0.581000,get
7407,0.017046,0.644000,get
7408,0.017048,1.836000,get
7409,0.017050,2.027000,get
7410,0.017051,0.502000,get
7411,0.017052,0.603000,get
7412,0.017055,2.432000,get
7413,0.017060,5.292000,put
7414,0.017064,3.077000,put
7415,0.017067,2.841000,put
7416,0.017068,0.692000,get
7417,0.017069,0.518000,get
7418,0.017072,3.050000,put
7419,0.017073,0.321000,get
7420,0.017078,5.104000,put
7421,0.017082,2.722000,put
7422,0.017085,2.959000,put
7423,0.017088,2.689000,put
7424,0.017089,0.716000,get
7425,0.017090,0.531000,get
7426,0.017091,0.524000,get
7427,0.017091,0.641000,get
7428,0.017092,0.519000,get
7429,0.017093,0.275000,get
7430,0.017097,3.448000,get
7431,0.017098,0.765000,get
7432,0.017100,2.453000,get
7433,0.017102,1.337000,get
7434,0.017103,0.573000,get
7435,0.017104,0.641000,get
7436,0.017105,0.572000,get
7437,0.017106,0.595000,get
7438,0.017107,0.902000,get
7439,0.017113,5.330000,put
7440,0.017114,0.681000,get
7441,0.017114,0.612000,get
7442,0.017122,7.007000,get
7443,0.017125,3.122000,put
7444,0.017126,0.660000,get
7445,0.017127,0.559000,get
7446,0.017128,0.298000,get
7447,0.017129,0.496000,get
7448,0.017130,0.884000,get
7449,0.017131,0.669000,get
7450,0.017132,0.583000,get
7451,0.017133,0.758000,get
7452,0.017133,0.551000,get
7453,0.017134,0.710000,get
7454,0.017135,0.486000,get
7455,0.017139,3.076000,put
7456,0.017139,0.598000,get
7457,0.017141,0.770000,get
7458,0.017141,0.279000,get
7459,0.017143,1.862000,get
7460,0.017144,0.552000,get
7461,0.017148,3.020000,put
7462,0.017152,3.709000,get
7463,0.017153,0.668000,get
7464,0.017154,0.635000,get
7465,0.017156,1.777000,get
7466,0.017162,5.613000,put
7467,0.017166,3.651000,get
7468,0.017167,0.805000,get
7469,0.017168,0.535000,get
7470,0.017170,1.783000,get
7471,0.017173,2.867000,put
7472,0.017174,0.604000,get
7473,0.017175,0.582000,get
7474,0.017188,12.448000,put
7475,0.017190,2.229000,get
7476,0.017191,0.497000,get
7477,0.017197,5.891000,put
7478,0.017198,0.324000,get
7479,0.017199,0.632000,get
7480,0.017200,0.496000,get
7481,0.017202,2.525000,put
7482,0.017203,0.303000,get
7483,0.017204,0.595000,get
7484,0.017205,0.586000,get
7485,0.017205,0.279000,get
7486,0.017209,3.080000,put
7487,0.017210,0.676000,get
7488,0.017219,2.140000,get
7489,0.017220,0.291000,get
7490,0.017221,0.718000,get
7491,0.017224,2.828000,get
7492,0.017227,2.637000,put
7493,0.017228,0.298000,get
7494,0.017233,4.892000,put
7495,0.017236,3.078000,put
7496,0.017240,2.858000,put
7497,0.017241,0.861000,get
7498,0.017242,0.542000,get
7499,0.017242,0.515000,get
7500,0.017246,3.164000,put
7501,0.017251,5.180000,put
7502,0.017252,0.696000,get
7503,0.017253,0.681000,get
7504,0.017255,0.853000,get
7505,0.017256,0.611000,get
7506,0.017258,2.454000,get
7507,0.017259,0.580000,get
7508,0.017260,0.648000,get
7509,0.017261,0.553000,get
7510,0.017262,0.525000,get
7511,0.017265,3.195000,get
7512,0.017266,0.516000,get
7513,0.017267,0.534000,get
7514,0.017270,2.721000,get
7515,0.017272,1.218000,get
7516,0.017275,3.223000,put
7517,0.017276,0.709000,get
7518,0.017277,0.548000,get
7519,0.017280,2.813000,get
7520,0.017283,2.718000,put
7521,0.017284,0.655000,get
7522,0.017285,0.642000,get
7523,0.017286,0.548000,get
7524,0.017287,0.829000,get
7525,0.017288,0.646000,get
7526,0.017289,0.287000,get
7527,0.017290,0.534000,get
7528,0.017293,3.025000,put
7529,0.017296,2.637000,get
7530,0.017299,2.576000,get
7531,0.017300,0.661000,get
7532,0.017301,0.714000,get
7533,0.017302,0.589000,get
7534,0.017303,0.617000,get
7535,0.017307,4.559000,put
7536,0.017309,0.745000,get
7537,0.017310,1.059000,get
7538,0.017311,0.573000,get
7539,0.017311,0.273000,get
7540,0.017312,0.466000,get
7541,0.017313,0.770000,get
7542,0.017314,0.278000,get
7543,0.017317,3.006000,put
7544,0.017318,0.581000,get
7545,0.017319,0.713000,get
7546,0.017320,0.471000,get
7547,0.017323,2.642000,get
7548,0.017324,0.559000,get
7549,0.017327,3.040000,put
7550,0.017330,2.850000,get
7551,0.017333,3.013000,put
7552,0.017340,6.276000,put
7553,0.017343,2.165000,get
7554,0.017346,2.929000,put
7555,0.017347,0.798000,get
7556,0.017348,0.634000,get
7557,0.017351,2.895000,get
7558,0.017354,2.040000,get
7559,0.017356,2.369000,get
7560,0.017357,0.625000,get
7561,0.017358,0.633000,get
7562,0.017359,0.706000,get
7563,0.017360,0.565000,get
7564,0.017361,0.767000,get
7565,0.017362,0.601000,get
7566,0.017363,0.610000,get
7567,0.017366,2.912000,put
7568,0.017369,2.663000,put
7569,0.017370,0.290000,get
7570,0.017370,0.276000,get
7571,0.017371,0.658000,get
7572,0.017376,4.789000,put
7573,0.017377,0.740000,get
7574,0.017378,0.586000,get
7575,0.017379,0.273000,get
7576,0.017382,3.031000,put
7577,0.017383,0.301000,get
7578,0.017383,0.565000,get
7579,0.017386,2.694000,put
7580,0.017390,2.992000,put
7581,0.017395,4.527000,put
7582,0.017396,0.688000,get
7583,0.017396,0.274000,get
7584,0.017397,0.618000,get
7585,0.017399,1.362000,get
7586,0.017401,1.962000,get
7587,0.017404,2.990000,put
7588,0.017405,0.328000,get
7589,0.017408,2.976000,put
7590,0.017409,0.521000,get
7591,0.017410,0.524000,get
7592,0.017411,0.714000,get
7593,0.017412,0.667000,get
7594,0.017413,0.648000,get
7595,0.017413,0.275000,get
7596,0.017419,5.614000,put
7597,0.017421,0.974000,get
7598,0.017422,0.651000,get
7599,0.017422,0.600000,get
7600,0.017423,0.275000,get
7601,0.017424,0.529000,get
7602,0.017427,2.866000,put
7603,0.017428,0.297000,get
7604,0.017431,3.059000,put
7605,0.017432,0.650000,get
7606,0.017435,2.955000,put
7607,0.017436,0.741000,get
7608,0.017437,0.281000,get
7609,0.017439,1.691000,get
7610,0.017442,2.529000,get
7611,0.017446,3.449000,get
7612,0.017446,0.617000,get
7613,0.017447,0.281000,get
7614,0.017448,0.696000,get
7615,0.017448,0.274000,get
7616,0.017449,0.511000,get
7617,0.017450,0.648000,get
7618,0.017456,5.429000,put
7619,0.017456,0.321000,get
7620,0.017457,0.659000,get
7621,0.017459,1.321000,get
7622,0.017460,0.707000,get
7623,0.017461,0.779000,get
7624,0.017462,0.624000,get
7625,0.017463,0.638000,get
7626,0.017464,0.282000,get
7627,0.017467,2.931000,put
7628,0.017468,0.739000,get
7629,0.017469,0.537000,get
7630,0.017470,0.685000,get
7631,0.017471,0.497000,get
7632,0.017474,2.873000,put
7633,0.017477,2.472000,put
7634,0.017482,4.956000,put
7635,0.017485,2.891000,put
7636,0.017486,0.698000,get
7637,0.017490,3.076000,get
7638,0.017491,0.851000,get
7639,0.017492,1.106000,get
7640,0.017495,2.737000,put
7641,0.017498,2.545000,get
7642,0.017501,2.786000,put
7643,0.017502,0.729000,get
7644,0.017508,5.063000,put
7645,0.017508,0.341000,get
7646,0.017509,0.596000,get
7647,0.017513,2.822000,get
7648,0.017515,2.559000,put
7649,0.017516,0.687000,get
7650,0.017520,2.909000,put
7651,0.017521,0.710000,get
7652,0.017521,0.555000,get
7653,0.017522,0.577000,get
7654,0.017523,0.527000,get
7655,0.017524,0.485000,get
7656,0.017524,0.287000,get
7657,0.017526,0.792000,get
7658,0.017529,2.750000,put
7659,0.017529,0.309000,get
7660,0.017530,0.277000,get
7661,0.017531,0.998000,get
7662,0.017534,2.433000,get
7663,0.017539,4.674000,put
7664,0.017542,2.653000,put
7665,0.017542,0.308000,get
7666,0.017543,0.287000,get
7667,0.017546,3.028000,put
7668,0.017547,0.609000,get
7669,0.017548,0.552000,get
7670,0.017549,0.981000,get
7671,0.017550,0.708000,get
7672,0.017554,3.358000,get
7673,0.017555,0.766000,get
7674,0.017556,0.951000,get
7675,0.017557,0.666000,get
7676,0.017560,2.653000,put
7677,0.017561,0.699000,get
7678,0.017562,0.903000,get
7679,0.017568,5.322000,put
7680,0.017569,0.621000,get
7681,0.017570,0.518000,get
7682,0.017570,0.300000,get
7683,0.017572,1.595000,get
7684,0.017576,3.008000,put
7685,0.017577,0.539000,get
7686,0.017578,1.384000,get
7687,0.017579,0.824000,get
7688,0.017586,6.296000,get
7689,0.017587,0.792000,get
7690,0.017591,3.046000,put
7691,0.017596,4.898000,put
7692,0.017597,0.739000,get
7693,0.017597,0.283000,get
7694,0.017602,3.844000,get
7695,0.017602,0.295000,get
7696,0.017603,0.646000,get
7697,0.017607,3.265000,put
7698,0.017611,3.624000,get
7699,0.017612,0.574000,get
7700,0.017613,0.710000,get
7701,0.017614,0.677000,get
7702,0.017615,1.077000,get
7703,0.017619,3.140000,put
7704,0.017620,0.735000,get
7705,0.017621,0.930000,get
7706,0.017625,3.767000,get
7707,0.017629,3.129000,put
7708,0.017629,0.313000,get
7709,0.017630,0.663000,get
7710,0.017631,0.753000,get
7711,0.017632,0.819000,get
7712,0.017636,3.843000,get
7713,0.017641,4.590000,put
7714,0.017642,0.331000,get
7715,0.017643,0.657000,get
7716,0.017643,0.280000,get
7717,0.017644,0.562000,get
7718,0.017647,1.908000,get
7719,0.017647,0.530000,get
7720,0.017649,0.949000,get
7721,0.017649,0.287000,get
7722,0.017650,0.270000,get
7723,0.017651,0.663000,get
7724,0.017654,3.096000,put
7725,0.017658,3.075000,put
7726,0.017659,0.729000,get
7727,0.017660,0.691000,get
7728,0.017662,2.441000,put
7729,0.017663,0.729000,get
7730,0.017669,5.200000,put
7731,0.017672,3.102000,put
7732,0.017673,0.306000,get
7733,0.017676,2.951000,get
7734,0.017677,0.699000,get
7735,0.017678,0.280000,get
7736,0.017681,3.111000,put
7737,0.017684,2.248000,get
7738,0.017685,0.677000,get
7739,0.017685,0.292000,get
7740,0.017686,0.562000,get
7741,0.017687,0.280000,get
7742,0.017688,0.493000,get
7743,0.017689,0.860000,get
7744,0.017690,0.540000,get
7745,0.017690,0.284000,get
7746,0.017691,0.645000,get
7747,0.017692,0.278000,get
7748,0.017695,2.677000,put
7749,0.017695,0.599000,get
7750,0.017701,5.051000,put
7751,0.017702,0.580000,get
7752,0.017703,0.595000,get
7753,0.017703,0.497000,get
7754,0.017704,0.530000,get
7755,0.017705,0.532000,get
7756,0.017705,0.281000,get
7757,0.017707,1.454000,get
7758,0.017710,2.459000,get
7759,0.017711,0.763000,get
7760,0.017715,3.119000,put
7761,0.017716,0.708000,get
7762,0.017716,0.291000,get
7763,0.017717,0.663000,get
7764,0.017718,0.596000,get
7765,0.017719,0.283000,get
7766,0.017721,2.012000,get
7767,0.017722,0.902000,get
7768,0.017725,2.613000,put
7769,0.017726,0.288000,get
7770,0.017729,3.324000,put
7771,0.017732,2.420000,get
7772,0.017733,0.618000,get
7773,0.017734,0.687000,get
7774,0.017735,0.878000,get
7775,0.017736,0.739000,get
7776,0.017740,3.538000,get
7777,0.017746,5.427000,put
7778,0.017747,0.629000,get
7779,0.017751,3.457000,put
7780,0.017752,0.721000,get
7781,0.017753,0.642000,get
7782,0.017754,0.666000,get
7783,0.017758,3.602000,get
7784,0.017760,2.173000,get
7785,0.017761,0.804000,get
7786,0.017762,0.610000,get
7787,0.017765,2.139000,get
7788,0.017768,2.965000,put
7789,0.017769,0.549000,get
7790,0.017770,0.735000,get
7791,0.017771,0.503000,get
7792,0.017771,0.451000,get
7793,0.017775,3.020000,get
7794,0.017775,0.293000,get
7795,0.017776,0.664000,get
7796,0.017777,0.657000,get
7797,0.017778,0.695000,get
7798,0.017779,0.564000,get
7799,0.017782,3.008000,get
7800,0.017791,0.586000,get
7801,0.017792,0.593000,get
7802,0.017795,2.966000,put
7803,0.017800,4.872000,put
7804,0.017801,0.337000,get
7805,0.017803,1.861000,get
7806,0.017803,0.291000,get
7807,0.017804,0.695000,get
7808,0.017805,0.650000,get
7809,0.017806,0.279000,get
7810,0.017807,0.487000,get
7811,0.017808,0.857000,get
7812,0.017810,2.083000,get
7813,0.017814,3.096000,put
7814,0.017817,2.709000,put
7815,0.017818,0.796000,get
7816,0.017818,0.285000,get
7817,0.017819,0.603000,get
7818,0.017822,2.296000,get
7819,0.017828,5.779000,put
7820,0.017830,1.097000,get
7821,0.017830,0.571000,get
7822,0.017833,1.802000,get
7823,0.017833,0.287000,get
7824,0.017837,3.193000,put
7825,0.017840,2.451000,get
7826,0.017840,0.503000,get
7827,0.017841,0.581000,get
7828,0.017842,0.689000,get
7829,0.017843,0.576000,get
7830,0.017844,0.529000,get
7831,0.017845,0.532000,get
7832,0.017848,2.813000,get
7833,0.017851,3.105000,put
7834,0.017852,0.656000,get
7835,0.017853,0.607000,get
7836,0.017856,3.010000,put
7837,0.017857,0.682000,get
7838,0.017858,0.526000,get
7839,0.017859,0.883000,get
7840,0.017860,0.283000,get
7841,0.017861,0.511000,get
7842,0.017862,0.688000,get
7843,0.017863,0.628000,get
7844,0.017864,0.678000,get
7845,0.017867,2.818000,get
7846,0.017868,0.646000,get
7847,0.017869,0.454000,get
7848,0.017869,0.638000,get
7849,0.017875,5.122000,put
7850,0.017876,0.828000,get
7851,0.017877,0.805000,get
7852,0.017882,4.081000,put
7853,0.017883,0.594000,get
7854,0.017885,1.928000,get
7855,0.017886,0.659000,get
7856,0.017887,0.289000,get
7857,0.017887,0.453000,get
7858,0.017888,0.686000,get
7859,0.017889,0.716000,get
7860,0.017890,0.275000,get
7861,0.017891,0.861000,get
7862,0.017892,0.653000,get
7863,0.017896,3.161000,put
7864,0.017896,0.653000,get
7865,0.017897,0.683000,get
7866,0.017898,0.557000,get
7867,0.017902,3.157000,put
7868,0.017902,0.304000,get
7869,0.017904,1.039000,get
7870,0.017904,0.294000,get
7871,0.017905,0.669000,get
7872,0.017908,2.789000,get
7873,0.017909,0.756000,get
7874,0.017913,3.137000,get
7875,0.017914,0.711000,get
7876,0.017915,0.688000,get
7877,0.017916,0.940000,get
7878,0.017917,0.285000,get
7879,0.017918,0.638000,get
7880,0.017923,4.735000,put
7881,0.017923,0.307000,get
7882,0.017926,2.898000,get
7883,0.017927,0.743000,get
7884,0.017928,0.638000,get
7885,0.017929,0.285000,get
7886,0.017932,2.974000,put
7887,0.017933,0.312000,get
7888,0.017934,0.646000,get
7889,0.017937,2.828000,put
7890,0.017940,2.806000,put
7891,0.017946,5.097000,put
7892,0.017947,0.834000,get
7893,0.017950,3.100000,put
7894,0.017951,0.674000,get
7895,0.017952,0.742000,get
7896,0.017955,2.774000,put
7897,0.017956,0.299000,get
7898,0.017957,0.652000,get
7899,0.017958,0.832000,get
7900,0.017959,0.618000,get
7901,0.017959,0.279000,get
7902,0.017967,7.534000,get
7903,0.017970,2.618000,put
7904,0.017973,1.893000,get
7905,0.017974,0.702000,get
7906,0.017974,0.577000,get
7907,0.017975,0.565000,get
7908,0.017981,5.897000,put
7909,0.017985,3.076000,put
7910,0.017985,0.324000,get
7911,0.017989,2.678000,put
7912,0.017989,0.681000,get
7913,0.017990,0.572000,get
7914,0.017991,0.531000,get
7915,0.017995,3.190000,get
7916,0.017996,0.983000,get
7917,0.017997,0.835000,get
7918,0.017998,0.563000,get
7919,0.017999,0.633000,get
7920,0.018002,2.835000,put
7921,0.018003,0.654000,get
7922,0.018004,0.282000,get
7923,0.018006,1.719000,get
7924,0.018010,3.655000,get
7925,0.018010,0.296000,get
7926,0.018016,4.959000,put
7927,0.018017,0.748000,get
7928,0.018018,0.659000,get
7929,0.018019,0.279000,get
7930,0.018020,0.822000,get
7931,0.018023,2.857000,put
7932,0.018024,0.624000,get
7933,0.018025,0.626000,get
7934,0.018028,3.053000,put
7935,0.018029,0.313000,get
7936,0.018030,1.290000,get
7937,0.018031,0.645000,get
7938,0.018034,2.714000,put
7939,0.018035,0.298000,get
7940,0.018036,0.582000,get
7941,0.018041,4.609000,put
7942,0.018043,1.926000,get
7943,0.018046,3.047000,put
7944,0.018048,0.752000,get
7945,0.018048,0.555000,get
7946,0.018050,0.898000,get
7947,0.018050,0.499000,get
7948,0.018051,0.540000,get
7949,0.018054,2.036000,get
7950,0.018054,0.628000,get
7951,0.018112,57.642000,put
7952,0.018114,0.694000,get
7953,0.018170,55.711000,put
7954,0.018172,2.068000,put
7955,0.018173,0.856000,get
7956,0.018178,4.510000,put
7957,0.018181,2.303000,get
7958,0.018182,1.022000,get
7959,0.018183,0.664000,get
7960,0.018184,0.586000,get
7961,0.018185,0.768000,get
7962,0.018187,2.041000,put
7963,0.018189,1.805000,put
7964,0.018190,0.173000,get
7965,0.018190,0.119000,get
7966,0.018190,0.120000,get
7967,0.018191,0.612000,get
7968,0.018192,0.525000,get
7969,0.018193,0.642000,get
7970,0.018193,0.535000,get
7971,0.018194,0.149000,get
7972,0.018194,0.478000,get
7973,0.018197,2.134000,put
7974,0.018197,0.498000,get
7975,0.018198,0.426000,get
7976,0.018202,3.776000,put
7977,0.018203,0.624000,get
7978,0.018204,1.439000,get
7979,0.018205,0.135000,get
7980,0.018206,0.542000,get
7981,0.018206,0.748000,get
7982,0.018207,0.162000,get
7983,0.018207,0.131000,get
7984,0.018208,0.852000,get
7985,0.018209,0.615000,get
7986,0.018209,0.168000,get
7987,0.018212,2.104000,get
7988,0.018213,0.581000,get
7989,0.018214,1.381000,get
7990,0.018215,0.607000,get
7991,0.018216,0.483000,get
7992,0.018218,2.447000,put
7993,0.018220,1.902000,put
7994,0.018221,0.644000,get
7995,0.018224,1.893000,put
7996,0.018224,0.178000,get
7997,0.018227,3.363000,put
7998,0.018229,1.606000,get
7999,0.018231,1.857000,put
8000,0.018232,0.618000,get
8001,0.018233,0.203000,get
8002,0.018233,0.443000,get
8003,0.018234,0.133000,get
8004,0.018234,0.156000,get
8005,0.018234,0.153000,get
8006,0.018235,0.561000,get
8007,0.018236,0.467000,get
8008,0.018238,2.426000,get
8009,0.018239,0.560000,get
8010,0.018241,1.978000,get
8011,0.018246,3.752000,get
8012,0.018246,0.158000,get
8013,0.018246,0.175000,get
8014,0.018247,0.648000,get
8015,0.018247,0.132000,get
8016,0.018250,2.750000,put
8017,0.018251,0.144000,get
8018,0.018251,0.171000,get
8019,0.018252,0.582000,get
8020,0.018255,2.554000,get
8021,0.018257,2.213000,get
8022,0.018258,0.175000,get
8023,0.018260,2.107000,put
8024,0.018260,0.200000,get
8025,0.018261,0.552000,get
8026,0.018263,1.427000,get
8027,0.018269,5.951000,put
8028,0.018270,0.571000,get
8029,0.018271,0.643000,get
8030,0.018273,2.438000,put
8031,0.018274,0.224000,get
8032,0.018274,0.171000,get
8033,0.018275,0.221000,get
8034,0.018277,2.014000,put
8035,0.018281,3.551000,get
8036,0.018284,3.059000,put
8037,0.018285,0.614000,get
8038,0.018286,0.532000,get
8039,0.018286,0.159000,get
8040,0.018286,0.224000,get
8041,0.018287,0.619000,get
8042,0.018292,4.243000,put
8043,0.018294,1.745000,get
8044,0.018295,0.514000,get
8045,0.018295,0.204000,get
8046,0.018296,0.497000,get
8047,0.018298,2.488000,put
8048,0.018301,2.212000,put
8049,0.018303,1.939000,get
8050,0.018304,0.678000,get
8051,0.018304,0.146000,get
8052,0.018305,0.588000,get
8053,0.018306,0.856000,get
8054,0.018307,0.137000,get
8055,0.018307,0.177000,get
8056,0.018308,1.250000,get
8057,0.018311,2.883000,put
8058,0.018312,0.152000,get
8059,0.018313,0.914000,get
8060,0.018313,0.140000,get
8061,0.018314,0.137000,get
8062,0.018314,0.494000,get
8063,0.018315,0.173000,get
8064,0.018315,0.515000,get
8065,0.018316,0.135000,get
8066,0.018319,2.526000,get
8067,0.018320,0.810000,get
8068,0.018324,4.457000,put
8069,0.018325,0.233000,get
8070,0.018326,0.503000,get
8071,0.018326,0.205000,get
8072,0.018327,0.501000,get
8073,0.018327,0.175000,get
8074,0.018330,2.342000,put
8075,0.018330,0.160000,get
8076,0.018331,0.782000,get
8077,0.018335,3.431000,get
8078,0.018335,0.246000,get
8079,0.018336,0.712000,get
8080,0.018336,0.137000,get
8081,0.018337,0.207000,get
8082,0.018340,2.933000,put
8083,0.018341,0.602000,get
8084,0.018341,0.458000,get
8085,0.018347,5.143000,put
8086,0.018347,0.208000,get
8087,0.018349,1.049000,get
8088,0.018349,0.223000,get
8089,0.018350,0.754000,get
8090,0.018351,0.684000,get
8091,0.018351,0.140000,get
8092,0.018352,0.622000,get
8093,0.018352,0.135000,get
8094,0.018356,3.143000,put
8095,0.018356,0.277000,get
8096,0.018357,0.620000,get
8097,0.018359,2.103000,put
8098,0.018360,0.629000,get
8099,0.018362,1.961000,get
8100,0.018363,0.207000,get
8101,0.018363,0.504000,get
8102,0.018364,0.573000,get
8103,0.018365,0.809000,get
8104,0.018366,0.478000,get
8105,0.018368,2.213000,get
8106,0.018369,0.230000,get
8107,0.018369,0.199000,get
8108,0.018370,0.176000,get
8109,0.018370,0.149000,get
8110,0.018370,0.234000,get
8111,0.018371,0.169000,get
8112,0.018376,0.208000,get
8113,0.018377,0.142000,get
8114,0.018377,0.172000,get
8115,0.018377,0.159000,get
8116,0.018378,0.160000,get
8117,0.018380,2.052000,get
8118,0.018380,0.161000,get
8119,0.018381,0.584000,get
8120,0.018382,0.798000,get
8121,0.018384,1.884000,get
8122,0.018385,0.820000,get
8123,0.018388,2.780000,put
8124,0.018389,0.189000,get
8125,0.018389,0.139000,get
8126,0.018389,0.139000,get
8127,0.018390,0.254000,get
8128,0.018391,0.687000,get
8129,0.018397,5.557000,put
8130,0.018400,3.438000,get
8131,0.018402,1.816000,get
8132,0.018403,0.528000,get
8133,0.018406,2.563000,put
8134,0.018408,1.908000,put
8135,0.018409,0.712000,get
8136,0.018417,7.530000,get
8137,0.018418,0.751000,get
8138,0.018418,0.139000,get
8139,0.018419,0.248000,get
8140,0.018421,2.572000,put
8141,0.018422,0.752000,get
8142,0.018423,0.140000,get
8143,0.018424,0.678000,get
8144,0.018424,0.403000,get
8145,0.018425,0.137000,get
8146,0.018430,4.733000,put
8147,0.018432,2.557000,get
8148,0.018433,0.190000,get
8149,0.018435,2.231000,put
8150,0.018438,2.174000,put
8151,0.018438,0.207000,get
8152,0.018441,2.438000,put
8153,0.018443,2.257000,get
8154,0.018444,0.651000,get
8155,0.018448,3.141000,get
8156,0.018452,4.133000,put
8157,0.018455,2.252000,get
8158,0.018455,0.146000,get
8159,0.018455,0.233000,get
8160,0.018456,0.138000,get
8161,0.018456,0.135000,get
8162,0.018457,0.514000,get
8163,0.018458,0.885000,get
8164,0.018458,0.187000,get
8165,0.018459,0.602000,get
8166,0.018460,0.743000,get
8167,0.018460,0.185000,get
8168,0.018461,0.614000,get
8169,0.018462,0.520000,get
8170,0.018463,0.664000,get
8171,0.018465,2.422000,put
8172,0.018466,0.679000,get
8173,0.018469,2.767000,get
8174,0.018471,1.620000,get
8175,0.018474,2.277000,put
8176,0.018479,4.998000,get
8177,0.018480,0.529000,get
8178,0.018480,0.139000,get
8179,0.018480,0.135000,get
8180,0.018484,2.842000,get
8181,0.018485,0.988000,get
8182,0.018485,0.142000,get
8183,0.018485,0.211000,get
8184,0.018486,0.593000,get
8185,0.018487,0.200000,get
8186,0.018487,0.141000,get
8187,0.018488,0.840000,get
8188,0.018490,1.265000,get
8189,0.018491,1.492000,get
8190,0.018494,2.529000,put
8191,0.018498,3.773000,put
8192,0.018499,0.176000,get
8193,0.018499,0.567000,get
8194,0.018500,0.203000,get
8195,0.018502,2.245000,put
8196,0.018503,0.208000,get
8197,0.018505,2.203000,put
8198,0.018505,0.156000,get
8199,0.018508,1.849000,put
8200,0.018508,0.155000,get
8201,0.018508,0.209000,get
8202,0.018509,0.203000,get
8203,0.018510,0.718000,get
8204,0.018515,5.625000,put
8205,0.018516,0.229000,get
8206,0.018516,0.138000,get
8207,0.018519,2.665000,put
8208,0.018522,2.533000,get
8209,0.018522,0.213000,get
8210,0.018523,0.491000,get
8211,0.018524,0.919000,get
8212,0.018526,2.059000,put
8213,0.018528,0.912000,get
8214,0.018529,0.677000,get
8215,0.018529,0.262000,get
8216,0.018530,0.767000,get
8217,0.018531,0.802000,get
8218,0.018536,4.383000,put
8219,0.018536,0.163000,get
8220,0.018539,2.501000,get
8221,0.018539,0.256000,get
8222,0.018542,2.562000,put
8223,0.018543,0.944000,get
8224,0.018544,0.810000,get
8225,0.018544,0.143000,get
8226,0.018545,0.209000,get
8227,0.018545,0.235000,get
8228,0.018547,0.877000,get
8229,0.018547,0.137000,get
8230,0.018547,0.213000,get
8231,0.018548,0.204000,get
8232,0.018549,0.716000,get
8233,0.018550,1.509000,get
8234,0.018551,0.709000,get
8235,0.018552,0.211000,get
8236,0.018554,2.460000,put
8237,0.018555,0.155000,get
8238,0.018556,0.827000,get
8239,0.018557,0.689000,get
8240,0.018557,0.269000,get
8241,0.018557,0.193000,get
8242,0.018561,3.186000,put
8243,0.018561,0.158000,get
8244,0.018565,3.605000,put
8245,0.018566,0.773000,get
8246,0.018569,2.510000,get
8247,0.018571,2.312000,get
8248,0.018574,2.769000,put
8249,0.018576,1.913000,get
8250,0.018578,1.641000,get
8251,0.018581,1.911000,put
8252,0.018583,2.555000,put
8253,0.018589,4.919000,put
8254,0.018589,0.324000,get
8255,0.018593,3.804000,get
8256,0.018597,3.066000,put
8257,0.018597,0.237000,get
8258,0.018597,0.199000,get
8259,0.018598,0.228000,get
8260,0.018599,0.926000,get
8261,0.018599,0.198000,get
8262,0.018600,0.667000,get
8263,0.018601,0.719000,get
8264,0.018602,0.145000,get
8265,0.018602,0.218000,get
8266,0.018603,0.340000,get
8267,0.018605,2.465000,put
8268,0.018606,0.899000,get
8269,0.018607,0.177000,get
8270,0.018607,0.270000,get
8271,0.018607,0.154000,get
8272,0.018608,0.228000,get
8273,0.018611,2.421000,put
8274,0.018611,0.502000,get
8275,0.018612,0.291000,get
8276,0.018615,3.164000,get
8277,0.018618,2.381000,get
8278,0.018621,2.418000,get
8279,0.018621,0.218000,get
8280,0.018623,2.205000,get
8281,0.018624,0.844000,get
8282,0.018625,0.143000,get
8283,0.018626,0.587000,get
8284,0.018632,6.035000,put
8285,0.018632,0.319000,get
8286,0.018633,0.140000,get
8287,0.018633,0.461000,get
8288,0.018634,0.212000,get
8289,0.018634,0.223000,get
8290,0.018635,0.669000,get
8291,0.018637,2.115000,put
8292,0.018638,0.599000,get
8293,0.018639,0.774000,get
8294,0.018642,2.656000,put
8295,0.018645,2.491000,get
8296,0.018645,0.271000,get
8297,0.018647,1.575000,get
8298,0.018648,0.461000,get
8299,0.018648,0.230000,get
8300,0.018651,2.538000,put
8301,0.018652,0.623000,get
8302,0.018653,0.602000,get
8303,0.018653,0.145000,get
8304,0.018655,1.597000,get
8305,0.018656,0.699000,get
8306,0.018660,4.417000,put
8307,0.018663,2.182000,put
8308,0.018663,0.232000,get
8309,0.018664,0.303000,get
8310,0.018664,0.141000,get
8311,0.018666,1.867000,put
8312,0.018667,0.239000,get
8313,0.018668,0.775000,get
8314,0.018668,0.143000,get
8315,0.018668,0.229000,get
8316,0.018669,0.211000,get
8317,0.018671,2.461000,put
8318,0.018673,1.173000,get
8319,0.018675,2.405000,get
8320,0.018681,5.192000,get
8321,0.018687,5.466000,put
8322,0.018687,0.265000,get
8323,0.018688,0.874000,get
8324,0.018689,0.559000,get
8325,0.018690,0.787000,get
8326,0.018691,0.433000,get
8327,0.018693,2.012000,get
8328,0.018696,2.518000,put
8329,0.018698,1.649000,get
8330,0.018698,0.311000,get
8331,0.018701,2.766000,put
8332,0.018702,1.048000,get
8333,0.018707,4.839000,put
8334,0.018709,0.823000,get
8335,0.018710,1.540000,get
8336,0.018712,1.862000,put
8337,0.018714,1.702000,put
8338,0.018717,2.609000,put
8339,0.018719,1.347000,get
8340,0.018719,0.151000,get
8341,0.018719,0.141000,get
8342,0.018721,1.032000,get
8343,0.018722,0.652000,get
8344,0.018722,0.223000,get
8345,0.018722,0.242000,get
8346,0.018727,4.054000,put
8347,0.018729,1.880000,put
8348,0.018732,2.641000,get
8349,0.018732,0.245000,get
8350,0.018733,0.151000,get
8351,0.018733,0.142000,get
8352,0.018735,2.080000,get
8353,0.018736,0.153000,get
8354,0.018741,4.983000,get
8355,0.018741,0.158000,get
8356,0.018742,0.848000,get
8357,0.018745,2.531000,put
8358,0.018746,0.737000,get
8359,0.018749,2.552000,put
8360,0.018751,1.729000,get
8361,0.018755,3.421000,put
8362,0.018757,2.570000,put
8363,0.018758,0.248000,get
8364,0.018758,0.154000,get
8365,0.018761,2.145000,put
8366,0.018762,0.816000,get
8367,0.018763,1.417000,get
8368,0.018766,2.393000,put
8369,0.018767,0.250000,get
8370,0.018768,0.714000,get
8371,0.018768,0.144000,get
8372,0.018768,0.137000,get
8373,0.018769,0.322000,get
8374,0.018769,0.233000,get
8375,0.018770,0.642000,get
8376,0.018776,5.360000,put
8377,0.018776,0.171000,get
8378,0.018776,0.143000,get
8379,0.018779,2.302000,put
8380,0.018780,0.674000,get
8381,0.018780,0.144000,get
8382,0.018780,0.215000,get
8383,0.018783,2.029000,get
8384,0.018784,0.695000,get
8385,0.018786,2.131000,get
8386,0.018789,3.090000,put
8387,0.018790,0.194000,get
8388,0.018792,2.215000,put
8389,0.018797,4.904000,put
8390,0.018800,2.107000,get
8391,0.018801,0.841000,get
8392,0.018801,0.191000,get
8393,0.018804,2.630000,put
8394,0.018805,0.292000,get
8395,0.018805,0.338000,get
8396,0.018806,0.248000,get
8397,0.018806,0.241000,get
8398,0.018806,0.265000,get
8399,0.018807,0.307000,get
8400,0.018807,0.153000,get
8401,0.018808,0.213000,get
8402,0.018808,0.242000,get
8403,0.018808,0.208000,get
8404,0.018811,2.203000,get
8405,0.018812,0.655000,get
8406,0.018813,0.715000,get
8407,0.018815,2.509000,get
8408,0.018818,2.765000,put
8409,0.018821,1.958000,put
8410,0.018823,2.086000,get
8411,0.018824,1.240000,get
8412,0.018830,5.009000,put
8413,0.018832,2.239000,put
8414,0.018835,2.340000,get
8415,0.018835,0.159000,get
8416,0.018838,2.118000,get
8417,0.018838,0.158000,get
8418,0.018838,0.149000,get
8419,0.018842,3.289000,put
8420,0.018842,0.171000,get
8421,0.018843,0.253000,get
8422,0.018845,1.514000,get
8423,0.018845,0.343000,get
8424,0.018852,1.231000,get
8425,0.018853,1.119000,get
8426,0.018854,0.302000,get
8427,0.018854,0.154000,get
8428,0.018857,2.297000,get
8429,0.018857,0.351000,get
8430,0.018860,2.808000,put
8431,0.018861,0.682000,get
8432,0.018861,0.213000,get
8433,0.018864,2.748000,get
8434,0.018865,0.208000,get
8435,0.018866,0.615000,get
8436,0.018876,9.785000,put
8437,0.018876,0.178000,get
8438,0.018876,0.246000,get
8439,0.018879,2.412000,put
8440,0.018880,0.299000,get
8441,0.018880,0.153000,get
8442,0.018880,0.230000,get
8443,0.018881,0.213000,get
8444,0.018881,0.144000,get
8445,0.018884,2.068000,put
8446,0.018885,0.817000,get
8447,0.018885,0.223000,get
8448,0.018888,2.807000,get
8449,0.018890,1.367000,get
8450,0.018890,0.218000,get
8451,0.018890,0.214000,get
8452,0.018894,3.445000,get
8453,0.018898,3.858000,get
8454,0.018899,0.159000,get
8455,0.018900,0.693000,get
8456,0.018900,0.307000,get
8457,0.018905,5.151000,put
8458,0.018906,0.178000,get
8459,0.018906,0.213000,get
8460,0.018907,0.335000,get
8461,0.018908,0.746000,get
8462,0.018910,2.270000,put
8463,0.018911,0.401000,get
8464,0.018911,0.263000,get
8465,0.018913,1.112000,get
8466,0.018915,2.379000,put
8467,0.018917,1.093000,get
8468,0.018920,3.317000,get
8469,0.018921,0.217000,get
8470,0.018921,0.152000,get
8471,0.018922,0.294000,get
8472,0.018924,2.315000,put
8473,0.018925,0.285000,get
8474,0.018925,0.150000,get
8475,0.018925,0.262000,get
8476,0.018928,1.842000,get
8477,0.018928,0.150000,get
8478,0.018930,2.071000,get
8479,0.018934,3.790000,put
8480,0.018936,1.817000,put
8481,0.018937,0.173000,get
8482,0.018938,0.791000,get
8483,0.018938,0.154000,get
8484,0.018938,0.219000,get
8485,0.018939,0.248000,get
8486,0.018942,2.656000,put
8487,0.018942,0.265000,get
8488,0.018945,2.682000,put
8489,0.018948,2.368000,get
8490,0.018948,0.286000,get
8491,0.018949,0.215000,get
8492,0.018950,0.734000,get
8493,0.018950,0.241000,get
8494,0.018950,0.301000,get
8495,0.018953,2.753000,get
8496,0.018955,0.893000,get
8497,0.018959,3.580000,get
8498,0.018963,4.283000,put
8499,0.018963,0.235000,get
8500,0.018966,2.012000,put
8501,0.018968,2.548000,put
8502,0.018969,0.325000,get
8503,0.018970,1.139000,get
8504,0.018973,2.525000,put
8505,0.018974,0.700000,get
8506,0.018975,0.755000,get
8507,0.018975,0.189000,get
8508,0.018979,3.389000,put
8509,0.018979,0.211000,get
8510,0.018980,0.390000,get
8511,0.018981,0.763000,get
8512,0.018981,0.214000,get
8513,0.018982,0.748000,get
8514,0.018983,0.231000,get
8515,0.018983,0.351000,get
8516,0.018984,0.186000,get
8517,0.018985,0.818000,get
8518,0.018986,0.963000,get
8519,0.018987,0.619000,get
8520,0.018987,0.208000,get
8521,0.018988,0.249000,get
8522,0.018990,2.355000,put
8523,0.018991,0.191000,get
8524,0.018991,0.176000,get
8525,0.018991,0.302000,get
8526,0.018994,1.990000,get
8527,0.018997,2.824000,put
8528,0.019001,3.831000,get
8529,0.019002,0.311000,get
8530,0.019003,0.723000,get
8531,0.019005,2.597000,put
8532,0.019006,0.208000,get
8533,0.019006,0.312000,get
8534,0.019012,5.154000,put
8535,0.019014,2.248000,put
8536,0.019015,0.722000,get
8537,0.019016,0.383000,get
8538,0.019016,0.277000,get
8539,0.019017,0.277000,get
8540,0.019019,2.339000,get
8541,0.019020,0.232000,get
8542,0.019020,0.318000,get
8543,0.019023,2.448000,put
8544,0.019025,1.838000,put
8545,0.019025,0.196000,get
8546,0.019026,0.202000,get
8547,0.019027,0.974000,get
8548,0.019032,4.587000,put
8549,0.019032,0.215000,get
8550,0.019033,0.201000,get
8551,0.019035,2.355000,put
8552,0.019036,0.846000,get
8553,0.019037,0.192000,get
8554,0.019037,0.232000,get
8555,0.019037,0.169000,get
8556,0.019038,0.172000,get
8557,0.019039,0.889000,get
8558,0.019040,0.722000,get
8559,0.019043,2.525000,get
8560,0.019043,0.186000,get
8561,0.019043,0.169000,get
8562,0.019044,0.354000,get
8563,0.019047,3.222000,put
8564,0.019052,4.055000,put
8565,0.019054,1.838000,put
8566,0.019055,0.950000,get
8567,0.019056,0.642000,get
8568,0.019057,0.612000,get
8569,0.019057,0.319000,get
8570,0.019058,0.207000,get
8571,0.019058,0.186000,get
8572,0.019061,3.172000,get
8573,0.019063,0.912000,get
8574,0.019063,0.172000,get
8575,0.019065,2.275000,get
8576,0.019068,2.555000,put
8577,0.019069,0.342000,get
8578,0.019072,2.520000,put
8579,0.019072,0.326000,get
8580,0.019073,0.897000,get
8581,0.019074,0.294000,get
8582,0.019074,0.225000,get
8583,0.019075,0.718000,get
8584,0.019075,0.190000,get
8585,0.019076,0.171000,get
8586,0.019077,0.681000,get
8587,0.019081,3.800000,put
8588,0.019081,0.303000,get
8589,0.019083,1.811000,put
8590,0.019084,0.256000,get
8591,0.019087,3.481000,get
8592,0.019088,0.731000,get
8593,0.019091,2.661000,put
8594,0.019092,0.182000,get
8595,0.019092,0.367000,get
8596,0.019093,0.169000,get
8597,0.019093,0.230000,get
8598,0.019094,0.820000,get
8599,0.019095,0.291000,get
8600,0.019096,0.779000,get
8601,0.019096,0.172000,get
8602,0.019098,2.161000,put
8603,0.019099,0.196000,get
8604,0.019100,1.534000,get
8605,0.019101,0.180000,get
8606,0.019101,0.174000,get
8607,0.019102,0.234000,get
8608,0.019102,0.688000,get
8609,0.019106,3.269000,get
8610,0.019106,0.238000,get
8611,0.019108,1.514000,get
8612,0.019113,4.820000,put
8613,0.019114,0.737000,get
8614,0.019115,0.175000,get
8615,0.019115,0.292000,get
8616,0.019116,0.222000,get
8617,0.019119,3.271000,put
8618,0.019120,0.287000,get
8619,0.019120,0.186000,get
8620,0.019122,1.841000,put
8621,0.019123,0.810000,get
8622,0.019125,1.836000,put
8623,0.019127,0.884000,get
8624,0.019127,0.283000,get
8625,0.019127,0.187000,get
8626,0.019133,5.456000,put
8627,0.019133,0.215000,get
8628,0.019134,0.186000,get
8629,0.019134,0.328000,get
8630,0.019135,0.781000,get
8631,0.019136,0.335000,get
8632,0.019136,0.358000,get
8633,0.019140,3.027000,get
8634,0.019140,0.194000,get
8635,0.019143,2.478000,put
8636,0.019143,0.196000,get
8637,0.019144,0.204000,get
8638,0.019147,3.441000,get
8639,0.019150,2.526000,put
8640,0.019151,0.243000,get
8641,0.019151,0.355000,get
8642,0.019154,2.204000,get
8643,0.019154,0.358000,get
8644,0.019155,0.250000,get
8645,0.019155,0.235000,get
8646,0.019155,0.174000,get
8647,0.019158,2.493000,get
8648,0.019159,0.320000,get
8649,0.019159,0.232000,get
8650,0.019160,0.333000,get
8651,0.019162,2.450000,put
8652,0.019163,0.324000,get
8653,0.019163,0.176000,get
8654,0.019164,0.705000,get
8655,0.019168,3.384000,put
8656,0.019169,0.964000,get
8657,0.019171,2.176000,get
8658,0.019173,0.900000,get
8659,0.019173,0.185000,get
8660,0.019173,0.302000,get
8661,0.019175,1.740000,get
8662,0.019176,0.190000,get
8663,0.019177,0.681000,get
8664,0.019177,0.187000,get
8665,0.019177,0.184000,get
8666,0.019180,2.444000,put
8667,0.019180,0.195000,get
8668,0.019181,0.180000,get
8669,0.019181,0.240000,get
8670,0.019182,0.752000,get
8671,0.019183,0.229000,get
8672,0.019183,0.289000,get
8673,0.019183,0.265000,get
8674,0.019186,1.966000,get
8675,0.019189,2.939000,get
8676,0.019192,2.566000,put
8677,0.019192,0.383000,get
8678,0.019193,0.232000,get
8679,0.019193,0.345000,get
8680,0.019194,0.204000,get
8681,0.019194,0.718000,get
8682,0.019195,0.327000,get
8683,0.019195,0.197000,get
8684,0.019196,0.180000,get
8685,0.019196,0.181000,get
8686,0.019197,0.978000,get
8687,0.019198,0.181000,get
8688,0.019199,0.751000,get
8689,0.019199,0.227000,get
8690,0.019201,1.895000,get
8691,0.019202,0.828000,get
8692,0.019203,0.185000,get
8693,0.019203,0.334000,get
8694,0.019206,2.477000,put
8695,0.019206,0.182000,get
8696,0.019207,0.350000,get
8697,0.019211,4.527000,put
8698,0.019212,0.327000,get
8699,0.019213,0.690000,get
8700,0.019215,1.563000,get
8701,0.019215,0.632000,get
8702,0.019216,0.422000,get
8703,0.019219,2.490000,put
8704,0.019221,1.617000,get
8705,0.019222,0.701000,get
8706,0.019222,0.314000,get
8707,0.019223,0.171000,get
8708,0.019225,2.347000,put
8709,0.019226,0.184000,get
8710,0.019232,6.220000,put
8711,0.019235,2.182000,put
8712,0.019238,2.843000,get
8713,0.019239,0.898000,get
8714,0.019239,0.230000,get
8715,0.019240,0.207000,get
8716,0.019240,0.175000,get
8717,0.019240,0.225000,get
8718,0.019241,0.303000,get
8719,0.019244,2.882000,put
8720,0.019246,2.118000,get
8721,0.019247,0.181000,get
8722,0.019247,0.209000,get
8723,0.019248,0.347000,get
8724,0.019249,0.816000,get
8725,0.019251,2.260000,get
8726,0.019252,0.674000,get
8727,0.019254,2.041000,get
8728,0.019257,2.546000,put
8729,0.019261,3.690000,put
8730,0.019263,1.571000,get
8731,0.019266,2.569000,put
8732,0.019268,2.357000,put
8733,0.019269,0.225000,get
8734,0.019269,0.173000,get
8735,0.019269,0.171000,get
8736,0.019277,2.415000,put
8737,0.019278,0.182000,get
8738,0.019282,4.487000,put
8739,0.019285,2.165000,put
8740,0.019285,0.322000,get
8741,0.019286,0.781000,get
8742,0.019289,2.350000,put
8743,0.019289,0.223000,get
8744,0.019291,1.823000,put
8745,0.019292,0.307000,get
8746,0.019292,0.331000,get
8747,0.019297,4.766000,put
8748,0.019298,0.218000,get
8749,0.019301,2.879000,put
8750,0.019303,2.187000,put
8751,0.019304,0.775000,get
8752,0.019307,2.201000,get
8753,0.019310,2.543000,put
8754,0.019310,0.308000,get
8755,0.019311,0.961000,get
8756,0.019317,5.574000,put
8757,0.019320,2.183000,put
8758,0.019320,0.323000,get
8759,0.019321,0.855000,get
8760,0.019323,1.824000,put
8761,0.019326,2.273000,put
8762,0.019327,0.852000,get
8763,0.019328,0.782000,get
8764,0.019329,0.743000,get
8765,0.019331,2.361000,get
8766,0.019332,0.293000,get
8767,0.019332,0.310000,get
8768,0.019333,0.433000,get
8769,0.019333,0.216000,get
8770,0.019334,0.239000,get
8771,0.019338,4.450000,put
8772,0.019339,0.348000,get
8773,0.019339,0.187000,get
8774,0.019340,0.180000,get
8775,0.019340,0.166000,get
8776,0.019341,0.640000,get
8777,0.019342,0.880000,get
8778,0.019345,2.505000,put
8779,0.019348,2.930000,get
8780,0.019348,0.253000,get
8781,0.019351,2.471000,get
8782,0.019352,0.183000,get
8783,0.019352,0.300000,get
8784,0.019355,2.715000,get
8785,0.019356,0.224000,get
8786,0.019356,0.193000,get
8787,0.019356,0.300000,get
8788,0.019358,0.871000,get
8789,0.019358,0.193000,get
8790,0.019361,2.935000,put
8791,0.019362,0.205000,get
8792,0.019362,0.180000,get
8793,0.019362,0.171000,get
8794,0.019363,0.167000,get
8795,0.019363,0.159000,get
8796,0.019363,0.164000,get
8797,0.019364,0.818000,get
8798,0.019365,0.160000,get
8799,0.019366,0.705000,get
8800,0.019367,0.804000,get
8801,0.019368,0.826000,get
8802,0.019389,20.824000,put
8803,0.019393,4.144000,put
8804,0.019394,0.201000,get
8805,0.019395,0.812000,get
8806,0.019397,1.897000,put
8807,0.019398,0.357000,get
8808,0.019400,2.407000,put
8809,0.019401,0.397000,get
8810,0.019402,0.474000,get
8811,0.019403,0.819000,get
8812,0.019403,0.370000,get
8813,0.019404,0.175000,get
8814,0.019405,0.937000,get
8815,0.019408,3.061000,get
8816,0.019425,16.244000,put
8817,0.019426,0.987000,get
8818,0.019428,2.189000,put
8819,0.019430,1.663000,put
8820,0.019431,0.185000,get
8821,0.019433,1.839000,put
8822,0.019435,2.369000,get
8823,0.019436,0.837000,get
8824,0.019438,1.664000,get
8825,0.019439,0.283000,get
8826,0.019443,4.114000,put
8827,0.019446,2.059000,put
8828,0.019448,1.866000,put
8829,0.019449,0.647000,get
8830,0.019449,0.186000,get
8831,0.019466,17.406000,get
8832,0.019467,0.186000,get
8833,0.019467,0.168000,get
8834,0.019470,2.462000,put
8835,0.019475,5.142000,put
8836,0.019476,0.192000,get
8837,0.019476,0.329000,get
8838,0.019477,0.342000,get
8839,0.019477,0.349000,get
8840,0.019478,0.235000,get
8841,0.019478,0.334000,get
8842,0.019479,0.256000,get
8843,0.019480,0.714000,get
8844,0.019482,1.906000,get
8845,0.019482,0.439000,get
8846,0.019483,0.185000,get
8847,0.019484,0.714000,get
8848,0.019484,0.262000,get
8849,0.019485,0.783000,get
8850,0.019486,0.312000,get
8851,0.019489,2.881000,put
8852,0.019489,0.489000,get
8853,0.019490,0.187000,get
8854,0.019490,0.228000,get
8855,0.019491,0.819000,get
8856,0.019492,0.343000,get
8857,0.019494,2.048000,get
8858,0.019495,0.305000,get
8859,0.019495,0.406000,get
8860,0.019496,0.184000,get
8861,0.019496,0.182000,get
8862,0.019499,2.567000,put
8863,0.019499,0.346000,get
8864,0.019500,0.173000,get
8865,0.019503,2.864000,put
8866,0.019508,5.103000,put
8867,0.019510,2.107000,put
8868,0.019512,1.839000,put
8869,0.019514,0.838000,get
8870,0.019514,0.310000,get
8871,0.019516,2.143000,get
8872,0.019517,0.178000,get
8873,0.019517,0.172000,get
8874,0.019518,0.427000,get
8875,0.019518,0.228000,get
8876,0.019519,0.170000,get
8877,0.019521,2.298000,put
8878,0.019522,0.325000,get
8879,0.019522,0.157000,get
8880,0.019526,3.883000,put
8881,0.019526,0.186000,get
8882,0.019527,0.156000,get
8883,0.019527,0.163000,get
8884,0.019528,0.406000,get
8885,0.019528,0.157000,get
8886,0.019529,0.406000,get
8887,0.019531,2.419000,put
8888,0.019534,2.236000,put
8889,0.019534,0.179000,get
8890,0.019536,1.690000,get
8891,0.019539,2.369000,put
8892,0.019541,1.729000,get
8893,0.019542,0.779000,get
8894,0.019542,0.312000,get
8895,0.019543,0.288000,get
8896,0.019546,2.738000,get
8897,0.019546,0.166000,get
8898,0.019551,4.338000,get
8899,0.019568,16.589000,put
8900,0.019570,2.102000,get
8901,0.019570,0.165000,get
8902,0.019571,0.304000,get
8903,0.019573,1.921000,get
8904,0.019576,2.530000,put
8905,0.019576,0.331000,get
8906,0.019577,0.165000,get
8907,0.019577,0.249000,get
8908,0.019578,0.852000,get
8909,0.019581,2.332000,put
8910,0.019585,3.537000,get
8911,0.019585,0.289000,get
8912,0.019586,0.789000,get
8913,0.019590,3.820000,put
8914,0.019591,0.371000,get
8915,0.019591,0.181000,get
8916,0.019592,0.286000,get
8917,0.019592,0.312000,get
8918,0.019593,0.284000,get
8919,0.019594,0.806000,get
8920,0.019596,2.346000,put
8921,0.019599,2.117000,get
8922,0.019601,2.318000,put
8923,0.019602,0.239000,get
8924,0.019602,0.177000,get
8925,0.019603,0.851000,get
8926,0.019603,0.181000,get
8927,0.019604,0.164000,get
8928,0.019606,2.473000,put
8929,0.019607,0.349000,get
8930,0.019611,4.110000,put
8931,0.019612,0.351000,get
8932,0.019614,2.032000,put
8933,0.019615,0.245000,get
8934,0.019615,0.175000,get
8935,0.019615,0.321000,get
8936,0.019618,2.731000,get
8937,0.019619,0.179000,get
8938,0.019619,0.298000,get
8939,0.019620,0.867000,get
8940,0.019623,2.584000,put
8941,0.019624,0.188000,get
8942,0.019624,0.321000,get
8943,0.019627,2.865000,get
8944,0.019630,2.628000,get
8945,0.019630,0.167000,get
8946,0.019631,0.782000,get
8947,0.019632,0.240000,get
8948,0.019633,0.400000,get
8949,0.019633,0.375000,get
8950,0.019634,0.407000,get
8951,0.019634,0.318000,get
8952,0.019635,0.170000,get
8953,0.019636,1.045000,get
8954,0.019639,2.887000,get
8955,0.019642,2.404000,put
8956,0.019642,0.408000,get
8957,0.019643,0.178000,get
8958,0.019648,5.352000,put
8959,0.019651,2.110000,put
8960,0.019652,0.698000,get
8961,0.019652,0.178000,get
8962,0.019654,2.095000,put
8963,0.019656,1.958000,put
8964,0.019657,0.188000,get
8965,0.019658,0.422000,get
8966,0.019662,4.540000,put
8967,0.019665,2.482000,get
8968,0.019666,1.179000,get
8969,0.019668,1.100000,get
8970,0.019668,0.355000,get
8971,0.019670,1.139000,get
8972,0.019673,2.557000,put
8973,0.019676,3.215000,put
8974,0.019677,0.369000,get
8975,0.019679,2.309000,put
8976,0.019683,4.101000,put
8977,0.019684,0.352000,get
8978,0.019685,0.766000,get
8979,0.019685,0.334000,get
8980,0.019686,0.295000,get
8981,0.019689,2.455000,put
8982,0.019689,0.446000,get
8983,0.019690,0.339000,get
8984,0.019693,2.499000,put
8985,0.019696,2.704000,get
8986,0.019697,0.960000,get
8987,0.019699,2.004000,get
8988,0.019699,0.248000,get
8989,0.019700,0.234000,get
8990,0.019700,0.306000,get
8991,0.019703,2.516000,put
8992,0.019704,0.357000,get
8993,0.019704,0.195000,get
8994,0.019705,0.808000,get
8995,0.019706,0.369000,get
8996,0.019706,0.192000,get
8997,0.019707,0.345000,get
8998,0.019707,0.205000,get
8999,0.019709,1.593000,get
9000,0.019714,4.421000,put
9001,0.019716,2.141000,put
9002,0.019719,2.750000,put
9003,0.019720,0.868000,get
9004,0.019720,0.340000,get
9005,0.019721,0.315000,get
9006,0.019722,0.363000,get
9007,0.019724,2.573000,get
9008,0.019726,1.000000,get
9009,0.019726,0.376000,get
9010,0.019727,0.191000,get
9011,0.019727,0.307000,get
9012,0.019734,7.019000,get
9013,0.019735,0.731000,get
9014,0.019736,0.221000,get
9015,0.019737,0.887000,get
9016,0.019738,0.699000,get
9017,0.019742,4.102000,put
9018,0.019745,2.278000,put
9019,0.019745,0.328000,get
9020,0.019746,0.190000,get
9021,0.019746,0.184000,get
9022,0.019746,0.218000,get
9023,0.019747,0.858000,get
9024,0.019748,0.181000,get
9025,0.019748,0.358000,get
9026,0.019749,0.332000,get
9027,0.019751,2.457000,put
9028,0.019754,2.305000,put
9029,0.019756,2.064000,get
9030,0.019757,0.228000,get
9031,0.019757,0.214000,get
9032,0.019762,4.395000,put
9033,0.019762,0.340000,get
9034,0.019763,0.199000,get
9035,0.019763,0.186000,get
9036,0.019764,0.755000,get
9037,0.019766,2.213000,get
9038,0.019767,0.222000,get
9039,0.019767,0.317000,get
9040,0.019768,0.702000,get
9041,0.019770,1.155000,get
9042,0.019770,0.282000,get
9043,0.019773,2.365000,get
9044,0.019773,0.353000,get
9045,0.019774,0.191000,get
9046,0.019774,0.283000,get
9047,0.019777,2.408000,put
9048,0.019785,2.725000,get
9049,0.019785,0.349000,get
9050,0.019786,0.180000,get
9051,0.019786,0.285000,get
9052,0.019787,0.182000,get
9053,0.019787,0.345000,get
9054,0.019787,0.231000,get
9055,0.019790,2.352000,put
9056,0.019791,0.233000,get
9057,0.019792,1.630000,get
9058,0.019793,0.223000,get
9059,0.019794,1.407000,get
9060,0.019795,0.310000,get
9061,0.019796,0.861000,get
9062,0.019796,0.184000,get
9063,0.019797,0.218000,get
9064,0.019799,2.022000,get
9065,0.019800,0.306000,get
9066,0.019800,0.182000,get
9067,0.019803,2.596000,put
9068,0.019803,0.332000,get
9069,0.019808,4.073000,put
9070,0.019810,1.925000,put
9071,0.019810,0.245000,get
9072,0.019811,0.801000,get
9073,0.019812,0.664000,get
9074,0.019813,0.219000,get
9075,0.019813,0.395000,get
9076,0.019816,2.793000,get
9077,0.019817,0.605000,get
9078,0.019820,2.811000,put
9079,0.019823,2.183000,put
9080,0.019824,0.819000,get
9081,0.019828,4.264000,put
9082,0.019829,0.262000,get
9083,0.019829,0.189000,get
9084,0.019831,1.557000,get
9085,0.019832,1.303000,get
9086,0.019833,0.332000,get
9087,0.019836,2.540000,get
9088,0.019838,2.470000,put
9089,0.019841,2.324000,put
9090,0.019841,0.412000,get
9091,0.019842,0.307000,get
9092,0.019842,0.216000,get
9093,0.019844,1.698000,get
9094,0.019845,0.389000,get
9095,0.019845,0.170000,get
9096,0.019846,0.166000,get
9097,0.019846,0.337000,get
9098,0.019847,0.383000,get
9099,0.019847,0.352000,get
9100,0.019848,0.166000,get
9101,0.019850,2.594000,put
9102,0.019851,0.483000,get
9103,0.019851,0.175000,get
9104,0.019854,2.106000,get
9105,0.019858,3.583000,put
9106,0.019858,0.410000,get
9107,0.019859,0.217000,get
9108,0.019859,0.308000,get
9109,0.019860,0.172000,get
9110,0.019860,0.378000,get
9111,0.019863,2.977000,put
9112,0.019866,2.762000,put
9113,0.019867,0.179000,get
9114,0.019867,0.342000,get
9115,0.019868,0.287000,get
9116,0.019868,0.298000,get
9117,0.019868,0.168000,get
9118,0.019871,2.431000,put
9119,0.019872,0.365000,get
9120,0.019874,1.904000,get
9121,0.019874,0.279000,get
9122,0.019879,4.513000,put
9123,0.019879,0.188000,get
9124,0.019880,0.265000,get
9125,0.019880,0.325000,get
9126,0.019881,0.291000,get
9127,0.019881,0.166000,get
9128,0.019882,0.775000,get
9129,0.019885,2.511000,put
9130,0.019887,1.722000,put
9131,0.019888,0.317000,get
9132,0.019888,0.350000,get
9133,0.019888,0.174000,get
9134,0.019889,0.362000,get
9135,0.019890,0.892000,get
9136,0.019890,0.191000,get
9137,0.019891,0.170000,get
9138,0.019893,2.349000,put
9139,0.019894,0.367000,get
9140,0.019895,1.363000,get
9141,0.019896,0.410000,get
9142,0.019897,0.319000,get
9143,0.019899,2.549000,get
9144,0.019900,0.299000,get
9145,0.019902,1.467000,get
9146,0.019907,4.803000,put
9147,0.019907,0.255000,get
9148,0.019908,0.339000,get
9149,0.019908,0.211000,get
9150,0.019909,0.281000,get
9151,0.019909,0.171000,get
9152,0.019909,0.207000,get
9153,0.019912,2.086000,get
9154,0.019913,0.910000,get
9155,0.019913,0.312000,get
9156,0.019914,0.450000,get
9157,0.019914,0.170000,get
9158,0.019915,0.164000,get
9159,0.019915,0.166000,get
9160,0.019915,0.296000,get
9161,0.019916,0.300000,get
9162,0.019919,2.915000,put
9163,0.019919,0.189000,get
9164,0.019921,1.538000,get
9165,0.019925,3.104000,put
9166,0.019925,0.242000,get
9167,0.019925,0.172000,get
9168,0.019930,4.851000,put
9169,0.019932,0.960000,get
9170,0.019932,0.567000,get
9171,0.019934,0.868000,get
9172,0.019934,0.376000,get
9173,0.019934,0.171000,get
9174,0.019938,2.916000,put
9175,0.019939,0.811000,get
9176,0.019939,0.278000,get
9177,0.019942,3.108000,get
9178,0.019943,0.396000,get
9179,0.019946,2.403000,put
9180,0.019948,2.263000,put
9181,0.019949,0.540000,get
9182,0.019949,0.229000,get
9183,0.019950,0.195000,get
9184,0.019950,0.311000,get
9185,0.019951,0.742000,get
9186,0.019954,2.868000,get
9187,0.019956,1.745000,get
9188,0.019957,0.276000,get
9189,0.019957,0.327000,get
9190,0.019958,0.208000,get
9191,0.019960,1.787000,get
9192,0.019961,0.468000,get
9193,0.019962,0.878000,get
9194,0.019962,0.181000,get
9195,0.019962,0.178000,get
9196,0.019963,0.301000,get
9197,0.019968,4.537000,get
9198,0.019972,4.260000,put
9199,0.019973,0.205000,get
9200,0.019975,2.625000,get
9201,0.019976,0.381000,get
9202,0.019976,0.313000,get
9203,0.019977,0.351000,get
9204,0.019979,1.107000,get
9205,0.019982,3.008000,get
9206,0.019982,0.184000,get
9207,0.019983,0.374000,get
9208,0.019983,0.299000,get
9209,0.019985,1.782000,get
9210,0.019987,1.321000,get
9211,0.019990,2.488000,get
9212,0.019991,1.131000,get
9213,0.019994,2.538000,put
9214,0.019994,0.274000,get
9215,0.019995,0.384000,get
9216,0.019998,3.088000,get
9217,0.019999,0.221000,get
9218,0.019999,0.198000,get
9219,0.020000,0.361000,get
9220,0.020000,0.229000,get
9221,0.020001,0.377000,get
9222,0.020003,2.454000,put
9223,0.020004,0.294000,get
9224,0.020004,0.193000,get
9225,0.020005,0.339000,get
9226,0.020005,0.186000,get
9227,0.020006,0.889000,get
9228,0.020007,0.283000,get
9229,0.020008,1.640000,get
9230,0.020011,2.482000,put
9231,0.020012,0.746000,get
9232,0.020017,4.909000,put
9233,0.020020,2.187000,put
9234,0.020020,0.210000,get
9235,0.020020,0.179000,get
9236,0.020021,0.171000,get
9237,0.020021,0.167000,get
9238,0.020022,0.332000,get
9239,0.020023,1.441000,get
9240,0.020026,2.240000,put
9241,0.020026,0.189000,get
9242,0.020028,1.961000,put
9243,0.020029,0.187000,get
9244,0.020029,0.161000,get
9245,0.020029,0.256000,get
9246,0.020032,2.449000,get
9247,0.020033,0.223000,get
9248,0.020037,4.135000,put
9249,0.020037,0.194000,get
9250,0.020038,0.167000,get
9251,0.020039,0.891000,get
9252,0.020041,1.968000,put
9253,0.020044,2.570000,put
9254,0.020044,0.245000,get
9255,0.020045,0.649000,get
9256,0.020046,1.015000,get
9257,0.020049,2.479000,put
9258,0.020050,0.735000,get
9259,0.020051,0.744000,get
9260,0.020053,1.980000,get
9261,0.020054,0.239000,get
9262,0.020055,0.781000,get
9263,0.020058,2.530000,get
9264,0.020058,0.444000,get
9265,0.020059,0.176000,get
9266,0.020065,6.000000,put
9267,0.020066,0.835000,get
9268,0.020069,2.786000,get
9269,0.020071,2.079000,get
9270,0.020072,0.336000,get
9271,0.020072,0.172000,get
9272,0.020074,1.484000,get
9273,0.020074,0.369000,get
9274,0.020075,0.334000,get
9275,0.020078,2.633000,put
9276,0.020080,1.641000,get
9277,0.020080,0.399000,get
9278,0.020081,0.327000,get
9279,0.020081,0.362000,get
9280,0.020084,2.335000,put
9281,0.020086,1.964000,put
9282,0.020090,3.945000,put
9283,0.020091,0.788000,get
9284,0.020093,1.830000,put
9285,0.020094,0.240000,get
9286,0.020096,2.328000,put
9287,0.020102,5.128000,put
9288,0.020104,2.107000,put
9289,0.020107,2.224000,get
9290,0.020109,2.132000,get
9291,0.020110,0.759000,get
9292,0.020112,1.562000,get
9293,0.020115,2.497000,put
9294,0.020116,0.973000,get
9295,0.020116,0.292000,get
9296,0.020119,2.585000,get
9297,0.020122,2.740000,get
9298,0.020125,2.798000,put
9299,0.020126,0.409000,get
9300,0.020126,0.254000,get
9301,0.020131,4.479000,put
9302,0.020132,0.389000,get
9303,0.020134,1.953000,put
9304,0.020136,1.912000,put
9305,0.020136,0.198000,get
9306,0.020139,2.382000,put
9307,0.020141,1.279000,get
9308,0.020143,2.577000,get
9309,0.020144,0.199000,get
9310,0.020147,2.585000,get
9311,0.020147,0.237000,get
9312,0.020148,0.286000,get
9313,0.020148,0.483000,get
9314,0.020149,0.345000,get
9315,0.020154,5.364000,put
9316,0.020157,2.493000,get
9317,0.020160,2.452000,put
9318,0.020162,2.138000,put
9319,0.020163,0.822000,get
9320,0.020165,1.667000,put
9321,0.020166,0.329000,get
9322,0.020170,4.488000,put
9323,0.020171,0.243000,get
9324,0.020171,0.401000,get
9325,0.020172,0.315000,get
9326,0.020172,0.447000,get
9327,0.020174,0.871000,get
9328,0.020176,2.505000,put
9329,0.020177,0.283000,get
9330,0.020177,0.184000,get
9331,0.020178,0.345000,get
9332,0.020180,2.154000,put
9333,0.020181,0.744000,get
9334,0.020182,0.316000,get
9335,0.020182,0.350000,get
9336,0.020183,0.298000,get
9337,0.020186,2.975000,put
9338,0.020186,0.189000,get
9339,0.020190,3.846000,put
9340,0.020191,0.294000,get
9341,0.020193,1.806000,put
9342,0.020195,2.441000,put
9343,0.020196,0.277000,get
9344,0.020199,2.571000,get
9345,0.020199,0.196000,get
9346,0.020200,0.334000,get
9347,0.020200,0.180000,get
9348,0.020203,2.466000,put
9349,0.020203,0.283000,get
9350,0.020207,3.879000,put
9351,0.020208,0.401000,get
9352,0.020209,0.805000,get
9353,0.020212,2.618000,put
9354,0.020214,2.456000,put
9355,0.020215,0.275000,get
9356,0.020215,0.412000,get
9357,0.020216,0.381000,get
9358,0.020216,0.198000,get
9359,0.020217,0.231000,get
9360,0.020227,4.685000,put
9361,0.020230,2.592000,put
9362,0.020232,2.050000,put
9363,0.020234,1.852000,get
9364,0.020237,2.856000,get
9365,0.020240,2.335000,put
9366,0.020240,0.432000,get
9367,0.020241,0.288000,get
9368,0.020242,1.223000,get
9369,0.020243,0.315000,get
9370,0.020244,1.383000,get
9371,0.020245,0.424000,get
9372,0.020248,2.162000,get
9373,0.020252,4.322000,put
9374,0.020255,2.147000,put
9375,0.020257,2.618000,put
9376,0.020258,0.293000,get
9377,0.020258,0.301000,get
9378,0.020259,0.278000,get
9379,0.020261,2.105000,put
9380,0.020262,0.191000,get
9381,0.020263,0.937000,get
9382,0.020267,4.346000,put
9383,0.020268,0.383000,get
9384,0.020268,0.341000,get
9385,0.020270,1.001000,get
9386,0.020270,0.447000,get
9387,0.020271,0.286000,get
9388,0.020271,0.171000,get
9389,0.020274,2.365000,put
9390,0.020276,1.683000,put
9391,0.020278,1.856000,get
9392,0.020279,0.662000,get
9393,0.020281,2.368000,put
9394,0.020282,0.316000,get
9395,0.020287,4.391000,put
9396,0.020289,1.972000,put
9397,0.020291,1.770000,put
9398,0.020291,0.400000,get
9399,0.020292,0.668000,get
9400,0.020294,1.098000,get
9401,0.020294,0.288000,get
9402,0.020295,0.405000,get
9403,0.020295,0.364000,get
9404,0.020298,2.599000,put
9405,0.020303,4.214000,put
9406,0.020303,0.314000,get
9407,0.020304,0.308000,get
9408,0.020305,1.078000,get
9409,0.020306,0.404000,get
9410,0.020306,0.187000,get
9411,0.020307,0.820000,get
9412,0.020309,1.549000,get
9413,0.020310,0.979000,get
9414,0.020310,0.190000,get
9415,0.020311,0.510000,get
9416,0.020314,2.376000,put
9417,0.020314,0.527000,get
9418,0.020315,0.750000,get
9419,0.020318,2.763000,get
9420,0.020319,0.308000,get
9421,0.020322,2.631000,put
9422,0.020322,0.308000,get
9423,0.020325,2.703000,put
9424,0.020326,0.411000,get
9425,0.020330,3.772000,put
9426,0.020330,0.211000,get
9427,0.020333,2.565000,get
9428,0.020333,0.189000,get
9429,0.020334,0.624000,get
9430,0.020335,0.554000,get
9431,0.020336,1.187000,get
9432,0.020339,2.380000,put
9433,0.020340,0.452000,get
9434,0.020342,2.134000,put
9435,0.020344,1.900000,put
9436,0.020349,4.629000,put
9437,0.020349,0.211000,get
9438,0.020352,2.470000,put
9439,0.020352,0.197000,get
9440,0.020353,0.182000,get
9441,0.020355,1.948000,get
9442,0.020356,0.504000,get
9443,0.020356,0.389000,get
9444,0.020357,0.184000,get
9445,0.020358,0.878000,get
9446,0.020358,0.173000,get
9447,0.020358,0.170000,get
9448,0.020359,0.228000,get
9449,0.020360,0.829000,get
9450,0.020361,0.838000,get
9451,0.020361,0.341000,get
9452,0.020362,0.299000,get
9453,0.020363,1.232000,get
9454,0.020364,0.319000,get
9455,0.020364,0.375000,get
9456,0.020365,0.300000,get
9457,0.020367,1.832000,get
9458,0.020370,2.456000,put
9459,0.020373,2.824000,get
9460,0.020373,0.352000,get
9461,0.020374,0.185000,get
9462,0.020377,2.807000,get
9463,0.020379,2.487000,get
9464,0.020380,0.386000,get
9465,0.020381,0.510000,get
9466,0.020382,1.239000,get
9467,0.020383,0.369000,get
9468,0.020383,0.242000,get
9469,0.020384,0.362000,get
9470,0.020384,0.184000,get
9471,0.020390,5.665000,put
9472,0.020391,1.035000,get
9473,0.020392,0.322000,get
9474,0.020394,2.313000,put
9475,0.020397,2.060000,put
9476,0.020399,2.009000,put
9477,0.020399,0.193000,get
9478,0.020400,0.180000,get
9479,0.020400,0.223000,get
9480,0.020405,4.285000,put
9481,0.020408,3.023000,get
9482,0.020411,2.334000,get
9483,0.020414,2.693000,put
9484,0.020414,0.187000,get
9485,0.020416,1.821000,put
9486,0.020417,0.814000,get
9487,0.020418,0.824000,get
9488,0.020419,0.317000,get
9489,0.020419,0.169000,get
9490,0.020422,2.640000,get
9491,0.020423,0.885000,get
9492,0.020424,1.075000,get
9493,0.020426,1.795000,get
9494,0.020429,2.472000,put
9495,0.020434,4.984000,put
9496,0.020435,0.191000,get
9497,0.020436,1.376000,get
9498,0.020439,2.486000,put
9499,0.020441,1.969000,put
9500,0.020442,0.185000,get
9501,0.020442,0.234000,get
9502,0.020442,0.167000,get
9503,0.020443,0.225000,get
9504,0.020443,0.381000,get
9505,0.020444,0.535000,get
9506,0.020444,0.170000,get
9507,0.020445,0.346000,get
9508,0.020445,0.168000,get
9509,0.020448,2.695000,put
9510,0.020452,3.096000,get
9511,0.020452,0.179000,get
9512,0.020456,4.067000,put
9513,0.020457,0.197000,get
9514,0.020459,2.368000,put
9515,0.020462,2.103000,put
9516,0.020462,0.224000,get
9517,0.020462,0.314000,get
9518,0.020463,0.247000,get
9519,0.020463,0.298000,get
9520,0.020464,0.270000,get
9521,0.020465,0.507000,get
9522,0.020466,0.785000,get
9523,0.020467,1.506000,get
9524,0.020469,1.800000,get
9525,0.020471,1.410000,get
9526,0.020473,1.555000,get
9527,0.020473,0.336000,get
9528,0.020474,0.231000,get
9529,0.020475,1.095000,get
9530,0.020478,2.498000,put
9531,0.020478,0.386000,get
9532,0.020479,0.356000,get
9533,0.020480,0.448000,get
9534,0.020480,0.191000,get
9535,0.020483,3.291000,put
9536,0.020487,3.535000,get
9537,0.020488,0.346000,get
9538,0.020488,0.217000,get
9539,0.020489,0.382000,get
9540,0.020489,0.190000,get
9541,0.020490,0.893000,get
9542,0.020491,0.176000,get
9543,0.020491,0.173000,get
9544,0.020491,0.170000,get
9545,0.020492,0.883000,get
9546,0.020493,0.171000,get
9547,0.020493,0.217000,get
9548,0.020494,0.403000,get
9549,0.020495,0.982000,get
9550,0.020496,0.756000,get
9551,0.020496,0.390000,get
9552,0.020497,0.789000,get
9553,0.020498,0.308000,get
9554,0.020499,0.470000,get
9555,0.020501,1.776000,get
9556,0.020502,0.841000,get
9557,0.020502,0.176000,get
9558,0.020503,0.358000,get
9559,0.020508,4.633000,get
9560,0.020508,0.414000,get
9561,0.020509,0.761000,get
9562,0.020512,2.212000,get
9563,0.020513,1.078000,get
9564,0.020515,1.528000,get
9565,0.020515,0.180000,get
9566,0.020518,2.554000,get
9567,0.020521,2.759000,put
9568,0.020523,2.335000,put
9569,0.020524,0.700000,get
9570,0.020527,2.325000,put
9571,0.020529,2.175000,get
9572,0.020530,0.325000,get
9573,0.020530,0.175000,get
9574,0.020539,8.874000,put
9575,0.020540,0.318000,get
9576,0.020540,0.179000,get
9577,0.020541,0.283000,get
9578,0.020544,2.677000,put
9579,0.020544,0.486000,get
9580,0.020545,0.486000,get
9581,0.020545,0.176000,get
9582,0.020546,0.167000,get
9583,0.020548,2.265000,get
9584,0.020549,0.424000,get
9585,0.020550,0.936000,get
9586,0.020551,0.250000,get
9587,0.020551,0.389000,get
9588,0.020551,0.180000,get
9589,0.020552,0.415000,get
9590,0.020553,0.338000,get
9591,0.020555,2.612000,put
9592,0.020556,0.184000,get
9593,0.020559,2.665000,get
9594,0.020559,0.181000,get
9595,0.020559,0.176000,get
9596,0.020560,0.304000,get
9597,0.020560,0.214000,get
9598,0.020561,0.166000,get
9599,0.020561,0.167000,get
9600,0.020565,3.987000,put
9601,0.020566,0.190000,get
9602,0.020566,0.314000,get
9603,0.020568,2.027000,get
9604,0.020571,2.740000,put
9605,0.020574,2.148000,put
9606,0.020574,0.342000,get
9607,0.020577,2.243000,get
9608,0.020578,0.977000,get
9609,0.020580,1.985000,get
9610,0.020581,0.184000,get
9611,0.020584,2.818000,put
9612,0.020588,4.507000,put
9613,0.020589,0.200000,get
9614,0.020590,0.559000,get
9615,0.020590,0.176000,get
9616,0.020591,0.430000,get
9617,0.020593,2.154000,get
9618,0.020596,2.592000,put
9619,0.020596,0.384000,get
9620,0.020599,2.196000,put
9621,0.020601,1.988000,put
9622,0.020601,0.182000,get
9623,0.020603,0.858000,get
9624,0.020605,1.987000,get
9625,0.020605,0.386000,get
9626,0.020606,0.362000,get
9627,0.020607,0.376000,get
9628,0.020611,4.484000,put
9629,0.020612,0.476000,get
9630,0.020615,2.786000,put
9631,0.020616,0.668000,get
9632,0.020619,2.398000,get
9633,0.020619,0.177000,get
9634,0.020619,0.330000,get
9635,0.020620,0.557000,get
9636,0.020623,2.480000,put
9637,0.020623,0.255000,get
9638,0.020624,0.908000,get
9639,0.020626,0.882000,get
9640,0.020626,0.174000,get
9641,0.020627,0.422000,get
9642,0.020629,2.631000,put
9643,0.020630,0.172000,get
9644,0.020630,0.168000,get
9645,0.020632,1.528000,get
9646,0.020634,2.075000,get
9647,0.020634,0.200000,get
9648,0.020635,0.305000,get
9649,0.020640,4.345000,put
9650,0.020640,0.358000,get
9651,0.020641,0.311000,get
9652,0.020641,0.190000,get
9653,0.020641,0.242000,get
9654,0.020644,2.213000,get
9655,0.020646,2.339000,put
9656,0.020647,0.401000,get
9657,0.020647,0.168000,get
9658,0.020650,2.268000,get
9659,0.020653,3.237000,get
9660,0.020654,0.179000,get
9661,0.020654,0.275000,get
9662,0.020654,0.166000,get
9663,0.020657,2.103000,put
9664,0.020659,2.203000,get
9665,0.020660,0.176000,get
9666,0.020662,2.113000,put
9667,0.020662,0.327000,get
9668,0.020666,3.516000,put
9669,0.020667,0.448000,get
9670,0.020667,0.431000,get
9671,0.020669,0.925000,get
9672,0.020675,0.854000,get
9673,0.020675,0.333000,get
9674,0.020678,2.500000,put
9675,0.020679,0.849000,get
9676,0.020682,2.574000,put
9677,0.020684,1.961000,put
9678,0.020685,0.360000,get
9679,0.020685,0.389000,get
9680,0.020686,0.712000,get
9681,0.020686,0.193000,get
9682,0.020687,0.172000,get
9683,0.020687,0.181000,get
9684,0.020691,3.677000,put
9685,0.020692,0.394000,get
9686,0.020692,0.523000,get
9687,0.020695,2.719000,put
9688,0.020697,1.906000,put
9689,0.020699,1.607000,get
9690,0.020700,0.621000,get
9691,0.020701,0.401000,get
9692,0.020705,4.115000,get
9693,0.020706,0.987000,get
9694,0.020707,0.289000,get
9695,0.020711,4.362000,put
9696,0.020712,0.269000,get
9697,0.020714,2.108000,put
9698,0.020715,0.340000,get
9699,0.020716,0.888000,get
9700,0.020716,0.354000,get
9701,0.020719,1.970000,put
9702,0.020719,0.194000,get
9703,0.020720,0.371000,get
9704,0.020720,0.316000,get
9705,0.020721,0.344000,get
9706,0.020721,0.317000,get
9707,0.020722,0.393000,get
9708,0.020723,0.694000,get
9709,0.020726,2.585000,put
9710,0.020730,4.338000,put
9711,0.020731,0.407000,get
9712,0.020731,0.315000,get
9713,0.020733,1.891000,put
9714,0.020735,0.951000,get
9715,0.020735,0.398000,get
9716,0.020738,2.666000,get
9717,0.020741,2.426000,put
9718,0.020742,0.953000,get
9719,0.020742,0.209000,get
9720,0.020744,1.749000,put
9721,0.020745,0.255000,get
9722,0.020745,0.193000,get
9723,0.020745,0.184000,get
9724,0.020750,4.674000,put
9725,0.020751,0.197000,get
9726,0.020753,1.657000,get
9727,0.020755,2.063000,put
9728,0.020756,0.408000,get
9729,0.020757,0.905000,get
9730,0.020757,0.173000,get
9731,0.020759,2.028000,put
9732,0.020762,2.275000,put
9733,0.020762,0.167000,get
9734,0.020763,0.317000,get
9735,0.020763,0.318000,get
9736,0.020764,0.310000,get
9737,0.020765,0.670000,get
9738,0.020765,0.196000,get
9739,0.020767,1.538000,get
9740,0.020767,0.195000,get
9741,0.020773,5.910000,put
9742,0.020774,0.192000,get
9743,0.020774,0.339000,get
9744,0.020775,0.273000,get
9745,0.020777,2.027000,put
9746,0.020778,0.933000,get
9747,0.020778,0.195000,get
9748,0.020781,2.522000,put
9749,0.020784,2.494000,get
9750,0.020784,0.245000,get
9751,0.020785,0.226000,get
9752,0.020785,0.327000,get
9753,0.020787,0.974000,get
9754,0.020788,1.475000,get
9755,0.020789,0.236000,get
9756,0.020791,2.516000,put
9757,0.020796,4.610000,put
9758,0.020797,0.799000,get
9759,0.020798,0.304000,get
9760,0.020798,0.381000,get
9761,0.020799,0.187000,get
9762,0.020799,0.181000,get
9763,0.020802,2.270000,get
9764,0.020802,0.172000,get
9765,0.020803,0.340000,get
9766,0.020805,2.476000,put
9767,0.020808,2.446000,put
9768,0.020810,1.802000,get
9769,0.020813,2.502000,put
9770,0.020817,3.606000,put
9771,0.020818,0.787000,get
9772,0.020820,2.282000,put
9773,0.020821,0.767000,get
9774,0.020822,0.719000,get
9775,0.020823,0.331000,get
9776,0.020823,0.373000,get
9777,0.020825,1.200000,get
9778,0.020826,0.682000,get
9779,0.020828,2.174000,put
9780,0.020828,0.192000,get
9781,0.020829,0.171000,get
9782,0.020829,0.172000,get
9783,0.020830,0.407000,get
9784,0.020830,0.168000,get
9785,0.020834,3.271000,get
9786,0.020834,0.444000,get
9787,0.020835,0.253000,get
9788,0.020836,0.920000,get
9789,0.020837,0.735000,get
9790,0.020838,0.870000,get
9791,0.020839,0.655000,get
9792,0.020839,0.353000,get
9793,0.020840,0.354000,get
9794,0.020842,2.338000,put
9795,0.020843,0.339000,get
9796,0.020843,0.398000,get
9797,0.020844,0.188000,get
9798,0.020849,4.530000,put
9799,0.020849,0.201000,get
9800,0.020851,2.338000,put
9801,0.020852,0.475000,get
9802,0.020855,2.431000,put
9803,0.020863,7.918000,get
9804,0.020863,0.189000,get
9805,0.020866,2.404000,get
9806,0.020867,0.175000,get
9807,0.020871,4.234000,put
9808,0.020872,0.465000,get
9809,0.020872,0.169000,get
9810,0.020875,2.705000,get
9811,0.020876,0.335000,get
9812,0.020876,0.243000,get
9813,0.020876,0.174000,get
9814,0.020879,2.477000,put
9815,0.020880,0.471000,get
9816,0.020881,0.891000,get
9817,0.020881,0.174000,get
9818,0.020882,0.369000,get
9819,0.020882,0.170000,get
9820,0.020883,0.577000,get
9821,0.020883,0.168000,get
9822,0.020886,2.330000,get
9823,0.020887,0.814000,get
9824,0.020888,0.419000,get
9825,0.020888,0.318000,get
9826,0.020891,2.444000,put
9827,0.020893,2.060000,put
9828,0.020897,3.389000,put
9829,0.020897,0.392000,get
9830,0.020899,0.956000,get
9831,0.020899,0.171000,get
9832,0.020900,0.732000,get
9833,0.020900,0.171000,get
9834,0.020901,0.305000,get
9835,0.020901,0.219000,get
9836,0.020901,0.175000,get
9837,0.020902,0.398000,get
9838,0.020902,0.167000,get
9839,0.020905,2.246000,get
9840,0.020905,0.331000,get
9841,0.020906,0.334000,get
9842,0.020906,0.369000,get
9843,0.020908,1.763000,get
9844,0.020909,0.404000,get
9845,0.020912,2.701000,put
9846,0.020912,0.240000,get
9847,0.020913,0.356000,get
9848,0.020916,2.409000,put
9849,0.020916,0.367000,get
9850,0.020919,2.836000,put
9851,0.020920,0.953000,get
9852,0.020922,0.895000,get
9853,0.020926,4.051000,put
9854,0.020926,0.426000,get
9855,0.020929,2.529000,put
9856,0.020932,2.116000,put
9857,0.020932,0.224000,get
9858,0.020933,0.409000,get
9859,0.020935,2.145000,get
9860,0.020938,2.443000,put
9861,0.020942,4.319000,put
9862,0.020943,0.323000,get
9863,0.020943,0.172000,get
9864,0.020943,0.174000,get
9865,0.020946,1.994000,get
9866,0.020946,0.361000,get
9867,0.020947,0.176000,get
9868,0.020947,0.174000,get
9869,0.020947,0.159000,get
9870,0.020950,2.428000,put
9871,0.020950,0.390000,get
9872,0.020951,0.451000,get
9873,0.020951,0.155000,get
9874,0.020952,0.315000,get
9875,0.020953,0.454000,get
9876,0.020958,4.526000,get
9877,0.020960,2.485000,put
9878,0.020961,0.408000,get
9879,0.020963,2.063000,put
9880,0.020964,0.853000,get
9881,0.020965,0.161000,get
9882,0.020966,0.920000,get
9883,0.020967,0.915000,get
9884,0.020971,3.822000,put
9885,0.020971,0.193000,get
9886,0.020972,0.154000,get
9887,0.020974,2.201000,put
9888,0.020975,0.438000,get
9889,0.020975,0.427000,get
9890,0.020976,0.303000,get
9891,0.020978,2.276000,put
9892,0.020979,0.454000,get
9893,0.020981,1.791000,put
9894,0.020983,1.618000,get
9895,0.020983,0.346000,get
9896,0.020988,4.301000,put
9897,0.020989,0.251000,get
9898,0.020989,0.739000,get
9899,0.020991,1.195000,get
9900,0.020994,2.366000,put
9901,0.020995,0.827000,get
9902,0.020995,0.299000,get
9903,0.020996,0.293000,get
9904,0.020996,0.371000,get
9905,0.020996,0.170000,get
9906,0.020997,0.334000,get
9907,0.020998,0.385000,get
9908,0.020998,0.333000,get
9909,0.020999,1.081000,get
9910,0.021002,2.066000,get
9911,0.021002,0.379000,get
9912,0.021005,2.214000,put
9913,0.021005,0.378000,get
9914,0.021006,0.934000,get
9915,0.021007,0.359000,get
9916,0.021008,0.349000,get
9917,0.021008,0.364000,get
9918,0.021008,0.180000,get
9919,0.021009,0.170000,get
9920,0.021011,1.793000,get
9921,0.021012,0.660000,get
9922,0.021017,4.665000,put
9923,0.021017,0.374000,get
9924,0.021020,2.215000,put
9925,0.021021,0.890000,get
9926,0.021021,0.176000,get
9927,0.021022,0.357000,get
9928,0.021024,1.698000,put
9929,0.021024,0.179000,get
9930,0.021027,2.909000,put
9931,0.021028,0.449000,get
9932,0.021028,0.313000,get
9933,0.021031,2.102000,get
9934,0.021035,3.956000,put
9935,0.021035,0.286000,get
9936,0.021036,0.171000,get
9937,0.021037,0.723000,get
9938,0.021037,0.297000,get
9939,0.021039,1.326000,get
9940,0.021041,2.583000,get
9941,0.021042,0.666000,get
9942,0.021043,0.174000,get
9943,0.021043,0.204000,get
9944,0.021045,2.114000,get
9945,0.021046,0.178000,get
9946,0.021049,2.568000,put
9947,0.021051,2.027000,put
9948,0.021054,2.519000,put
9949,0.021055,1.205000,get
9950,0.021055,0.171000,get
9951,0.021056,0.169000,get
9952,0.021058,2.417000,get
9953,0.021059,0.831000,get
9954,0.021060,0.296000,get
9955,0.021060,0.173000,get
9956,0.021061,0.637000,get
9957,0.021062,0.759000,get
9958,0.021063,0.354000,get
9959,0.021064,0.725000,get
9960,0.021068,4.554000,put
9961,0.021069,0.436000,get
9962,0.021069,0.260000,get
9963,0.021072,2.202000,put
9964,0.021072,0.350000,get
9965,0.021075,1.916000,put
9966,0.021075,0.227000,get
9967,0.021075,0.263000,get
9968,0.021077,1.571000,get
9969,0.021078,0.480000,get
9970,0.021078,0.337000,get
9971,0.021082,2.862000,put
9972,0.021086,4.270000,put
9973,0.021090,3.596000,get
9974,0.021091,0.437000,get
9975,0.021093,2.541000,put
9976,0.021094,0.481000,get
9977,0.021095,1.014000,get
9978,0.021098,2.450000,put
9979,0.021099,0.191000,get
9980,0.021100,1.499000,get
9981,0.021101,0.368000,get
9982,0.021103,2.227000,put
9983,0.021104,0.737000,get
9984,0.021115,5.696000,put
9985,0.021116,0.404000,get
9986,0.021118,1.941000,put
9987,0.021118,0.233000,get
9988,0.021119,0.267000,get
9989,0.021121,2.046000,put
9990,0.021122,0.502000,get
9991,0.021122,0.183000,get
9992,0.021123,0.825000,get
9993,0.021126,2.210000,put
9994,0.021126,0.377000,get
9995,0.021127,0.441000,get
9996,0.021127,0.384000,get
9997,0.021131,3.185000,get
9998,0.021131,0.318000,get
9999,0.021132,0.268000,get
10000,0.021132,0.231000,get
10001,0.021133,0.391000,get
10002,0.021134,1.014000,get
10003,0.021137,2.449000,get
10004,0.021138,0.436000,get
10005,0.021140,1.832000,get
10006,0.021140,0.372000,get
10007,0.021141,0.327000,get
10008,0.021141,0.189000,get
10009,0.021142,0.184000,get
10010,0.021142,0.469000,get
10011,0.021143,0.258000,get
10012,0.021150,6.647000,put
10013,0.021150,0.211000,get
10014,0.021151,0.281000,get
10015,0.021153,1.801000,get
10016,0.021153,0.337000,get
10017,0.021153,0.181000,get
10018,0.021154,0.223000,get
10019,0.021157,2.443000,put
10020,0.021159,2.073000,put
10021,0.021160,0.950000,get
10022,0.021161,0.682000,get
10023,0.021162,0.460000,get
10024,0.021162,0.323000,get
10025,0.021163,0.179000,get
10026,0.021165,2.609000,get
10027,0.021166,0.452000,get
10028,0.021167,0.336000,get
10029,0.021167,0.334000,get
10030,0.021172,4.403000,put
10031,0.021174,2.017000,get
10032,0.021174,0.190000,get
10033,0.021184,9.008000,get
10034,0.021185,0.963000,get
10035,0.021188,2.629000,put
10036,0.021189,0.776000,get
10037,0.021189,0.333000,get
10038,0.021191,1.397000,get
10039,0.021191,0.390000,get
10040,0.021192,0.346000,get
10041,0.021192,0.228000,get
10042,0.021193,0.182000,get
10043,0.021194,1.039000,get
10044,0.021197,2.461000,put
10045,0.021199,2.119000,get
10046,0.021200,0.880000,get
10047,0.021201,0.189000,get
10048,0.021204,2.890000,put
10049,0.021209,4.598000,put
10050,0.021209,0.371000,get
10051,0.021211,2.021000,put
10052,0.021212,0.378000,get
10053,0.021232,19.591000,get
10054,0.021233,0.863000,get
10055,0.021234,1.089000,get
10056,0.021237,2.833000,get
10057,0.021238,0.404000,get
10058,0.021239,0.348000,get
10059,0.021239,0.464000,get
10060,0.021243,3.584000,put
10061,0.021243,0.189000,get
10062,0.021244,0.244000,get
10063,0.021244,0.180000,get
10064,0.021245,0.183000,get
10065,0.021245,0.529000,get
10066,0.021246,0.181000,get
10067,0.021246,0.446000,get
10068,0.021250,2.980000,get
10069,0.021251,1.204000,get
10070,0.021256,4.309000,put
10071,0.021256,0.336000,get
10072,0.021256,0.173000,get
10073,0.021258,0.908000,get
10074,0.021258,0.322000,get
10075,0.021261,2.613000,get
10076,0.021262,1.005000,get
10077,0.021263,0.238000,get
10078,0.021264,0.755000,get
10079,0.021264,0.248000,get
10080,0.021265,0.754000,get
10081,0.021266,0.365000,get
10082,0.021270,4.455000,put
10083,0.021273,2.869000,get
10084,0.021274,0.202000,get
10085,0.021276,2.296000,put
10086,0.021279,1.993000,put
10087,0.021282,2.855000,get
10088,0.021283,0.483000,get
10089,0.021283,0.695000,get
10090,0.021284,0.321000,get
10091,0.021284,0.187000,get
10092,0.021285,0.170000,get
10093,0.021285,0.450000,get
10094,0.021286,0.445000,get
10095,0.021287,0.407000,get
10096,0.021287,0.208000,get
10097,0.021288,0.976000,get
10098,0.021291,2.633000,put
10099,0.021291,0.187000,get
10100,0.021292,0.415000,get
10101,0.021293,0.435000,get
10102,0.021293,0.179000,get
10103,0.021293,0.223000,get
10104,0.021294,0.278000,get
10105,0.021294,0.367000,get
10106,0.021295,0.520000,get
10107,0.021296,0.341000,get
10108,0.021297,0.865000,get
10109,0.021302,5.059000,put
10110,0.021305,2.478000,put
10111,0.021307,2.233000,put
10112,0.021308,0.211000,get
10113,0.021308,0.353000,get
10114,0.021309,0.175000,get
10115,0.021311,1.762000,put
10116,0.021312,0.952000,get
10117,0.021312,0.344000,get
10118,0.021313,0.402000,get
10119,0.021313,0.179000,get
10120,0.021314,0.310000,get
10121,0.021319,5.149000,put
10122,0.021320,0.361000,get
10123,0.021320,0.221000,get
10124,0.021321,0.313000,get
10125,0.021322,0.837000,get
10126,0.021322,0.191000,get
10127,0.021322,0.180000,get
10128,0.021323,0.423000,get
10129,0.021323,0.166000,get
10130,0.021324,0.168000,get
10131,0.021324,0.157000,get
10132,0.021325,0.369000,get
10133,0.021325,0.157000,get
10134,0.021328,2.442000,put
10135,0.021328,0.184000,get
10136,0.021328,0.162000,get
10137,0.021329,0.167000,get
10138,0.021330,0.696000,get
10139,0.021333,2.931000,put
10140,0.021336,3.224000,get
10141,0.021337,0.173000,get
10142,0.021337,0.167000,get
10143,0.021337,0.162000,get
10144,0.021338,0.479000,get
10145,0.021339,0.478000,get
10146,0.021339,0.354000,get
10147,0.021340,0.462000,get
10148,0.021340,0.159000,get
10149,0.021342,1.304000,get
10150,0.021344,1.797000,get
10151,0.021345,0.465000,get
10152,0.021347,2.565000,put
10153,0.021348,0.471000,get
10154,0.021349,0.414000,get
10155,0.021350,0.728000,get
10156,0.021350,0.242000,get
10157,0.021354,4.096000,put
10158,0.021355,0.735000,get
10159,0.021358,2.260000,get
10160,0.021361,3.368000,put
10161,0.021364,2.221000,put
10162,0.021364,0.357000,get
10163,0.021365,0.210000,get
10164,0.021370,4.865000,put
10165,0.021373,2.358000,get
10166,0.021373,0.355000,get
10167,0.021374,0.363000,get
10168,0.021375,0.849000,get
10169,0.021378,2.561000,put
10170,0.021378,0.456000,get
10171,0.021381,2.299000,get
10172,0.021381,0.228000,get
10173,0.021382,0.449000,get
10174,0.021385,2.487000,put
10175,0.021385,0.473000,get
10176,0.021386,0.809000,get
10177,0.021387,0.323000,get
10178,0.021390,2.710000,put
10179,0.021391,0.515000,get
10180,0.021391,0.421000,get
10181,0.021395,3.722000,put
10182,0.021397,1.667000,get
10183,0.021398,0.412000,get
10184,0.021398,0.385000,get
10185,0.021399,0.191000,get
10186,0.021399,0.281000,get
10187,0.021402,2.628000,put
10188,0.021403,0.369000,get
10189,0.021404,0.819000,get
10190,0.021404,0.305000,get
10191,0.021405,0.622000,get
10192,0.021408,2.300000,put
10193,0.021410,2.039000,put
10194,0.021414,3.658000,put
10195,0.021414,0.371000,get
10196,0.021415,0.416000,get
10197,0.021418,2.493000,get
10198,0.021418,0.192000,get
10199,0.021420,1.426000,get
10200,0.021420,0.469000,get
10201,0.021421,0.348000,get
10202,0.021421,0.183000,get
10203,0.021422,0.479000,get
10204,0.021425,2.535000,put
10205,0.021427,1.980000,put
10206,0.021428,0.255000,get
10207,0.021428,0.416000,get
10208,0.021428,0.185000,get
10209,0.021430,0.849000,get
10210,0.021430,0.377000,get
10211,0.021433,2.592000,put
10212,0.021433,0.200000,get
10213,0.021434,0.453000,get
10214,0.021438,3.888000,put
10215,0.021439,0.304000,get
10216,0.021439,0.188000,get
10217,0.021439,0.175000,get
10218,0.021440,0.160000,get
10219,0.021442,2.481000,get
10220,0.021443,0.379000,get
10221,0.021445,1.906000,get
10222,0.021448,2.308000,get
10223,0.021451,2.809000,get
10224,0.021451,0.347000,get
10225,0.021452,0.408000,get
10226,0.021453,0.349000,get
10227,0.021455,1.710000,get
10228,0.021455,0.469000,get
10229,0.021456,0.202000,get
10230,0.021459,3.181000,get
10231,0.021462,2.641000,put
10232,0.021464,2.109000,put
10233,0.021466,1.944000,get
10234,0.021467,0.189000,get
10235,0.021467,0.178000,get
10236,0.021470,2.045000,put
10237,0.021472,1.795000,get
10238,0.021472,0.365000,get
10239,0.021473,0.358000,get
10240,0.021477,3.738000,put
10241,0.021480,2.911000,get
10242,0.021483,2.632000,get
10243,0.021485,1.891000,get
10244,0.021487,1.473000,get
10245,0.021489,1.817000,get
10246,0.021490,0.508000,get
10247,0.021490,0.179000,get
10248,0.021490,0.254000,get
10249,0.021492,1.645000,get
10250,0.021493,0.182000,get
10251,0.021495,1.819000,get
10252,0.021495,0.467000,get
10253,0.021498,2.310000,put
10254,0.021498,0.370000,get
10255,0.021499,0.344000,get
10256,0.021502,2.496000,put
10257,0.021502,0.371000,get
10258,0.021503,0.328000,get
10259,0.021503,0.226000,get
10260,0.021505,1.922000,put
10261,0.021506,0.216000,get
10262,0.021507,0.438000,get
10263,0.021507,0.360000,get
10264,0.021508,0.198000,get
10265,0.021508,0.478000,get
10266,0.021509,0.192000,get
10267,0.021510,0.777000,get
10268,0.021511,1.036000,get
10269,0.021516,4.880000,put
10270,0.021517,0.480000,get
10271,0.021519,2.184000,get
10272,0.021522,2.458000,put
10273,0.021523,0.531000,get
10274,0.021524,0.878000,get
10275,0.021524,0.174000,get
10276,0.021527,2.748000,put
10277,0.021528,0.188000,get
10278,0.021528,0.247000,get
10279,0.021529,0.502000,get
10280,0.021530,0.771000,get
10281,0.021530,0.172000,get
10282,0.021534,3.494000,get
10283,0.021535,0.976000,get
10284,0.021536,0.823000,get
10285,0.021539,2.783000,put
10286,0.021543,3.727000,put
10287,0.021546,1.865000,get
10288,0.021546,0.182000,get
10289,0.021548,2.156000,put
10290,0.021549,0.259000,get
10291,0.021552,2.510000,get
10292,0.021552,0.192000,get
10293,0.021552,0.173000,get
10294,0.021555,2.381000,put
10295,0.021556,1.003000,get
10296,0.021567,5.199000,put
10297,0.021567,0.436000,get
10298,0.021570,2.420000,put
10299,0.021571,0.525000,get
10300,0.021571,0.174000,get
10301,0.021574,2.392000,put
10302,0.021576,1.830000,put
10303,0.021576,0.172000,get
10304,0.021583,6.923000,put
10305,0.021584,0.289000,get
10306,0.021586,1.801000,get
10307,0.021586,0.166000,get
10308,0.021587,0.162000,get
10309,0.021587,0.159000,get
10310,0.021587,0.160000,get
10311,0.021590,2.590000,put
10312,0.021591,0.172000,get
10313,0.021593,1.909000,put
10314,0.021594,1.026000,get
10315,0.021596,1.730000,get
10316,0.021597,0.493000,get
10317,0.021597,0.164000,get
10318,0.021598,0.484000,get
10319,0.021598,0.156000,get
10320,0.021598,0.219000,get
10321,0.021601,2.117000,put
10322,0.021601,0.389000,get
10323,0.021602,0.158000,get
10324,0.021605,3.484000,get
10325,0.021608,2.422000,get
10326,0.021609,0.772000,get
10327,0.021610,0.337000,get
10328,0.021615,5.027000,put
10329,0.021615,0.193000,get
10330,0.021616,0.153000,get
10331,0.021616,0.288000,get
10332,0.021617,0.373000,get
10333,0.021619,2.063000,put
10334,0.021621,1.869000,put
10335,0.021622,0.432000,get
10336,0.021625,2.669000,get
10337,0.021628,2.530000,put
10338,0.021628,0.175000,get
10339,0.021629,0.376000,get
10340,0.021630,0.821000,get
10341,0.021630,0.689000,get
10342,0.021631,0.467000,get
10343,0.021632,0.366000,get
10344,0.021636,3.750000,put
10345,0.021636,0.201000,get
10346,0.021638,1.492000,get
10347,0.021639,0.801000,get
10348,0.021639,0.463000,get
10349,0.021640,0.417000,get
10350,0.021642,1.728000,get
10351,0.021643,0.313000,get
10352,0.021643,0.203000,get
10353,0.021645,1.730000,get
10354,0.021646,0.958000,get
10355,0.021649,2.474000,put
10356,0.021651,2.363000,put
10357,0.021655,3.000000,get
10358,0.021655,0.495000,get
10359,0.021656,0.192000,get
10360,0.021656,0.338000,get
10361,0.021657,0.550000,get
10362,0.021658,0.392000,get
10363,0.021658,0.167000,get
10364,0.021661,2.461000,put
10365,0.021661,0.195000,get
10366,0.021662,0.924000,get
10367,0.021663,0.426000,get
10368,0.021663,0.373000,get
10369,0.021667,3.014000,get
10370,0.021669,2.470000,get
10371,0.021670,0.480000,get
10372,0.021675,4.586000,put
10373,0.021676,0.793000,get
10374,0.021676,0.384000,get
10375,0.021679,2.505000,put
10376,0.021680,0.477000,get
10377,0.021680,0.178000,get
10378,0.021683,2.484000,put
10379,0.021686,2.809000,get
10380,0.021688,1.997000,put
10381,0.021691,2.192000,get
10382,0.021691,0.182000,get
10383,0.021692,0.358000,get
10384,0.021696,4.362000,put
10385,0.021698,1.902000,put
10386,0.021700,1.083000,get
10387,0.021700,0.313000,get
10388,0.021701,0.177000,get
10389,0.021701,0.245000,get
10390,0.021701,0.170000,get
10391,0.021704,2.338000,put
10392,0.021705,0.452000,get
10393,0.021705,0.179000,get
10394,0.021706,0.442000,get
10395,0.021707,1.526000,get
10396,0.021708,0.584000,get
10397,0.021709,0.399000,get
10398,0.021713,4.282000,put
10399,0.021714,0.253000,get
10400,0.021716,2.029000,put
10401,0.021719,2.579000,put
10402,0.021721,2.346000,put
10403,0.021722,0.477000,get
10404,0.021723,0.178000,get
10405,0.021727,3.916000,put
10406,0.021727,0.310000,get
10407,0.021729,1.056000,get
10408,0.021729,0.465000,get
10409,0.021730,0.479000,get
10410,0.021733,3.006000,put
10411,0.021736,2.140000,get
10412,0.021736,0.470000,get
10413,0.021739,2.137000,get
10414,0.021739,0.189000,get
10415,0.021742,2.556000,put
10416,0.021744,1.971000,put
10417,0.021745,0.401000,get
10418,0.021745,0.445000,get
10419,0.021746,0.186000,get
10420,0.021747,0.895000,get
10421,0.021751,4.520000,put
10422,0.021752,0.193000,get
10423,0.021753,0.992000,get
10424,0.021753,0.178000,get
10425,0.021756,1.769000,get
10426,0.021756,0.431000,get
10427,0.021757,0.381000,get
10428,0.021757,0.376000,get
10429,0.021760,2.588000,put
10430,0.021764,3.389000,get
10431,0.021766,1.744000,get
10432,0.021767,1.350000,get
10433,0.021769,1.615000,get
10434,0.021770,0.247000,get
10435,0.021770,0.455000,get
10436,0.021771,0.197000,get
10437,0.021771,0.338000,get
10438,0.021772,0.373000,get
10439,0.021772,0.235000,get
10440,0.021773,0.311000,get
10441,0.021776,2.602000,put
10442,0.021776,0.455000,get
10443,0.021779,2.485000,put
10444,0.021780,0.198000,get
10445,0.021780,0.205000,get
10446,0.021780,0.175000,get
10447,0.021781,0.177000,get
10448,0.021782,0.723000,get
10449,0.021782,0.178000,get
10450,0.021783,0.418000,get
10451,0.021783,0.382000,get
10452,0.021788,4.982000,put
10453,0.021789,0.406000,get
10454,0.021791,2.155000,get
10455,0.021792,0.191000,get
10456,0.021795,2.510000,put
10457,0.021796,0.968000,get
10458,0.021796,0.386000,get
10459,0.021797,0.185000,get
10460,0.021797,0.464000,get
10461,0.021798,0.167000,get
10462,0.021798,0.340000,get
10463,0.021799,0.278000,get
10464,0.021801,2.485000,put
10465,0.021804,2.563000,put
10466,0.021806,1.044000,get
10467,0.021806,0.432000,get
10468,0.021807,0.190000,get
10469,0.021807,0.272000,get
10470,0.021811,4.043000,put
10471,0.021812,0.460000,get
10472,0.021813,0.397000,get
10473,0.021815,2.604000,put
10474,0.021818,1.959000,put
10475,0.021818,0.198000,get
10476,0.021819,0.473000,get
10477,0.021819,0.166000,get
10478,0.021821,2.255000,put
10479,0.021822,0.362000,get
10480,0.021823,0.413000,get
10481,0.021823,0.403000,get
10482,0.021824,0.258000,get
10483,0.021824,0.363000,get
10484,0.021825,0.175000,get
10485,0.021825,0.329000,get
10486,0.021826,0.245000,get
10487,0.021826,0.461000,get
10488,0.021827,0.975000,get
10489,0.021828,0.418000,get
10490,0.021828,0.216000,get
10491,0.021829,0.340000,get
10492,0.021835,5.330000,put
10493,0.021835,0.377000,get
10494,0.021838,2.106000,put
10495,0.021838,0.210000,get
10496,0.021839,0.870000,get
10497,0.021841,1.939000,put
10498,0.021846,4.453000,put
10499,0.021848,1.465000,get
10500,0.021848,0.446000,get
10501,0.021849,0.707000,get
10502,0.021852,2.913000,put
10503,0.021855,2.057000,put
10504,0.021858,2.528000,put
10505,0.021858,0.286000,get
10506,0.021859,0.368000,get
10507,0.021863,4.399000,put
10508,0.021864,0.352000,get
10509,0.021867,2.568000,get
10510,0.021869,2.098000,put
10511,0.021871,1.360000,get
10512,0.021873,2.054000,get
10513,0.021873,0.197000,get
10514,0.021874,0.210000,get
10515,0.021874,0.424000,get
10516,0.021875,0.178000,get
10517,0.021875,0.351000,get
10518,0.021878,2.449000,put
10519,0.021880,1.910000,put
10520,0.021880,0.265000,get
10521,0.021881,0.365000,get
10522,0.021882,1.006000,get
10523,0.021883,0.191000,get
10524,0.021883,0.166000,get
10525,0.021883,0.320000,get
10526,0.021888,4.283000,put
10527,0.021888,0.197000,get
10528,0.021891,2.345000,put
10529,0.021892,0.347000,get
10530,0.021894,1.807000,put
10531,0.021894,0.184000,get
10532,0.021894,0.168000,get
10533,0.021897,2.037000,put
10534,0.021897,0.500000,get
10535,0.021902,4.584000,put
10536,0.021905,2.813000,put
10537,0.021910,4.516000,get
10538,0.021911,0.462000,get
10539,0.021911,0.324000,get
10540,0.021911,0.175000,get
10541,0.021914,2.659000,get
10542,0.021915,0.181000,get
10543,0.021915,0.168000,get
10544,0.021915,0.164000,get
10545,0.021917,0.925000,get
10546,0.021917,0.156000,get
10547,0.021917,0.297000,get
10548,0.021918,0.164000,get
10549,0.021921,2.589000,put
10550,0.021922,0.783000,get
10551,0.021922,0.330000,get
10552,0.021923,0.333000,get
10553,0.021923,0.159000,get
10554,0.021923,0.321000,get
10555,0.021924,0.228000,get
10556,0.021924,0.156000,get
10557,0.021925,0.155000,get
10558,0.021927,2.435000,get
10559,0.021930,2.555000,put
10560,0.021936,5.712000,put
10561,0.021940,3.430000,get
10562,0.021940,0.365000,get
10563,0.021943,2.966000,put
10564,0.021944,0.177000,get
10565,0.021944,0.156000,get
10566,0.021946,1.125000,get
10567,0.021946,0.157000,get
10568,0.021947,0.440000,get
10569,0.021947,0.458000,get
10570,0.021948,0.161000,get
10571,0.021948,0.420000,get
10572,0.021949,0.633000,get
10573,0.021952,2.396000,get
10574,0.021952,0.168000,get
10575,0.021952,0.156000,get
10576,0.021953,0.341000,get
10577,0.021957,3.493000,put
10578,0.021958,0.993000,get
10579,0.021958,0.431000,get
10580,0.021959,0.168000,get
10581,0.021962,2.504000,put
10582,0.021962,0.511000,get
10583,0.021963,0.172000,get
10584,0.021966,3.264000,get
10585,0.021972,5.882000,put
10586,0.021973,0.905000,get
10587,0.021974,0.490000,get
10588,0.021974,0.157000,get
10589,0.021975,0.426000,get
10590,0.021975,0.164000,get
10591,0.021976,0.158000,get
10592,0.021978,2.239000,get
10593,0.021981,2.481000,put
10594,0.021984,2.280000,get
10595,0.021984,0.167000,get
10596,0.021986,1.591000,get
10597,0.021986,0.162000,get
10598,0.021987,0.331000,get
10599,0.021990,2.755000,put
10600,0.021990,0.172000,get
10601,0.021992,1.893000,put
10602,0.021993,0.429000,get
10603,0.021993,0.229000,get
10604,0.021998,4.316000,put
10605,0.021999,0.804000,get
10606,0.021999,0.326000,get
10607,0.022001,1.569000,get
10608,0.022009,2.680000,put
10609,0.022010,0.185000,get
10610,0.022010,0.333000,get
10611,0.022011,0.257000,get
10612,0.022014,2.899000,put
10613,0.022014,0.525000,get
10614,0.022015,0.172000,get
10615,0.022015,0.428000,get
10616,0.022016,0.788000,get
10617,0.022018,1.388000,get
10618,0.022019,0.295000,get
10619,0.022019,0.248000,get
10620,0.022022,3.157000,get
10621,0.022023,0.182000,get
10622,0.022023,0.168000,get
10623,0.022026,2.746000,get
10624,0.022031,4.741000,put
10625,0.022032,0.980000,get
10626,0.022035,2.269000,put
10627,0.022037,1.719000,put
10628,0.022039,1.905000,put
10629,0.022039,0.189000,get
10630,0.022041,1.061000,get
10631,0.022041,0.166000,get
10632,0.022042,0.640000,get
10633,0.022042,0.387000,get
10634,0.022043,0.436000,get
10635,0.022043,0.170000,get
10636,0.022045,0.930000,get
10637,0.022049,4.346000,put
10638,0.022050,0.386000,get
10639,0.022050,0.426000,get
10640,0.022051,0.181000,get
10641,0.022051,0.160000,get
10642,0.022052,0.904000,get
10643,0.022053,0.408000,get
10644,0.022055,2.469000,put
10645,0.022056,0.265000,get
10646,0.022056,0.311000,get
10647,0.022057,0.351000,get
10648,0.022058,0.644000,get
10649,0.022060,2.232000,put
10650,0.022061,0.185000,get
10651,0.022063,2.259000,put
10652,0.022064,0.408000,get
10653,0.022068,3.820000,put
10654,0.022069,0.441000,get
10655,0.022069,0.361000,get
10656,0.022070,0.322000,get
10657,0.022071,0.756000,get
10658,0.022071,0.484000,get
10659,0.022072,0.421000,get
10660,0.022074,2.265000,put
10661,0.022075,0.191000,get
10662,0.022077,2.154000,put
10663,0.022077,0.203000,get
10664,0.022078,0.359000,get
10665,0.022079,0.469000,get
10666,0.022081,2.240000,get
10667,0.022082,0.190000,get
10668,0.022083,0.833000,get
10669,0.022083,0.376000,get
10670,0.022085,1.786000,get
10671,0.022088,2.482000,put
10672,0.022088,0.194000,get
10673,0.022093,4.610000,put
10674,0.022094,0.284000,get
10675,0.022096,2.054000,get
10676,0.022097,0.727000,get
10677,0.022098,0.309000,get
10678,0.022100,2.479000,put
10679,0.022103,2.309000,put
10680,0.022105,2.280000,put
10681,0.022106,0.534000,get
10682,0.022107,0.806000,get
10683,0.022108,0.642000,get
10684,0.022108,0.174000,get
10685,0.022112,3.863000,put
10686,0.022113,0.340000,get
10687,0.022113,0.181000,get
10688,0.022116,2.405000,put
10689,0.022116,0.316000,get
10690,0.022119,2.633000,put
10691,0.022120,0.189000,get
10692,0.022122,2.559000,put
10693,0.022131,8.146000,put
10694,0.022131,0.180000,get
10695,0.022132,0.154000,get
10696,0.022133,0.791000,get
10697,0.022133,0.160000,get
10698,0.022136,3.092000,put
10699,0.022137,0.771000,get
10700,0.022140,2.309000,put
10701,0.022140,0.342000,get
10702,0.022141,0.493000,get
10703,0.022146,4.677000,put
10704,0.022147,0.368000,get
10705,0.022148,0.808000,get
10706,0.022148,0.342000,get
10707,0.022148,0.165000,get
10708,0.022149,0.331000,get
10709,0.022152,2.440000,put
10710,0.022155,2.696000,get
10711,0.022155,0.334000,get
10712,0.022156,0.279000,get
10713,0.022156,0.238000,get
10714,0.022157,0.750000,get
10715,0.022158,0.507000,get
10716,0.022158,0.312000,get
10717,0.022160,1.154000,get
10718,0.022162,2.376000,get
10719,0.022163,0.281000,get
10720,0.022163,0.176000,get
10721,0.022164,0.366000,get
10722,0.022166,1.869000,get
10723,0.022166,0.183000,get
10724,0.022169,2.645000,put
10725,0.022170,0.197000,get
10726,0.022172,2.252000,put
10727,0.022172,0.183000,get
10728,0.022173,0.365000,get
10729,0.022173,0.300000,get
10730,0.022178,4.545000,put
10731,0.022179,0.526000,get
10732,0.022179,0.332000,get
10733,0.022181,1.580000,get
10734,0.022182,0.271000,get
10735,0.022182,0.181000,get
10736,0.022186,3.057000,put
10737,0.022186,0.394000,get
10738,0.022187,0.175000,get
10739,0.022187,0.706000,get
10740,0.022188,0.187000,get
10741,0.022191,2.502000,put
10742,0.022191,0.535000,get
10743,0.022193,1.979000,put
10744,0.022195,1.062000,get
10745,0.022195,0.445000,get
10746,0.022200,4.326000,put
10747,0.022201,0.857000,get
10748,0.022202,0.342000,get
10749,0.022202,0.520000,get
10750,0.022203,0.307000,get
10751,0.022205,2.312000,put
10752,0.022206,0.349000,get
10753,0.022209,2.297000,get
10754,0.022209,0.453000,get
10755,0.022212,2.516000,get
10756,0.022213,0.388000,get
10757,0.022214,1.394000,get
10758,0.022216,1.916000,get
10759,0.022217,0.460000,get
10760,0.022220,2.533000,put
10761,0.022222,1.956000,put
10762,0.022223,0.368000,get
10763,0.022223,0.528000,get
10764,0.022228,4.837000,put
10765,0.022229,0.393000,get
10766,0.022231,2.312000,get
10767,0.022232,0.333000,get
10768,0.022232,0.189000,get
10769,0.022235,2.480000,put
10770,0.022236,0.204000,get
10771,0.022236,0.505000,get
10772,0.022239,2.163000,get
10773,0.022239,0.447000,get
10774,0.022243,3.221000,put
10775,0.022243,0.458000,get
10776,0.022244,0.416000,get
10777,0.022245,0.487000,get
10778,0.022245,0.187000,get
10779,0.022246,0.282000,get
10780,0.022246,0.350000,get
10781,0.022247,0.395000,get
10782,0.022247,0.236000,get
10783,0.022248,0.480000,get
10784,0.022250,2.308000,put
10785,0.022253,2.619000,get
10786,0.022254,0.474000,get
10787,0.022255,0.939000,get
10788,0.022256,0.272000,get
10789,0.022257,1.333000,get
10790,0.022257,0.173000,get
10791,0.022262,4.656000,put
10792,0.022263,0.793000,get
10793,0.022264,0.711000,get
10794,0.022265,0.364000,get
10795,0.022265,0.171000,get
10796,0.022266,0.288000,get
10797,0.022266,0.170000,get
10798,0.022269,2.676000,get
10799,0.022270,0.405000,get
10800,0.022270,0.477000,get
10801,0.022271,0.169000,get
10802,0.022271,0.154000,get
10803,0.022272,0.865000,get
10804,0.022272,0.173000,get
10805,0.022276,2.944000,put
10806,0.022276,0.404000,get
10807,0.022278,1.386000,get
10808,0.022278,0.174000,get
10809,0.022279,0.508000,get
10810,0.022280,0.410000,get
10811,0.022282,2.431000,put
10812,0.022285,2.416000,put
10813,0.022289,3.886000,put
10814,0.022290,0.509000,get
10815,0.022290,0.265000,get
10816,0.022291,0.442000,get
10817,0.022294,3.104000,get
10818,0.022297,2.916000,get
10819,0.022298,0.835000,get
10820,0.022299,0.241000,get
10821,0.022299,0.331000,get
10822,0.022300,0.463000,get
10823,0.022301,0.476000,get
10824,0.022301,0.329000,get
10825,0.022302,0.411000,get
10826,0.022302,0.358000,get
10827,0.022306,3.011000,get
10828,0.022309,2.995000,put
10829,0.022312,2.508000,put
10830,0.022312,0.458000,get
10831,0.022313,0.291000,get
10832,0.022313,0.182000,get
10833,0.022319,5.485000,put
10834,0.022322,2.819000,get
10835,0.022325,2.643000,put
10836,0.022326,0.208000,get
10837,0.022328,2.396000,get
10838,0.022329,0.555000,get
10839,0.022332,2.596000,put
10840,0.022332,0.482000,get
10841,0.022335,1.784000,put
10842,0.022335,0.380000,get
10843,0.022336,0.187000,get
10844,0.022336,0.183000,get
10845,0.022336,0.255000,get
10846,0.022337,0.305000,get
10847,0.022338,0.484000,get
10848,0.022338,0.326000,get
10849,0.022343,4.848000,put
10850,0.022346,2.059000,get
10851,0.022347,1.363000,get
10852,0.022348,0.195000,get
10853,0.022348,0.476000,get
10854,0.022349,0.450000,get
10855,0.022350,0.671000,get
10856,0.022353,2.458000,put
10857,0.022353,0.364000,get
10858,0.022354,0.371000,get
10859,0.022357,2.900000,put
10860,0.022358,0.509000,get
10861,0.022358,0.498000,get
10862,0.022361,2.163000,put
10863,0.022366,5.364000,put
10864,0.022369,2.111000,put
10865,0.022370,0.805000,get
10866,0.022372,2.080000,put
10867,0.022373,0.361000,get
10868,0.022373,0.485000,get
10869,0.022374,0.184000,get
10870,0.022375,0.949000,get
10871,0.022377,1.916000,put
10872,0.022378,0.284000,get
10873,0.022380,2.347000,get
10874,0.022383,2.598000,get
10875,0.022384,0.483000,get
10876,0.022384,0.446000,get
10877,0.022385,0.437000,get
10878,0.022385,0.332000,get
10879,0.022386,0.436000,get
10880,0.022387,0.336000,get
10881,0.022387,0.355000,get
10882,0.022390,2.572000,get
10883,0.022390,0.193000,get
10884,0.022391,0.468000,get
10885,0.022392,0.444000,get
10886,0.022392,0.331000,get
10887,0.022393,0.169000,get
10888,0.022395,1.867000,get
10889,0.022395,0.187000,get
10890,0.022399,4.169000,put
10891,0.022400,0.729000,get
10892,0.022401,0.496000,get
10893,0.022404,2.175000,put
10894,0.022406,2.533000,put
10895,0.022407,0.283000,get
10896,0.022408,0.508000,get
10897,0.022408,0.484000,get
10898,0.022411,2.414000,put
10899,0.022411,0.238000,get
10900,0.022412,0.663000,get
10901,0.022413,0.369000,get
10902,0.022414,0.476000,get
10903,0.022414,0.237000,get
10904,0.022415,1.164000,get
10905,0.022416,0.200000,get
10906,0.022416,0.332000,get
10907,0.022417,0.194000,get
10908,0.022422,4.929000,put
10909,0.022423,0.965000,get
10910,0.022426,2.365000,put
10911,0.022426,0.211000,get
10912,0.022427,0.285000,get
10913,0.022429,2.283000,get
10914,0.022430,0.949000,get
10915,0.022431,0.199000,get
10916,0.022431,0.358000,get
10917,0.022434,2.248000,put
10918,0.022436,1.834000,get
10919,0.022436,0.353000,get
10920,0.022442,0.373000,get
10921,0.022444,2.222000,put
10922,0.022445,0.370000,get
10923,0.022447,1.253000,get
10924,0.022447,0.381000,get
10925,0.022448,0.189000,get
10926,0.022448,0.655000,get
10927,0.022449,0.526000,get
10928,0.022450,0.392000,get
10929,0.022450,0.443000,get
10930,0.022451,0.314000,get
10931,0.022451,0.188000,get
10932,0.022452,0.286000,get
10933,0.022456,4.391000,put
10934,0.022459,2.327000,get
10935,0.022462,2.369000,put
10936,0.022462,0.399000,get
10937,0.022463,0.414000,get
10938,0.022464,0.519000,get
10939,0.022465,0.766000,get
10940,0.022468,2.598000,put
10941,0.022468,0.317000,get
10942,0.022471,2.263000,get
10943,0.022473,2.292000,get
10944,0.022474,0.198000,get
10945,0.022475,0.753000,get
10946,0.022478,3.435000,put
10947,0.022479,0.452000,get
10948,0.022479,0.184000,get
10949,0.022480,0.293000,get
10950,0.022480,0.365000,get
10951,0.022481,0.376000,get
10952,0.022482,1.039000,get
10953,0.022483,0.367000,get
10954,0.022483,0.307000,get
10955,0.022487,3.888000,put
10956,0.022490,2.214000,put
10957,0.022491,1.171000,get
10958,0.022492,0.193000,get
10959,0.022492,0.360000,get
10960,0.022495,2.364000,put
10961,0.022495,0.347000,get
10962,0.022496,0.348000,get
10963,0.022500,3.646000,put
10964,0.022503,2.582000,get
10965,0.022505,2.335000,put
10966,0.022507,1.910000,get
10967,0.022508,0.361000,get
10968,0.022509,0.393000,get
10969,0.022509,0.189000,get
10970,0.022511,2.049000,get
10971,0.022514,2.498000,put
10972,0.022515,0.280000,get
10973,0.022515,0.526000,get
10974,0.022516,0.191000,get
10975,0.022516,0.228000,get
10976,0.022519,3.000000,get
10977,0.022520,0.352000,get
10978,0.022523,2.590000,put
10979,0.022523,0.193000,get
10980,0.022527,3.346000,put
10981,0.022527,0.311000,get
10982,0.022530,2.403000,put
10983,0.022530,0.258000,get
10984,0.022533,2.197000,put
10985,0.022536,2.908000,put
10986,0.022537,1.144000,get
10987,0.022538,0.182000,get
10988,0.022538,0.177000,get
10989,0.022542,3.744000,put
10990,0.022545,3.085000,put
10991,0.022548,2.091000,put
10992,0.022549,0.805000,get
10993,0.022549,0.289000,get
10994,0.022552,2.392000,put
10995,0.022556,3.988000,put
10996,0.022558,1.221000,get
10997,0.022562,3.761000,get
10998,0.022562,0.483000,get
10999,0.022563,0.174000,get
11000,0.022566,2.675000,get
11001,0.022566,0.412000,get
11002,0.022568,1.596000,get
11003,0.022569,0.456000,get
11004,0.022572,2.907000,put
11005,0.022575,2.319000,put
11006,0.022575,0.365000,get
11007,0.022579,3.248000,put
11008,0.022587,8.295000,get
11009,0.022588,0.187000,get
11010,0.022589,0.833000,get
11011,0.022589,0.377000,get
11012,0.022590,0.340000,get
11013,0.022595,4.532000,put
11014,0.022595,0.357000,get
11015,0.022597,1.951000,get
11016,0.022598,0.486000,get
11017,0.022599,0.448000,get
11018,0.022600,0.461000,get
11019,0.022603,3.370000,get
11020,0.022604,0.344000,get
11021,0.022605,0.821000,get
11022,0.022605,0.253000,get
11023,0.022606,0.373000,get
11024,0.022607,0.321000,get
11025,0.022607,0.327000,get
11026,0.022608,0.332000,get
11027,0.022608,0.402000,get
11028,0.022609,0.180000,get
11029,0.022609,0.178000,get
11030,0.022610,0.489000,get
11031,0.022613,2.891000,get
11032,0.022614,0.736000,get
11033,0.022617,2.758000,get
11034,0.022619,2.489000,put
11035,0.022622,1.956000,put
11036,0.022622,0.200000,get
11037,0.022622,0.196000,get
11038,0.022623,0.362000,get
11039,0.022625,1.223000,get
11040,0.022625,0.501000,get
11041,0.022626,0.768000,get
11042,0.022627,1.017000,get
11043,0.022630,2.690000,put
11044,0.022634,3.257000,get
11045,0.022635,0.694000,get
11046,0.022635,0.176000,get
11047,0.022636,0.352000,get
11048,0.022636,0.182000,get
11049,0.022636,0.244000,get
11050,0.022637,0.230000,get
11051,0.022637,0.392000,get
11052,0.022643,4.915000,put
11053,0.022643,0.537000,get
11054,0.022644,0.450000,get
11055,0.022644,0.186000,get
11056,0.022646,1.640000,get
11057,0.022649,2.211000,put
11058,0.022649,0.306000,get
11059,0.022650,0.499000,get
11060,0.022650,0.183000,get
11061,0.022651,0.168000,get
11062,0.022652,0.645000,get
11063,0.022652,0.177000,get
11064,0.022653,0.685000,get
11065,0.022656,2.957000,put
11066,0.022661,4.901000,put
11067,0.022664,2.295000,put
11068,0.022664,0.309000,get
11069,0.022665,0.375000,get
11070,0.022665,0.175000,get
11071,0.022666,0.172000,get
11072,0.022667,0.783000,get
11073,0.022668,1.316000,get
11074,0.022668,0.171000,get
11075,0.022669,0.466000,get
11076,0.022670,0.483000,get
11077,0.022673,2.504000,put
11078,0.022675,2.226000,put
11079,0.022676,0.405000,get
11080,0.022676,0.241000,get
11081,0.022681,4.344000,put
11082,0.022683,1.718000,put
11083,0.022683,0.321000,get
11084,0.022684,0.359000,get
11085,0.022684,0.448000,get
11086,0.022685,0.169000,get
11087,0.022685,0.170000,get
11088,0.022686,0.529000,get
11089,0.022686,0.168000,get
11090,0.022686,0.174000,get
11091,0.022687,0.515000,get
11092,0.022688,0.656000,get
11093,0.022689,0.526000,get
11094,0.022689,0.171000,get
11095,0.022690,0.449000,get
11096,0.022691,0.734000,get
11097,0.022693,2.323000,put
11098,0.022694,0.390000,get
11099,0.022696,1.635000,get
11100,0.022698,1.766000,put
11101,0.022700,1.859000,get
11102,0.022701,1.046000,get
11103,0.022701,0.184000,get
11104,0.022702,0.393000,get
11105,0.022704,1.772000,get
11106,0.022704,0.188000,get
11107,0.022705,0.722000,get
11108,0.022706,0.374000,get
11109,0.022707,0.484000,get
11110,0.022707,0.486000,get
11111,0.022708,0.912000,get
11112,0.022709,0.356000,get
11113,0.022710,0.866000,get
11114,0.022711,0.490000,get
11115,0.022717,6.474000,put
11116,0.022720,2.325000,put
11117,0.022721,0.840000,get
11118,0.022723,2.046000,put
11119,0.022726,2.850000,put
11120,0.022727,0.675000,get
11121,0.022731,2.884000,get
11122,0.022735,4.431000,put
11123,0.022737,1.945000,put
11124,0.022738,0.350000,get
11125,0.022739,0.523000,get
11126,0.022740,1.445000,get
11127,0.022741,0.205000,get
11128,0.022741,0.515000,get
11129,0.022742,0.391000,get
11130,0.022743,0.981000,get
11131,0.022746,2.189000,get
11132,0.022748,2.446000,put
11133,0.022751,2.054000,get
11134,0.022752,0.530000,get
11135,0.022752,0.248000,get
11136,0.022755,2.380000,put
11137,0.022755,0.479000,get
11138,0.022756,0.469000,get
11139,0.022759,2.679000,get
11140,0.022760,1.100000,get
11141,0.022762,1.153000,get
11142,0.022763,0.902000,get
11143,0.022763,0.248000,get
11144,0.022764,0.386000,get
11145,0.022769,4.869000,put
11146,0.022770,0.987000,get
11147,0.022771,0.394000,get
11148,0.022774,2.976000,put
11149,0.022775,0.860000,get
11150,0.022776,0.230000,get
11151,0.022778,2.592000,put
11152,0.022780,1.620000,get
11153,0.022781,0.492000,get
11154,0.022783,1.849000,put
11155,0.022785,1.531000,get
11156,0.022786,0.852000,get
11157,0.022792,5.436000,put
11158,0.022794,2.049000,put
11159,0.022795,0.391000,get
11160,0.022796,0.832000,get
11161,0.022799,3.158000,get
11162,0.022802,3.016000,get
11163,0.022803,0.192000,get
11164,0.022803,0.467000,get
11165,0.022806,2.465000,put
11166,0.022809,3.003000,get
11167,0.022810,0.257000,get
11168,0.022810,0.234000,get
11169,0.022811,0.193000,get
11170,0.022812,0.991000,get
11171,0.022813,0.911000,get
11172,0.022815,1.558000,get
11173,0.022815,0.193000,get
11174,0.022817,1.958000,get
11175,0.022822,4.690000,put
11176,0.022824,1.858000,put
11177,0.022828,3.494000,get
11178,0.022829,0.422000,get
11179,0.022832,2.673000,put
11180,0.022834,1.891000,put
11181,0.022835,0.473000,get
11182,0.022839,3.646000,put
11183,0.022842,2.728000,put
11184,0.022842,0.381000,get
11185,0.022843,0.512000,get
11186,0.022843,0.403000,get
11187,0.022844,0.465000,get
11188,0.022845,0.357000,get
11189,0.022847,2.371000,put
11190,0.022848,0.199000,get
11191,0.022850,2.375000,put
11192,0.022851,0.492000,get
11193,0.022851,0.283000,get
11194,0.022852,0.463000,get
11195,0.022853,0.752000,get
11196,0.022854,0.458000,get
11197,0.022854,0.472000,get
11198,0.022855,0.358000,get
11199,0.022860,4.409000,put
11200,0.022860,0.363000,get
11201,0.022861,0.319000,get
11202,0.022861,0.406000,get
11203,0.022876,14.499000,put
11204,0.022877,0.239000,get
11205,0.022880,2.599000,put
11206,0.022882,2.520000,put
11207,0.022884,1.167000,get
11208,0.022884,0.316000,get
11209,0.022885,0.328000,get
11210,0.022886,0.659000,get
11211,0.022886,0.376000,get
11212,0.022887,0.317000,get
11213,0.022890,3.034000,get
11214,0.022890,0.195000,get
11215,0.022893,1.983000,get
11216,0.022897,4.156000,put
11217,0.022900,2.878000,get
11218,0.022903,2.488000,put
11219,0.022904,0.491000,get
11220,0.022904,0.235000,get
11221,0.022904,0.183000,get
11222,0.022907,2.289000,put
11223,0.022907,0.196000,get
11224,0.022908,0.321000,get
11225,0.022910,2.415000,put
11226,0.022915,3.659000,get
11227,0.022915,0.343000,get
11228,0.022916,0.451000,get
11229,0.022917,1.473000,get
11230,0.022918,0.315000,get
11231,0.022923,4.875000,put
11232,0.022929,0.352000,get
11233,0.022931,2.594000,put
11234,0.022932,0.321000,get
11235,0.022932,0.170000,get
11236,0.022933,0.242000,get
11237,0.022933,0.485000,get
11238,0.022937,2.987000,put
11239,0.022937,0.391000,get
11240,0.022940,2.531000,get
11241,0.022941,0.854000,get
11242,0.022942,0.329000,get
11243,0.022942,0.243000,get
11244,0.022946,3.271000,get
11245,0.022946,0.194000,get
11246,0.022949,2.405000,put
11247,0.022953,3.763000,put
11248,0.022953,0.274000,get
11249,0.022955,2.097000,put
11250,0.022956,0.209000,get
11251,0.022956,0.470000,get
11252,0.022958,1.299000,get
11253,0.022958,0.164000,get
11254,0.022959,0.312000,get
11255,0.022962,3.241000,put
11256,0.022963,0.365000,get
11257,0.022966,2.280000,get
11258,0.022967,0.851000,get
11259,0.022968,0.986000,get
11260,0.022968,0.273000,get
11261,0.022971,2.536000,put
11262,0.022972,0.199000,get
11263,0.022974,2.516000,get
11264,0.022975,0.953000,get
11265,0.022976,0.238000,get
11266,0.022976,0.173000,get
11267,0.022977,0.436000,get
11268,0.022977,0.306000,get
11269,0.022978,0.222000,get
11270,0.022978,0.223000,get
11271,0.022979,0.491000,get
11272,0.022983,4.145000,put
11273,0.022984,0.414000,get
11274,0.022984,0.250000,get
11275,0.022985,0.348000,get
11276,0.022985,0.245000,get
11277,0.022986,0.171000,get
11278,0.022986,0.166000,get
11279,0.022986,0.226000,get
11280,0.022990,2.748000,get
11281,0.022990,0.175000,get
11282,0.022992,2.369000,put
11283,0.022993,0.357000,get
11284,0.022993,0.291000,get
11285,0.022995,1.477000,get
11286,0.022996,0.485000,get
11287,0.022996,0.307000,get
11288,0.022998,1.709000,get
11289,0.022999,0.357000,get
11290,0.023002,3.063000,put
11291,0.023004,1.329000,get
11292,0.023004,0.352000,get
11293,0.023005,0.506000,get
11294,0.023008,2.271000,get
11295,0.023008,0.186000,get
11296,0.023009,0.995000,get
11297,0.023012,2.807000,get
11298,0.023013,0.399000,get
11299,0.023014,0.502000,get
11300,0.023019,5.040000,put
11301,0.023020,0.467000,get
11302,0.023023,2.881000,get
11303,0.023023,0.186000,get
11304,0.023024,0.455000,get
11305,0.023025,0.679000,get
11306,0.023025,0.164000,get
11307,0.023027,1.818000,get
11308,0.023028,1.066000,get
11309,0.023029,0.509000,get
11310,0.023030,0.353000,get
11311,0.023033,2.905000,put
11312,0.023033,0.398000,get
11313,0.023034,0.346000,get
11314,0.023034,0.184000,get
11315,0.023035,0.319000,get
11316,0.023035,0.163000,get
11317,0.023035,0.323000,get
11318,0.023038,2.157000,put
11319,0.023041,2.676000,get
11320,0.023041,0.493000,get
11321,0.023042,0.169000,get
11322,0.023042,0.468000,get
11323,0.023045,2.357000,put
11324,0.023049,3.666000,put
11325,0.023050,0.389000,get
11326,0.023051,0.758000,get
11327,0.023071,19.678000,get
11328,0.023071,0.313000,get
11329,0.023074,2.815000,put
11330,0.023075,0.739000,get
11331,0.023076,0.492000,get
11332,0.023078,2.535000,put
11333,0.023079,0.523000,get
11334,0.023080,0.211000,get
11335,0.023081,0.709000,get
11336,0.023081,0.192000,get
11337,0.023081,0.169000,get
11338,0.023082,0.515000,get
11339,0.023083,0.414000,get
11340,0.023086,3.105000,get
11341,0.023088,1.577000,get
11342,0.023090,2.086000,get
11343,0.023091,0.387000,get
11344,0.023091,0.184000,get
11345,0.023103,11.887000,get
11346,0.023104,0.468000,get
11347,0.023105,0.455000,get
11348,0.023105,0.166000,get
11349,0.023105,0.238000,get
11350,0.023107,1.186000,get
11351,0.023107,0.391000,get
11352,0.023108,0.166000,get
11353,0.023108,0.278000,get
11354,0.023109,0.445000,get
11355,0.023110,0.469000,get
11356,0.023111,1.467000,get
11357,0.023112,0.378000,get
11358,0.023113,0.465000,get
11359,0.023113,0.176000,get
11360,0.023114,0.173000,get
11361,0.023116,2.598000,get
11362,0.023117,0.366000,get
11363,0.023117,0.169000,get
11364,0.023118,0.164000,get
11365,0.023125,6.713000,get
11366,0.023128,3.405000,put
11367,0.023133,4.054000,put
11368,0.023134,0.938000,get
11369,0.023134,0.196000,get
11370,0.023137,2.065000,put
11371,0.023139,2.010000,put
11372,0.023143,3.470000,get
11373,0.023143,0.390000,get
11374,0.023145,1.481000,get
11375,0.023146,0.468000,get
11376,0.023148,2.470000,put
11377,0.023149,0.727000,get
11378,0.023153,3.657000,put
11379,0.023154,0.548000,get
11380,0.023154,0.169000,get
11381,0.023155,0.239000,get
11382,0.023155,0.279000,get
11383,0.023159,3.073000,put
11384,0.023159,0.378000,get
11385,0.023160,0.172000,get
11386,0.023160,0.725000,get
11387,0.023163,2.370000,put
11388,0.023163,0.188000,get
11389,0.023164,0.369000,get
11390,0.023166,1.970000,put
11391,0.023167,0.409000,get
11392,0.023169,2.254000,get
11393,0.023170,0.348000,get
11394,0.023171,0.358000,get
11395,0.023172,1.210000,get
11396,0.023173,0.423000,get
11397,0.023173,0.457000,get
11398,0.023174,0.478000,get
11399,0.023193,19.015000,get
11400,0.023195,1.516000,get
11401,0.023196,0.544000,get
11402,0.023199,2.710000,get
11403,0.023199,0.392000,get
11404,0.023205,5.242000,put
11405,0.023205,0.359000,get
11406,0.023206,0.186000,get
11407,0.023206,0.334000,get
11408,0.023209,2.185000,put
11409,0.023209,0.509000,get
11410,0.023212,2.377000,put
11411,0.023212,0.211000,get
11412,0.023216,3.387000,get
11413,0.023217,0.290000,get
11414,0.023219,2.275000,put
11415,0.023219,0.200000,get
11416,0.023224,4.648000,put
11417,0.023227,2.216000,get
11418,0.023228,0.499000,get
11419,0.023228,0.238000,get
11420,0.023229,0.397000,get
11421,0.023230,1.212000,get
11422,0.023233,2.745000,put
11423,0.023236,2.412000,get
11424,0.023238,2.369000,put
11425,0.023239,0.503000,get
11426,0.023240,0.457000,get
11427,0.023240,0.226000,get
11428,0.023241,0.464000,get
11429,0.023244,2.503000,get
11430,0.023246,2.299000,get
11431,0.023247,0.179000,get
11432,0.023247,0.167000,get
11433,0.023248,1.277000,get
11434,0.023249,0.387000,get
11435,0.023250,0.483000,get
11436,0.023250,0.455000,get
11437,0.023251,0.469000,get
11438,0.023253,1.205000,get
11439,0.023253,0.178000,get
11440,0.023253,0.254000,get
11441,0.023254,0.176000,get
11442,0.023255,0.968000,get
11443,0.023256,0.967000,get
11444,0.023257,0.685000,get
11445,0.023257,0.175000,get
11446,0.023262,4.511000,put
11447,0.023265,2.253000,put
11448,0.023266,0.835000,get
11449,0.023266,0.181000,get
11450,0.023266,0.174000,get
11451,0.023269,2.737000,get
11452,0.023270,0.532000,get
11453,0.023271,0.179000,get
11454,0.023271,0.498000,get
11455,0.023274,2.901000,put
11456,0.023275,0.846000,get
11457,0.023278,2.120000,put
11458,0.023281,2.648000,get
11459,0.023284,2.706000,get
11460,0.023288,4.467000,put
11461,0.023289,0.204000,get
11462,0.023290,0.517000,get
11463,0.023290,0.438000,get
11464,0.023291,0.511000,get
11465,0.023291,0.451000,get
11466,0.023292,0.171000,get
11467,0.023292,0.370000,get
11468,0.023293,0.834000,get
11469,0.023297,3.111000,put
11470,0.023297,0.369000,get
11471,0.023300,2.140000,put
11472,0.023302,2.133000,get
11473,0.023303,0.984000,get
11474,0.023306,2.956000,get
11475,0.023307,0.451000,get
11476,0.023308,0.401000,get
11477,0.023309,1.385000,get
11478,0.023311,1.558000,get
11479,0.023312,0.187000,get
11480,0.023314,2.380000,put
11481,0.023315,0.389000,get
11482,0.023318,2.522000,get
11483,0.023318,0.285000,get
11484,0.023319,0.342000,get
11485,0.023326,6.888000,put
11486,0.023328,1.998000,put
11487,0.023330,1.992000,put
11488,0.023333,2.451000,get
11489,0.023336,2.287000,put
11490,0.023336,0.423000,get
11491,0.023341,4.686000,put
11492,0.023342,0.367000,get
11493,0.023342,0.321000,get
11494,0.023343,0.531000,get
11495,0.023345,1.981000,put
11496,0.023347,1.992000,put
11497,0.023350,2.223000,put
11498,0.023351,0.490000,get
11499,0.023351,0.188000,get
11500,0.023351,0.183000,get
11501,0.023352,0.167000,get
11502,0.023352,0.463000,get
11503,0.023353,0.430000,get
11504,0.023353,0.352000,get
11505,0.023354,0.491000,get
11506,0.023355,0.544000,get
11507,0.023356,0.364000,get
11508,0.023358,2.191000,get
11509,0.023358,0.196000,get
11510,0.023359,0.323000,get
11511,0.023359,0.342000,get
11512,0.023360,0.186000,get
11513,0.023360,0.418000,get
11514,0.023361,0.480000,get
11515,0.023362,0.433000,get
11516,0.023364,1.964000,get
11517,0.023365,0.973000,get
11518,0.023367,1.344000,get
11519,0.023372,4.705000,put
11520,0.023372,0.208000,get
11521,0.023375,2.147000,put
11522,0.023375,0.517000,get
11523,0.023376,0.179000,get
11524,0.023376,0.175000,get
11525,0.023377,0.530000,get
11526,0.023379,1.859000,put
11527,0.023382,2.929000,put
11528,0.023383,0.397000,get
11529,0.023383,0.181000,get
11530,0.023388,4.570000,put
11531,0.023388,0.193000,get
11532,0.023391,2.344000,put
11533,0.023391,0.500000,get
11534,0.023392,0.404000,get
11535,0.023393,0.366000,get
11536,0.023393,0.186000,get
11537,0.023393,0.167000,get
11538,0.023395,1.142000,get
11539,0.023395,0.389000,get
11540,0.023398,2.398000,put
11541,0.023401,3.166000,get
11542,0.023406,3.886000,put
11543,0.023408,1.638000,get
11544,0.023413,0.171000,get
11545,0.023414,0.534000,get
11546,0.023414,0.165000,get
11547,0.023417,2.294000,put
11548,0.023417,0.512000,get
11549,0.023420,2.143000,put
11550,0.023420,0.264000,get
11551,0.023421,0.482000,get
11552,0.023421,0.168000,get
11553,0.023423,1.845000,put
11554,0.023424,0.171000,get
11555,0.023424,0.474000,get
11556,0.023425,0.378000,get
11557,0.023426,0.469000,get
11558,0.023426,0.254000,get
11559,0.023431,4.525000,put
11560,0.023431,0.373000,get
11561,0.023432,0.467000,get
11562,0.023434,1.738000,get
11563,0.023435,0.522000,get
11564,0.023435,0.308000,get
11565,0.023438,2.343000,get
11566,0.023438,0.181000,get
11567,0.023439,0.171000,get
11568,0.023439,0.172000,get
11569,0.023442,2.686000,put
11570,0.023442,0.176000,get
11571,0.023445,2.910000,put
11572,0.023448,2.114000,put
11573,0.023450,1.684000,get
11574,0.023453,2.765000,get
11575,0.023457,4.416000,put
11576,0.023458,0.192000,get
11577,0.023458,0.375000,get
11578,0.023459,0.700000,get
11579,0.023460,0.173000,get
11580,0.023463,2.570000,put
11581,0.023463,0.409000,get
11582,0.023464,0.540000,get
11583,0.023464,0.272000,get
11584,0.023465,0.176000,get
11585,0.023467,2.017000,put
11586,0.023468,0.440000,get
11587,0.023468,0.510000,get
11588,0.023469,0.154000,get
11589,0.023469,0.500000,get
11590,0.023470,0.390000,get
11591,0.023471,0.512000,get
11592,0.023471,0.173000,get
11593,0.023471,0.258000,get
11594,0.023474,2.360000,put
11595,0.023475,0.541000,get
11596,0.023476,1.128000,get
11597,0.023477,0.454000,get
11598,0.023477,0.489000,get
11599,0.023478,0.695000,get
11600,0.023479,0.189000,get
11601,0.023479,0.346000,get
11602,0.023480,0.328000,get
11603,0.023485,5.111000,put
11604,0.023488,2.546000,get
11605,0.023490,1.407000,get
11606,0.023493,3.264000,get
11607,0.023494,0.197000,get
11608,0.023496,1.737000,get
11609,0.023496,0.664000,get
11610,0.023497,0.564000,get
11611,0.023500,2.960000,put
11612,0.023503,2.207000,put
11613,0.023503,0.193000,get
11614,0.023505,1.823000,put
11615,0.023506,0.181000,get
11616,0.023511,4.868000,put
11617,0.023511,0.364000,get
11618,0.023512,0.311000,get
11619,0.023513,0.804000,get
11620,0.023515,2.286000,put
11621,0.023519,3.310000,get
11622,0.023520,0.420000,get
11623,0.023522,2.252000,put
11624,0.023524,1.330000,get
11625,0.023524,0.310000,get
11626,0.023526,1.530000,get
11627,0.023527,0.799000,get
11628,0.023528,0.334000,get
11629,0.023530,2.001000,put
11630,0.023530,0.192000,get
11631,0.023536,5.558000,put
11632,0.023537,0.535000,get
11633,0.023537,0.316000,get
11634,0.023540,2.311000,put
11635,0.023540,0.196000,get
11636,0.023542,1.975000,put
11637,0.023545,2.164000,get
11638,0.023548,2.472000,get
11639,0.023548,0.528000,get
11640,0.023549,0.175000,get
11641,0.023549,0.164000,get
11642,0.023550,0.468000,get
11643,0.023550,0.564000,get
11644,0.023551,0.309000,get
11645,0.023551,0.349000,get
11646,0.023552,0.233000,get
11647,0.023554,1.804000,get
11648,0.023557,2.532000,put
11649,0.023557,0.199000,get
11650,0.023558,0.512000,get
11651,0.023563,4.433000,put
11652,0.023565,2.327000,put
11653,0.023566,0.202000,get
11654,0.023568,1.873000,put
11655,0.023575,6.866000,put
11656,0.023575,0.353000,get
11657,0.023578,2.370000,put
11658,0.023578,0.179000,get
11659,0.023579,0.337000,get
11660,0.023580,1.239000,get
11661,0.023583,2.122000,put
11662,0.023584,0.812000,get
11663,0.023585,0.621000,get
11664,0.023585,0.190000,get
11665,0.023586,0.929000,get
11666,0.023587,0.554000,get
11667,0.023588,0.861000,get
11668,0.023591,2.910000,put
11669,0.023591,0.192000,get
11670,0.023592,0.160000,get
11671,0.023592,0.448000,get
11672,0.023593,0.241000,get
11673,0.023594,0.834000,get
11674,0.023598,3.891000,put
11675,0.023598,0.196000,get
11676,0.023599,0.257000,get
11677,0.023599,0.166000,get
11678,0.023600,0.231000,get
11679,0.023600,0.441000,get
11680,0.023601,0.172000,get
11681,0.023601,0.414000,get
11682,0.023602,0.175000,get
11683,0.023602,0.513000,get
11684,0.023603,0.158000,get
11685,0.023603,0.354000,get
11686,0.023604,0.303000,get
11687,0.023606,2.448000,put
11688,0.023608,1.581000,get
11689,0.023609,0.342000,get
11690,0.023609,0.316000,get
11691,0.023610,0.823000,get
11692,0.023613,2.373000,put
11693,0.023613,0.365000,get
11694,0.023614,0.174000,get
11695,0.023614,0.166000,get
11696,0.023617,2.278000,put
11697,0.023621,3.773000,put
11698,0.023623,2.300000,put
11699,0.023624,0.184000,get
11700,0.023624,0.297000,get
11701,0.023625,0.258000,get
11702,0.023625,0.337000,get
11703,0.023626,0.455000,get
11704,0.023629,2.668000,put
11705,0.023629,0.520000,get
11706,0.023630,0.849000,get
11707,0.023631,0.245000,get
11708,0.023633,1.705000,get
11709,0.023634,0.541000,get
11710,0.023636,2.454000,put
11711,0.023637,0.359000,get
11712,0.023639,1.429000,get
11713,0.023639,0.194000,get
11714,0.023639,0.182000,get
11715,0.023640,0.168000,get
11716,0.023645,5.031000,put
11717,0.023646,0.805000,get
11718,0.023648,1.668000,get
11719,0.023648,0.185000,get
11720,0.023651,2.237000,put
11721,0.023652,1.674000,get
11722,0.023653,0.185000,get
11723,0.023656,2.558000,get
11724,0.023659,2.770000,put
11725,0.023662,2.793000,put
11726,0.023663,1.258000,get
11727,0.023671,7.834000,get
11728,0.023673,1.227000,get
11729,0.023673,0.423000,get
11730,0.023674,0.339000,get
11731,0.023679,4.598000,put
11732,0.023681,2.029000,put
11733,0.023682,0.290000,get
11734,0.023684,2.409000,put
11735,0.023685,0.810000,get
11736,0.023687,1.746000,get
11737,0.023690,2.438000,put
11738,0.023691,0.466000,get
11739,0.023691,0.375000,get
11740,0.023694,2.470000,get
11741,0.023696,1.167000,get
11742,0.023701,5.032000,put
11743,0.023701,0.193000,get
11744,0.023702,0.453000,get
11745,0.023703,0.853000,get
11746,0.023703,0.178000,get
11747,0.023704,0.182000,get
11748,0.023704,0.242000,get
11749,0.023704,0.169000,get
11750,0.023707,1.878000,put
11751,0.023707,0.368000,get
11752,0.023708,0.317000,get
11753,0.023708,0.382000,get
11754,0.023709,0.325000,get
11755,0.023710,1.023000,get
11756,0.023711,0.348000,get
11757,0.023711,0.477000,get
11758,0.023712,0.361000,get
11759,0.023713,0.685000,get
11760,0.023715,2.397000,get
11761,0.023716,0.235000,get
11762,0.023718,1.633000,get
11763,0.023720,2.402000,put
11764,0.023721,0.181000,get
11765,0.023722,0.539000,get
11766,0.023722,0.168000,get
11767,0.023722,0.171000,get
11768,0.023723,0.520000,get
11769,0.023723,0.171000,get
11770,0.023725,1.444000,get
11771,0.023725,0.174000,get
11772,0.023726,0.257000,get
11773,0.023726,0.285000,get
11774,0.023727,0.498000,get
11775,0.023727,0.388000,get
11776,0.023728,0.459000,get
11777,0.023733,4.801000,put
11778,0.023734,0.420000,get
11779,0.023734,0.348000,get
11780,0.023735,0.292000,get
11781,0.023737,2.243000,put
11782,0.023739,1.725000,get
11783,0.023740,0.692000,get
11784,0.023743,2.414000,put
11785,0.023746,2.694000,put
11786,0.023750,3.909000,put
11787,0.023752,1.886000,put
11788,0.023753,0.189000,get
11789,0.023753,0.345000,get
11790,0.023754,0.459000,get
11791,0.023754,0.173000,get
11792,0.023757,2.501000,put
11793,0.023758,0.677000,get
11794,0.023758,0.246000,get
11795,0.023761,2.701000,put
11796,0.023762,0.194000,get
11797,0.023765,3.428000,put
11798,0.023766,0.776000,get
11799,0.023767,0.249000,get
11800,0.023769,2.331000,get
11801,0.023770,0.181000,get
11802,0.023773,3.007000,put
11803,0.023774,0.301000,get
11804,0.023775,1.386000,get
11805,0.023776,0.387000,get
11806,0.023776,0.431000,get
11807,0.023777,0.303000,get
11808,0.023780,2.419000,put
11809,0.023780,0.390000,get
11810,0.023781,0.524000,get
11811,0.023781,0.316000,get
11812,0.023784,2.486000,put
11813,0.023786,1.269000,get
11814,0.023786,0.345000,get
11815,0.023787,0.351000,get
11816,0.023789,2.203000,get
11817,0.023790,0.354000,get
11818,0.023790,0.223000,get
11819,0.023795,4.044000,put
11820,0.023797,2.058000,get
11821,0.023797,0.182000,get
11822,0.023798,0.412000,get
11823,0.023799,0.842000,get
11824,0.023799,0.306000,get
11825,0.023803,3.046000,get
11826,0.023805,2.370000,put
11827,0.023806,0.388000,get
11828,0.023808,1.859000,put
11829,0.023808,0.291000,get
11830,0.023809,0.240000,get
11831,0.023810,0.413000,get
11832,0.023811,1.237000,get
11833,0.023814,3.047000,get
11834,0.023817,2.291000,put
11835,0.023817,0.185000,get
11836,0.023818,0.521000,get
11837,0.023822,3.779000,put
11838,0.023822,0.201000,get
11839,0.023823,0.177000,get
11840,0.023826,2.995000,put
11841,0.023827,0.570000,get
11842,0.023830,2.923000,put
11843,0.023830,0.252000,get
11844,0.023831,0.980000,get
11845,0.023832,0.188000,get
11846,0.023832,0.371000,get
11847,0.023833,0.275000,get
11848,0.023833,0.406000,get
11849,0.023834,0.251000,get
11850,0.023835,0.535000,get
11851,0.023837,2.261000,put
11852,0.023838,0.797000,get
11853,0.023849,10.843000,put
11854,0.023850,0.405000,get
11855,0.023853,2.592000,put
11856,0.023859,0.560000,get
11857,0.023861,2.303000,put
11858,0.023865,3.496000,put
11859,0.023868,2.679000,put
11860,0.023869,0.612000,get
11861,0.023869,0.185000,get
11862,0.023870,0.346000,get
11863,0.023870,0.184000,get
11864,0.023871,0.343000,get
11865,0.023871,0.242000,get
11866,0.023872,0.849000,get
11867,0.023875,2.324000,put
11868,0.023875,0.390000,get
11869,0.023876,0.176000,get
11870,0.023876,0.350000,get
11871,0.023877,0.514000,get
11872,0.023878,1.206000,get
11873,0.023879,0.169000,get
11874,0.023879,0.346000,get
11875,0.023882,2.299000,get
11876,0.023882,0.179000,get
11877,0.023883,0.322000,get
11878,0.023885,1.750000,get
11879,0.023885,0.518000,get
11880,0.023886,0.852000,get
11881,0.023888,1.353000,get
11882,0.023889,0.340000,get
11883,0.023892,2.771000,put
11884,0.023893,0.808000,get
11885,0.023893,0.364000,get
11886,0.023898,4.575000,put
11887,0.023899,0.334000,get
11888,0.023899,0.175000,get
11889,0.023902,2.454000,put
11890,0.023904,1.716000,put
11891,0.023906,2.139000,get
11892,0.023907,0.351000,get
11893,0.023907,0.178000,get
11894,0.023910,3.053000,put
11895,0.023911,0.381000,get
11896,0.023916,4.587000,put
11897,0.023916,0.207000,get
11898,0.023916,0.327000,get
11899,0.023919,2.288000,get
11900,0.023921,2.148000,put
11901,0.023922,0.311000,get
11902,0.023925,3.103000,get
11903,0.023926,0.184000,get
11904,0.023928,2.094000,get
11905,0.023929,0.385000,get
11906,0.023931,2.459000,put
11907,0.023932,0.553000,get
11908,0.023932,0.163000,get
11909,0.023933,0.506000,get
11910,0.023934,0.342000,get
11911,0.023936,1.788000,put
11912,0.023942,6.145000,put
11913,0.023943,0.518000,get
11914,0.023946,2.603000,put
11915,0.023946,0.506000,get
11916,0.023947,0.297000,get
11917,0.023948,0.485000,get
11918,0.023949,0.783000,get
11919,0.023951,2.549000,get
11920,0.023953,1.182000,get
11921,0.023956,2.519000,put
11922,0.023956,0.183000,get
11923,0.023957,0.883000,get
11924,0.023958,0.500000,get
11925,0.023961,2.658000,put
11926,0.023961,0.535000,get
11927,0.023965,3.902000,put
11928,0.023966,0.381000,get
11929,0.023967,0.378000,get
11930,0.023967,0.187000,get
11931,0.023968,0.450000,get
11932,0.023970,2.470000,put
11933,0.023971,0.392000,get
11934,0.023971,0.188000,get
11935,0.023972,0.177000,get
11936,0.023972,0.173000,get
11937,0.023975,3.132000,get
11938,0.023976,0.408000,get
11939,0.023979,2.427000,put
11940,0.023979,0.509000,get
11941,0.023980,0.348000,get
11942,0.023983,2.573000,get
11943,0.023986,3.175000,put
11944,0.023989,2.571000,get
11945,0.023989,0.183000,get
11946,0.023990,0.167000,get
11947,0.023990,0.481000,get
11948,0.023991,0.355000,get
11949,0.023991,0.172000,get
11950,0.023992,0.775000,get
11951,0.023993,0.752000,get
11952,0.023994,0.255000,get
11953,0.023994,0.173000,get
11954,0.023995,0.931000,get
11955,0.023996,0.283000,get
11956,0.023997,1.000000,get
11957,0.023998,0.604000,get
11958,0.023999,0.540000,get
11959,0.023999,0.174000,get
11960,0.024000,0.954000,get
11961,0.024005,4.408000,put
11962,0.024005,0.199000,get
11963,0.024008,2.632000,get
11964,0.024010,2.080000,put
11965,0.024014,3.081000,put
11966,0.024014,0.511000,get
11967,0.024018,2.990000,get
11968,0.024022,4.276000,put
11969,0.024023,0.394000,get
11970,0.024026,2.618000,put
11971,0.024026,0.340000,get
11972,0.024026,0.180000,get
11973,0.024027,0.170000,get
11974,0.024027,0.535000,get
11975,0.024028,0.443000,get
11976,0.024031,2.991000,get
11977,0.024034,2.097000,get
11978,0.024036,2.323000,put
11979,0.024039,2.049000,put
11980,0.024043,4.226000,put
11981,0.024046,2.192000,put
11982,0.024046,0.432000,get
11983,0.024047,0.385000,get
11984,0.024048,0.491000,get
11985,0.024049,1.228000,get
11986,0.024050,0.505000,get
11987,0.024050,0.334000,get
11988,0.024051,0.187000,get
11989,0.024053,1.923000,get
11990,0.024054,1.460000,get
11991,0.024055,0.345000,get
11992,0.024056,0.317000,get
11993,0.024056,0.188000,get
11994,0.024059,2.930000,get
11995,0.024060,0.351000,get
11996,0.024062,2.357000,put
11997,0.024065,2.941000,get
11998,0.024066,0.498000,get
11999,0.024069,2.408000,put
12000,0.024072,3.131000,get
12001,0.024073,0.202000,get
12002,0.024073,0.526000,get
12003,0.024074,0.385000,get
12004,0.024074,0.271000,get
12005,0.024076,0.903000,get
12006,0.024080,3.778000,put
12007,0.024082,2.381000,put
12008,0.024085,2.594000,put
12009,0.024088,3.053000,put
12010,0.024093,4.023000,put
12011,0.024093,0.404000,get
12012,0.024094,0.190000,get
12013,0.024096,1.853000,get
12014,0.024096,0.349000,get
12015,0.024097,0.341000,get
12016,0.024100,3.179000,put
12017,0.024101,0.326000,get
12018,0.024101,0.525000,get
12019,0.024104,2.502000,put
12020,0.024107,2.021000,put
12021,0.024107,0.532000,get
12022,0.024109,1.469000,get
12023,0.024114,4.822000,put
12024,0.024115,0.533000,get
12025,0.024118,2.480000,put
12026,0.024118,0.276000,get
12027,0.024119,0.598000,get
12028,0.024121,2.100000,put
12029,0.024122,0.394000,get
12030,0.024124,2.399000,put
12031,0.024125,0.529000,get
12032,0.024126,0.331000,get
12033,0.024126,0.188000,get
12034,0.024126,0.179000,get
12035,0.024127,0.178000,get
12036,0.024131,4.354000,put
12037,0.024134,2.678000,get
12038,0.024135,0.187000,get
12039,0.024135,0.328000,get
12040,0.024136,0.174000,get
12041,0.024136,0.171000,get
12042,0.024136,0.286000,get
12043,0.024137,0.726000,get
12044,0.024138,0.323000,get
12045,0.024139,0.500000,get
12046,0.024141,2.573000,put
12047,0.024142,0.201000,get
12048,0.024143,1.241000,get
12049,0.024144,0.178000,get
12050,0.024144,0.471000,get
12051,0.024145,0.160000,get
12052,0.024145,0.310000,get
12053,0.024145,0.158000,get
12054,0.024146,0.365000,get
12055,0.024147,0.488000,get
12056,0.024150,2.657000,put
12057,0.024152,1.933000,put
12058,0.024152,0.287000,get
12059,0.024153,0.306000,get
12060,0.024158,4.776000,put
12061,0.024160,1.978000,get
12062,0.024162,2.191000,get
12063,0.024163,0.353000,get
12064,0.024165,2.122000,get
12065,0.024166,0.343000,get
12066,0.024167,0.533000,get
12067,0.024167,0.190000,get
12068,0.024168,0.940000,get
12069,0.024169,0.360000,get
12070,0.024169,0.532000,get
12071,0.024170,0.376000,get
12072,0.024171,0.508000,get
12073,0.024174,3.011000,put
12074,0.024174,0.342000,get
12075,0.024175,0.489000,get
12076,0.024176,0.469000,get
12077,0.024176,0.413000,get
12078,0.024177,0.334000,get
12079,0.024177,0.319000,get
12080,0.024180,2.534000,put
12081,0.024181,0.333000,get
12082,0.024182,0.588000,get
12083,0.024183,1.629000,get
12084,0.024188,4.053000,put
12085,0.024188,0.546000,get
12086,0.024190,0.850000,get
12087,0.024190,0.319000,get
12088,0.024193,2.377000,put
12089,0.024193,0.351000,get
12090,0.024196,2.008000,put
12091,0.024199,2.776000,put
12092,0.024199,0.355000,get
12093,0.024199,0.190000,get
12094,0.024200,0.180000,get
12095,0.024201,0.779000,get
12096,0.024201,0.334000,get
12097,0.024206,4.274000,put
12098,0.024210,3.582000,get
12099,0.024210,0.248000,get
12100,0.024213,2.553000,put
12101,0.024214,0.535000,get
12102,0.024217,2.693000,put
12103,0.024219,2.002000,get
12104,0.024220,1.160000,get
12105,0.024221,0.193000,get
12106,0.024221,0.179000,get
12107,0.024222,0.429000,get
12108,0.024222,0.457000,get
12109,0.024224,1.412000,get
12110,0.024225,0.442000,get
12111,0.024225,0.338000,get
12112,0.024226,0.496000,get
12113,0.024226,0.187000,get
12114,0.024229,2.487000,get
12115,0.024230,0.341000,get
12116,0.024230,0.406000,get
12117,0.024231,0.417000,get
12118,0.024234,2.730000,put
12119,0.024238,4.258000,put
12120,0.024239,0.282000,get
12121,0.024239,0.315000,get
12122,0.024240,0.195000,get
12123,0.024240,0.452000,get
12124,0.024243,1.965000,put
12125,0.024243,0.455000,get
12126,0.024244,0.447000,get
12127,0.024244,0.285000,get
12128,0.024245,0.192000,get
12129,0.024245,0.184000,get
12130,0.024246,0.380000,get
12131,0.024246,0.429000,get
12132,0.024247,0.183000,get
12133,0.024247,0.566000,get
12134,0.024249,1.070000,get
12135,0.024249,0.301000,get
12136,0.024250,0.295000,get
12137,0.024252,2.424000,put
12138,0.024255,2.406000,put
12139,0.024256,0.196000,get
12140,0.024256,0.467000,get
12141,0.024257,0.689000,get
12142,0.024258,0.338000,get
12143,0.024258,0.263000,get
12144,0.024261,3.030000,get
12145,0.024262,0.431000,get
12146,0.024266,4.212000,put
12147,0.024267,0.278000,get
12148,0.024269,2.193000,get
12149,0.024272,2.548000,put
12150,0.024274,1.191000,get
12151,0.024274,0.177000,get
12152,0.024275,0.470000,get
12153,0.024275,0.174000,get
12154,0.024276,1.021000,get
12155,0.024277,0.249000,get
12156,0.024277,0.390000,get
12157,0.024280,2.805000,put
12158,0.024284,3.067000,put
12159,0.024288,4.076000,put
12160,0.024289,0.463000,get
12161,0.024291,2.030000,put
12162,0.024292,0.435000,get
12163,0.024294,2.429000,put
12164,0.024295,0.541000,get
12165,0.024296,0.483000,get
12166,0.024296,0.360000,get
12167,0.024297,0.522000,get
12168,0.024305,2.107000,get
12169,0.024308,2.765000,put
12170,0.024314,5.819000,put
12171,0.024314,0.497000,get
12172,0.024315,0.534000,get
12173,0.024316,0.435000,get
12174,0.024318,2.157000,put
12175,0.024319,0.211000,get
12176,0.024321,2.617000,put
12177,0.024322,0.191000,get
12178,0.024322,0.316000,get
12179,0.024325,2.831000,get
12180,0.024330,4.074000,put
12181,0.024330,0.538000,get
12182,0.024333,2.064000,put
12183,0.024333,0.202000,get
12184,0.024333,0.186000,get
12185,0.024334,0.164000,get
12186,0.024334,0.339000,get
12187,0.024335,0.477000,get
12188,0.024338,2.653000,get
12189,0.024339,0.981000,get
12190,0.024340,0.174000,get
12191,0.024342,2.346000,put
12192,0.024343,0.183000,get
12193,0.024345,1.802000,put
12194,0.024345,0.369000,get
12195,0.024346,0.435000,get
12196,0.024346,0.374000,get
12197,0.024347,0.176000,get
12198,0.024348,1.399000,get
12199,0.024351,2.163000,get
12200,0.024355,4.393000,put
12201,0.024356,0.444000,get
12202,0.024357,0.517000,get
12203,0.024359,2.467000,get
12204,0.024360,0.233000,get
12205,0.024363,2.611000,put
12206,0.024363,0.268000,get
12207,0.024364,0.176000,get
12208,0.024364,0.402000,get
12209,0.024365,0.417000,get
12210,0.024368,2.604000,put
12211,0.024368,0.358000,get
12212,0.024371,2.276000,put
12213,0.024371,0.179000,get
12214,0.024371,0.177000,get
12215,0.024374,2.129000,get
12216,0.024378,3.755000,put
12217,0.024379,0.416000,get
12218,0.024379,0.174000,get
12219,0.024379,0.243000,get
12220,0.024380,0.342000,get
12221,0.024380,0.323000,get
12222,0.024383,2.856000,put
12223,0.024384,0.360000,get
12224,0.024385,0.963000,get
12225,0.024387,2.022000,put
12226,0.024388,0.510000,get
12227,0.024389,0.455000,get
12228,0.024391,1.512000,get
12229,0.024391,0.437000,get
12230,0.024393,0.991000,get
12231,0.024393,0.454000,get
12232,0.024396,2.195000,get
12233,0.024396,0.299000,get
12234,0.024397,0.417000,get
12235,0.024397,0.385000,get
12236,0.024400,2.274000,put
12237,0.024400,0.441000,get
12238,0.024405,3.798000,put
12239,0.024407,2.542000,put
12240,0.024408,0.570000,get
12241,0.024411,2.372000,put
12242,0.024414,2.703000,put
12243,0.024416,2.510000,get
12244,0.024421,3.816000,put
12245,0.024423,2.030000,get
12246,0.024423,0.195000,get
12247,0.024424,0.171000,get
12248,0.024424,0.508000,get
12249,0.024427,2.393000,get
12250,0.024430,2.565000,put
12251,0.024430,0.560000,get
12252,0.024431,0.334000,get
12253,0.024433,1.953000,get
12254,0.024436,2.894000,put
12255,0.024437,0.545000,get
12256,0.024437,0.178000,get
12257,0.024440,2.644000,put
12258,0.024441,0.563000,get
12259,0.024445,3.837000,put
12260,0.024446,0.426000,get
12261,0.024448,1.888000,put
12262,0.024448,0.363000,get
12263,0.024449,0.174000,get
12264,0.024452,2.671000,get
12265,0.024452,0.437000,get
12266,0.024453,0.387000,get
12267,0.024453,0.175000,get
12268,0.024455,1.816000,get
12269,0.024457,0.992000,get
12270,0.024457,0.259000,get
12271,0.024457,0.192000,get
12272,0.024458,0.329000,get
12273,0.024459,0.426000,get
12274,0.024459,0.169000,get
12275,0.024460,0.796000,get
12276,0.024460,0.382000,get
12277,0.024461,0.579000,get
12278,0.024462,0.393000,get
12279,0.024463,0.412000,get
12280,0.024463,0.176000,get
12281,0.024463,0.174000,get
12282,0.024465,1.214000,get
12283,0.024467,2.367000,put
12284,0.024468,0.411000,get
12285,0.024469,0.535000,get
12286,0.024469,0.315000,get
12287,0.024470,0.579000,get
12288,0.024470,0.220000,get
12289,0.024471,0.178000,get
12290,0.024471,0.303000,get
12291,0.024472,0.361000,get
12292,0.024477,4.900000,put
12293,0.024480,2.386000,put
12294,0.024483,2.608000,put
12295,0.024484,0.718000,get
12296,0.024484,0.401000,get
12297,0.024485,0.521000,get
12298,0.024485,0.356000,get
12299,0.024486,0.414000,get
12300,0.024487,0.422000,get
12301,0.024487,0.307000,get
12302,0.024487,0.196000,get
12303,0.024488,0.518000,get
12304,0.024489,0.300000,get
12305,0.024492,2.816000,get
12306,0.024493,0.514000,get
12307,0.024495,2.456000,put
12308,0.024496,0.442000,get
12309,0.024496,0.195000,get
12310,0.024501,4.763000,put
12311,0.024502,0.382000,get
12312,0.024502,0.320000,get
12313,0.024503,0.343000,get
12314,0.024505,2.157000,get
12315,0.024506,0.201000,get
12316,0.024507,1.117000,get
12317,0.024508,0.378000,get
12318,0.024511,2.907000,put
12319,0.024513,2.249000,put
12320,0.024514,0.487000,get
12321,0.024516,2.103000,put
12322,0.024517,0.308000,get
12323,0.024518,0.490000,get
12324,0.024518,0.450000,get
12325,0.024523,4.353000,put
12326,0.024525,2.089000,put
12327,0.024527,1.727000,put
12328,0.024529,1.700000,put
12329,0.024534,4.785000,put
12330,0.024535,0.393000,get
12331,0.024535,0.447000,get
12332,0.024536,0.232000,get
12333,0.024536,0.184000,get
12334,0.024539,2.308000,get
12335,0.024541,2.322000,get
12336,0.024542,0.199000,get
12337,0.024544,2.402000,put
12338,0.024546,1.079000,get
12339,0.024547,1.195000,get
12340,0.024548,0.517000,get
12341,0.024548,0.484000,get
12342,0.024549,0.360000,get
12343,0.024549,0.321000,get
12344,0.024552,2.488000,put
12345,0.024553,0.214000,get
12346,0.024555,2.346000,put
12347,0.024558,1.989000,get
12348,0.024558,0.341000,get
12349,0.024562,3.563000,put
12350,0.024565,2.627000,put
12351,0.024565,0.381000,get
12352,0.024566,0.516000,get
12353,0.024568,1.591000,get
12354,0.024571,2.628000,put
12355,0.024571,0.504000,get
12356,0.024572,0.310000,get
12357,0.024573,0.356000,get
12358,0.024573,0.358000,get
12359,0.024574,0.507000,get
12360,0.024574,0.237000,get
12361,0.024575,0.231000,get
12362,0.024575,0.196000,get
12363,0.024576,0.790000,get
12364,0.024576,0.188000,get
12365,0.024577,0.521000,get
12366,0.024578,0.337000,get
12367,0.024580,2.356000,put
12368,0.024581,0.365000,get
12369,0.024581,0.327000,get
12370,0.024583,1.237000,get
12371,0.024589,5.518000,put
12372,0.024589,0.374000,get
12373,0.024592,2.235000,put
12374,0.024595,2.883000,get
12375,0.024595,0.445000,get
12376,0.024596,0.190000,get
12377,0.024598,1.609000,get
12378,0.024598,0.198000,get
12379,0.024598,0.180000,get
12380,0.024599,0.306000,get
12381,0.024599,0.304000,get
12382,0.024600,0.363000,get
12383,0.024600,0.331000,get
12384,0.024603,2.815000,put
12385,0.024604,0.529000,get
12386,0.024605,0.417000,get
12387,0.024607,2.090000,put
12388,0.024608,0.203000,get
12389,0.024608,0.308000,get
12390,0.024609,0.518000,get
12391,0.024609,0.234000,get
12392,0.024610,0.870000,get
12393,0.024611,0.807000,get
12394,0.024612,0.444000,get
12395,0.024613,0.389000,get
12396,0.024614,1.673000,get
12397,0.024619,4.035000,put
12398,0.024619,0.409000,get
12399,0.024620,0.332000,get
12400,0.024621,0.388000,get
12401,0.024621,0.194000,get
12402,0.024625,3.678000,get
12403,0.024625,0.265000,get
12404,0.024626,0.467000,get
12405,0.024627,0.337000,get
12406,0.024627,0.195000,get
12407,0.024628,0.391000,get
12408,0.024628,0.228000,get
12409,0.024631,2.507000,put
12410,0.024632,1.481000,get
12411,0.024633,0.342000,get
12412,0.024634,0.429000,get
12413,0.024636,1.813000,put
12414,0.024638,1.672000,get
12415,0.024638,0.325000,get
12416,0.024638,0.286000,get
12417,0.024639,0.401000,get
12418,0.024640,0.425000,get
12419,0.024640,0.422000,get
12420,0.024645,4.289000,put
12421,0.024647,2.116000,put
12422,0.024650,2.976000,put
12423,0.024652,0.902000,get
12424,0.024652,0.313000,get
12425,0.024655,2.478000,put
12426,0.024656,0.468000,get
12427,0.024656,0.371000,get
12428,0.024657,0.347000,get
12429,0.024657,0.188000,get
12430,0.024657,0.179000,get
12431,0.024658,0.443000,get
12432,0.024659,0.518000,get
12433,0.024660,0.506000,get
12434,0.024660,0.481000,get
12435,0.024667,6.798000,put
12436,0.024670,2.281000,get
12437,0.024670,0.291000,get
12438,0.024673,2.524000,put
12439,0.024674,0.369000,get
12440,0.024675,1.135000,get
12441,0.024676,0.411000,get
12442,0.024677,0.749000,get
12443,0.024677,0.519000,get
12444,0.024678,0.207000,get
12445,0.024680,2.397000,put
12446,0.024681,0.885000,get
12447,0.024682,0.258000,get
12448,0.024686,3.395000,get
12449,0.024688,2.616000,put
12450,0.024692,3.652000,put
12451,0.024693,0.281000,get
12452,0.024695,1.465000,get
12453,0.024697,2.652000,put
12454,0.024698,0.555000,get
12455,0.024699,0.371000,get
12456,0.024700,0.510000,get
12457,0.024700,0.552000,get
12458,0.024701,0.299000,get
12459,0.024701,0.298000,get
12460,0.024702,0.386000,get
12461,0.024703,1.111000,get
12462,0.024704,0.238000,get
12463,0.024706,2.224000,put
12464,0.024707,0.325000,get
12465,0.024707,0.191000,get
12466,0.024708,0.293000,get
12467,0.024711,2.742000,put
12468,0.024711,0.445000,get
12469,0.024712,0.396000,get
12470,0.024717,5.206000,put
12471,0.024720,2.228000,get
12472,0.024721,0.605000,get
12473,0.024721,0.441000,get
12474,0.024722,0.541000,get
12475,0.024723,0.384000,get
12476,0.024723,0.187000,get
12477,0.024726,2.554000,put
12478,0.024727,0.428000,get
12479,0.024730,3.121000,get
12480,0.024736,0.389000,get
12481,0.024738,2.237000,put
12482,0.024739,0.781000,get
12483,0.024741,0.969000,get
12484,0.024743,2.465000,put
12485,0.024744,0.192000,get
12486,0.024744,0.528000,get
12487,0.024745,0.478000,get
12488,0.024749,3.402000,put
12489,0.024752,2.682000,put
12490,0.024752,0.385000,get
12491,0.024753,0.194000,get
12492,0.024753,0.388000,get
12493,0.024754,0.406000,get
12494,0.024754,0.301000,get
12495,0.024755,0.427000,get
12496,0.024755,0.171000,get
12497,0.024756,0.402000,get
12498,0.024758,2.448000,put
12499,0.024759,0.265000,get
12500,0.024760,0.457000,get
12501,0.024760,0.190000,get
12502,0.024761,1.247000,get
12503,0.024762,0.436000,get
12504,0.024765,2.542000,put
12505,0.024765,0.339000,get
12506,0.024770,4.355000,put
12507,0.024771,0.390000,get
12508,0.024773,2.208000,put
12509,0.024775,1.717000,put
12510,0.024776,0.401000,get
12511,0.024776,0.173000,get
12512,0.024776,0.176000,get
12513,0.024777,0.410000,get
12514,0.024778,0.522000,get
12515,0.024780,2.189000,get
12516,0.024785,4.097000,put
12517,0.024785,0.201000,get
12518,0.024786,0.356000,get
12519,0.024786,0.423000,get
12520,0.024789,2.311000,put
12521,0.024789,0.455000,get
12522,0.024791,1.042000,get
12523,0.024791,0.310000,get
12524,0.024794,2.324000,get
12525,0.024794,0.409000,get
12526,0.024795,0.265000,get
12527,0.024797,1.589000,get
12528,0.024797,0.400000,get
12529,0.024798,0.502000,get
12530,0.024799,0.458000,get
12531,0.024799,0.334000,get
12532,0.024800,0.174000,get
12533,0.024801,0.897000,get
12534,0.024803,2.606000,put
12535,0.024804,0.262000,get
12536,0.024804,0.246000,get
12537,0.024805,0.340000,get
12538,0.024806,0.973000,get
12539,0.024807,0.294000,get
12540,0.024807,0.225000,get
12541,0.024808,0.329000,get
12542,0.024808,0.287000,get
12543,0.024809,1.039000,get
12544,0.024810,0.399000,get
12545,0.024811,0.750000,get
12546,0.024812,0.866000,get
12547,0.024813,0.542000,get
12548,0.024816,2.942000,put
12549,0.024820,3.742000,put
12550,0.024820,0.194000,get
12551,0.024823,2.030000,put
12552,0.024823,0.379000,get
12553,0.024824,0.393000,get
12554,0.024827,3.042000,get
12555,0.024828,0.425000,get
12556,0.024828,0.222000,get
12557,0.024831,2.387000,get
12558,0.024833,2.387000,put
12559,0.024834,0.189000,get
12560,0.024835,0.570000,get
12561,0.024835,0.182000,get
12562,0.024836,0.367000,get
12563,0.024836,0.327000,get
12564,0.024837,0.995000,get
12565,0.024838,0.181000,get
12566,0.024840,1.705000,get
12567,0.024841,0.779000,get
12568,0.024844,3.171000,put
12569,0.024845,1.121000,get
12570,0.024849,3.745000,put
12571,0.024852,2.489000,put
12572,0.024853,0.410000,get
12573,0.024854,1.356000,get
12574,0.024855,0.325000,get
12575,0.024855,0.436000,get
12576,0.024859,3.021000,put
12577,0.024861,2.158000,put
12578,0.024862,0.331000,get
12579,0.024862,0.530000,get
12580,0.024863,0.203000,get
12581,0.024869,5.647000,put
12582,0.024871,2.371000,put
12583,0.024872,0.470000,get
12584,0.024873,0.476000,get
12585,0.024873,0.188000,get
12586,0.024875,1.699000,get
12587,0.024877,2.219000,put
12588,0.024880,2.060000,put
12589,0.024882,2.309000,get
12590,0.024887,4.415000,put
12591,0.024888,0.360000,get
12592,0.024888,0.189000,get
12593,0.024889,1.192000,get
12594,0.024890,0.564000,get
12595,0.024891,0.203000,get
12596,0.024894,3.050000,get
12597,0.024894,0.190000,get
12598,0.024895,0.372000,get
12599,0.024895,0.359000,get
12600,0.024896,0.372000,get
12601,0.024897,0.572000,get
12602,0.024897,0.182000,get
12603,0.024897,0.175000,get
12604,0.024900,1.963000,get
12605,0.024903,2.556000,put
12606,0.024903,0.194000,get
12607,0.024905,1.575000,get
12608,0.024905,0.394000,get
12609,0.024906,0.412000,get
12610,0.024909,2.502000,put
12611,0.024909,0.172000,get
12612,0.024910,0.405000,get
12613,0.024910,0.366000,get
12614,0.024911,0.160000,get
12615,0.024913,2.456000,put
12616,0.024915,1.473000,get
12617,0.024916,0.578000,get
12618,0.024920,3.791000,put
12619,0.024922,2.313000,get
12620,0.024924,1.546000,get
12621,0.024925,1.045000,get
12622,0.024926,0.233000,get
12623,0.024926,0.338000,get
12624,0.024929,2.355000,get
12625,0.024932,2.262000,put
12626,0.024932,0.183000,get
12627,0.024932,0.304000,get
12628,0.024935,2.050000,get
12629,0.024935,0.269000,get
12630,0.024936,0.517000,get
12631,0.024939,2.789000,put
12632,0.024940,0.443000,get
12633,0.024940,0.290000,get
12634,0.024940,0.178000,get
12635,0.024941,0.269000,get
12636,0.024941,0.281000,get
12637,0.024942,0.172000,get
12638,0.024942,0.166000,get
12639,0.024942,0.170000,get
12640,0.024947,4.176000,put
12641,0.024947,0.201000,get
12642,0.024948,0.287000,get
12643,0.024948,0.173000,get
12644,0.024950,1.756000,put
12645,0.024951,0.557000,get
12646,0.024951,0.375000,get
12647,0.024952,0.366000,get
12648,0.024952,0.254000,get
12649,0.024953,0.706000,get
12650,0.024954,0.175000,get
12651,0.024956,2.417000,put
12652,0.024957,0.185000,get
12653,0.024957,0.169000,get
12654,0.024957,0.170000,get
12655,0.024958,0.158000,get
12656,0.024958,0.161000,get
12657,0.024959,0.912000,get
12658,0.024963,3.506000,get
12659,0.024966,2.405000,put
12660,0.024967,1.080000,get
12661,0.024972,4.850000,put
12662,0.024975,2.368000,get
12663,0.024975,0.375000,get
12664,0.024976,0.432000,get
12665,0.024978,2.250000,put
12666,0.024980,1.039000,get
12667,0.024980,0.399000,get
12668,0.024981,0.267000,get
12669,0.024982,0.690000,get
12670,0.024982,0.437000,get
12671,0.024983,0.964000,get
12672,0.024984,0.372000,get
12673,0.024987,2.512000,put
12674,0.024987,0.286000,get
12675,0.024990,2.072000,put
12676,0.024994,3.664000,get
12677,0.024997,2.984000,get
12678,0.024998,0.650000,get
12679,0.024998,0.432000,get
12680,0.025004,4.904000,put
12681,0.025006,2.431000,put
12682,0.025008,0.996000,get
12683,0.025009,1.283000,get
12684,0.025012,2.323000,put
12685,0.025012,0.381000,get
12686,0.025013,0.203000,get
12687,0.025016,2.887000,get
12688,0.025017,0.450000,get
12689,0.025020,2.705000,put
12690,0.025023,3.704000,put
12691,0.025028,3.793000,get
12692,0.025028,0.268000,get
12693,0.025031,2.400000,put
12694,0.025031,0.212000,get
12695,0.025031,0.171000,get
12696,0.025033,1.053000,get
12697,0.025033,0.484000,get
12698,0.025035,1.233000,get
12699,0.025035,0.402000,get
12700,0.025036,0.378000,get
12701,0.025037,0.516000,get
12702,0.025040,2.604000,put
12703,0.025041,1.078000,get
12704,0.025043,2.166000,get
12705,0.025044,0.539000,get
12706,0.025045,0.181000,get
12707,0.025045,0.434000,get
12708,0.025047,1.179000,get
12709,0.025047,0.180000,get
12710,0.025048,0.379000,get
12711,0.025048,0.176000,get
12712,0.025051,2.774000,put
12713,0.025057,5.759000,put
12714,0.025058,0.507000,get
12715,0.025061,2.795000,put
12716,0.025063,1.793000,put
12717,0.025063,0.186000,get
12718,0.025064,0.174000,get
12719,0.025066,1.869000,put
12720,0.025066,0.382000,get
12721,0.025067,0.250000,get
12722,0.025067,0.171000,get
12723,0.025067,0.169000,get
12724,0.025070,2.555000,get
12725,0.025071,0.446000,get
12726,0.025076,4.569000,put
12727,0.025078,2.270000,get
12728,0.025078,0.179000,get
12729,0.025079,0.383000,get
12730,0.025080,0.362000,get
12731,0.025081,1.201000,get
12732,0.025081,0.271000,get
12733,0.025083,0.857000,get
12734,0.025086,3.035000,put
12735,0.025086,0.194000,get
12736,0.025087,0.302000,get
12737,0.025087,0.174000,get
12738,0.025090,2.771000,get
12739,0.025090,0.187000,get
12740,0.025091,0.350000,get
12741,0.025094,2.465000,put
12742,0.025094,0.369000,get
12743,0.025095,0.405000,get
12744,0.025098,2.733000,put
12745,0.025102,4.376000,put
12746,0.025103,0.464000,get
12747,0.025103,0.241000,get
12748,0.025104,0.461000,get
12749,0.025106,1.963000,put
12750,0.025107,0.430000,get
12751,0.025108,0.313000,get
12752,0.025108,0.177000,get
12753,0.025109,0.502000,get
12754,0.025111,1.933000,get
12755,0.025111,0.456000,get
12756,0.025112,0.494000,get
12757,0.025115,2.290000,get
12758,0.025115,0.434000,get
12759,0.025116,0.196000,get
12760,0.025116,0.211000,get
12761,0.025117,0.425000,get
12762,0.025117,0.378000,get
12763,0.025120,2.012000,get
12764,0.025123,2.843000,put
12765,0.025123,0.444000,get
12766,0.025124,0.405000,get
12767,0.025129,4.633000,put
12768,0.025129,0.343000,get
12769,0.025132,2.057000,put
12770,0.025132,0.329000,get
12771,0.025133,0.498000,get
12772,0.025134,0.492000,get
12773,0.025134,0.526000,get
12774,0.025135,0.262000,get
12775,0.025135,0.238000,get
12776,0.025136,0.188000,get
12777,0.025138,2.643000,get
12778,0.025141,2.476000,put
12779,0.025142,0.526000,get
12780,0.025143,0.481000,get
12781,0.025145,2.560000,get
12782,0.025146,0.198000,get
12783,0.025146,0.255000,get
12784,0.025147,0.493000,get
12785,0.025147,0.357000,get
12786,0.025148,0.357000,get
12787,0.025150,2.123000,get
12788,0.025151,0.398000,get
12789,0.025151,0.411000,get
12790,0.025154,2.608000,put
12791,0.025155,0.560000,get
12792,0.025161,0.520000,get
12793,0.025162,0.233000,get
12794,0.025162,0.397000,get
12795,0.025163,0.372000,get
12796,0.025163,0.468000,get
12797,0.025164,0.190000,get
12798,0.025169,4.757000,put
12799,0.025169,0.274000,get
12800,0.025170,0.414000,get
12801,0.025170,0.195000,get
12802,0.025171,0.420000,get
12803,0.025171,0.343000,get
12804,0.025174,2.481000,put
12805,0.025184,9.919000,put
12806,0.025185,0.243000,get
12807,0.025185,0.367000,get
12808,0.025186,0.190000,get
12809,0.025186,0.410000,get
12810,0.025187,0.260000,get
12811,0.025187,0.420000,get
12812,0.025188,0.398000,get
12813,0.025188,0.187000,get
12814,0.025189,0.182000,get
12815,0.025189,0.171000,get
12816,0.025189,0.173000,get
12817,0.025192,2.041000,put
12818,0.025192,0.525000,get
12819,0.025193,0.544000,get
12820,0.025197,4.049000,put
12821,0.025200,2.238000,put
12822,0.025202,1.579000,get
12823,0.025202,0.487000,get
12824,0.025203,0.512000,get
12825,0.025204,1.028000,get
12826,0.025205,0.492000,get
12827,0.025208,2.501000,put
12828,0.025208,0.353000,get
12829,0.025209,0.499000,get
12830,0.025209,0.386000,get
12831,0.025210,0.478000,get
12832,0.025211,0.188000,get
12833,0.025213,1.816000,get
12834,0.025214,0.788000,get
12835,0.025214,0.450000,get
12836,0.025218,3.256000,get
12837,0.025219,0.502000,get
12838,0.025219,0.494000,get
12839,0.025220,0.250000,get
12840,0.025222,1.954000,get
12841,0.025223,0.375000,get
12842,0.025225,2.472000,get
12843,0.025229,2.942000,put
12844,0.025231,1.895000,get
12845,0.025236,4.886000,put
12846,0.025238,2.356000,put
12847,0.025239,0.222000,get
12848,0.025240,0.410000,get
12849,0.025240,0.183000,get
12850,0.025243,2.512000,get
12851,0.025243,0.447000,get
12852,0.025244,0.189000,get
12853,0.025244,0.355000,get
12854,0.025248,3.409000,put
12855,0.025248,0.261000,get
12856,0.025249,0.389000,get
12857,0.025250,0.512000,get
12858,0.025252,2.372000,put
12859,0.025255,2.639000,get
12860,0.025256,0.517000,get
12861,0.025257,0.377000,get
12862,0.025257,0.658000,get
12863,0.025261,2.814000,get
12864,0.025261,0.269000,get
12865,0.025261,0.194000,get
12866,0.025262,0.263000,get
12867,0.025267,4.892000,put
12868,0.025268,0.339000,get
12869,0.025268,0.317000,get
12870,0.025269,0.326000,get
12871,0.025269,0.467000,get
12872,0.025272,2.065000,get
12873,0.025274,2.480000,put
12874,0.025277,2.599000,put
12875,0.025280,2.205000,get
12876,0.025280,0.541000,get
12877,0.025282,1.427000,get
12878,0.025283,0.374000,get
12879,0.025283,0.379000,get
12880,0.025284,0.193000,get
12881,0.025284,0.330000,get
12882,0.025285,0.185000,get
12883,0.025285,0.409000,get
12884,0.025288,2.737000,put
12885,0.025289,0.536000,get
12886,0.025290,0.483000,get
12887,0.025290,0.201000,get
12888,0.025295,4.950000,put
12889,0.025298,2.137000,put
12890,0.025298,0.199000,get
12891,0.025299,0.438000,get
12892,0.025300,0.734000,get
12893,0.025303,3.002000,get
12894,0.025305,2.190000,get
12895,0.025306,0.429000,get
12896,0.025307,1.141000,get
12897,0.025308,0.444000,get
12898,0.025311,2.776000,put
12899,0.025312,0.413000,get
12900,0.025312,0.233000,get
12901,0.025313,0.350000,get
12902,0.025313,0.408000,get
12903,0.025314,0.356000,get
12904,0.025317,2.538000,get
12905,0.025317,0.190000,get
12906,0.025318,0.511000,get
12907,0.025318,0.307000,get
12908,0.025319,0.468000,get
12909,0.025322,2.634000,get
12910,0.025322,0.285000,get
12911,0.025323,0.199000,get
12912,0.025328,4.925000,put
12913,0.025328,0.480000,get
12914,0.025329,0.239000,get
12915,0.025331,1.438000,get
12916,0.025331,0.266000,get
12917,0.025331,0.314000,get
12918,0.025334,2.762000,put
12919,0.025335,0.553000,get
12920,0.025336,0.387000,get
12921,0.025336,0.293000,get
12922,0.025337,0.478000,get
12923,0.025337,0.197000,get
12924,0.025340,1.966000,put
12925,0.025340,0.199000,get
12926,0.025341,0.381000,get
12927,0.025341,0.412000,get
12928,0.025342,0.266000,get
12929,0.025342,0.399000,get
12930,0.025343,0.354000,get
12931,0.025343,0.492000,get
12932,0.025346,2.506000,put
12933,0.025347,0.380000,get
12934,0.025347,0.333000,get
12935,0.025348,0.291000,get
12936,0.025348,0.416000,get
12937,0.025351,2.607000,get
12938,0.025352,0.195000,get
12939,0.025356,4.498000,put
12940,0.025360,3.026000,put
12941,0.025360,0.441000,get
12942,0.025361,0.243000,get
12943,0.025361,0.435000,get
12944,0.025364,2.686000,put
12945,0.025366,1.510000,get
12946,0.025367,0.385000,get
12947,0.025369,2.077000,put
12948,0.025370,0.541000,get
12949,0.025370,0.411000,get
12950,0.025371,0.388000,get
12951,0.025372,0.382000,get
12952,0.025373,0.945000,get
12953,0.025376,2.978000,get
12954,0.025381,4.650000,put
12955,0.025381,0.210000,get
12956,0.025384,2.741000,get
12957,0.025385,0.339000,get
12958,0.025386,0.461000,get
12959,0.025386,0.542000,get
12960,0.025387,0.180000,get
12961,0.025390,2.641000,put
12962,0.025392,2.638000,put
12963,0.025395,2.037000,put
12964,0.025396,0.489000,get
12965,0.025398,2.234000,get
12966,0.025399,0.457000,get
12967,0.025399,0.181000,get
12968,0.025400,0.389000,get
12969,0.025400,0.288000,get
12970,0.025401,0.171000,get
12971,0.025401,0.567000,get
12972,0.025403,1.460000,get
12973,0.025407,3.165000,get
12974,0.025409,1.902000,get
12975,0.025413,4.286000,put
12976,0.025414,0.964000,get
12977,0.025415,0.174000,get
12978,0.025415,0.169000,get
12979,0.025416,0.566000,get
12980,0.025416,0.169000,get
12981,0.025417,0.168000,get
12982,0.025419,2.405000,get
12983,0.025420,0.273000,get
12984,0.025420,0.238000,get
12985,0.025421,0.528000,get
12986,0.025421,0.322000,get
12987,0.025422,0.381000,get
12988,0.025422,0.246000,get
12989,0.025423,0.176000,get
12990,0.025423,0.279000,get
12991,0.025424,0.350000,get
12992,0.025424,0.460000,get
12993,0.025425,0.343000,get
12994,0.025426,0.533000,get
12995,0.025426,0.461000,get
12996,0.025427,0.186000,get
12997,0.025430,2.551000,put
12998,0.025430,0.446000,get
12999,0.025431,0.838000,get
13000,0.025432,0.195000,get
13001,0.025432,0.270000,get
13002,0.025433,0.258000,get
13003,0.025434,1.103000,get
13004,0.025435,0.317000,get
13005,0.025437,2.267000,put
13006,0.025437,0.188000,get
13007,0.025440,1.968000,put
13008,0.025443,3.314000,get
13009,0.025444,0.185000,get
13010,0.025450,5.746000,put
13011,0.025450,0.417000,get
13012,0.025451,0.341000,get
13013,0.025451,0.515000,get
13014,0.025452,0.350000,get
13015,0.025453,0.465000,get
13016,0.025455,1.955000,put
13017,0.025455,0.394000,get
13018,0.025456,0.412000,get
13019,0.025457,0.924000,get
13020,0.025459,1.489000,get
13021,0.025459,0.288000,get
13022,0.025460,0.533000,get
13023,0.025463,2.719000,put
13024,0.025464,0.519000,get
13025,0.025465,0.443000,get
13026,0.025469,3.926000,get
13027,0.025472,2.585000,put
13028,0.025472,0.515000,get
13029,0.025483,10.052000,put
13030,0.025483,0.443000,get
13031,0.025484,0.194000,get
13032,0.025488,4.372000,get
13033,0.025489,0.345000,get
13034,0.025490,1.162000,get
13035,0.025493,2.669000,put
13036,0.025494,0.517000,get
13037,0.025495,0.365000,get
13038,0.025495,0.470000,get
13039,0.025496,0.259000,get
13040,0.025496,0.437000,get
13041,0.025497,0.429000,get
13042,0.025498,0.467000,get
13043,0.025498,0.200000,get
13044,0.025498,0.187000,get
13045,0.025499,0.303000,get
13046,0.025499,0.187000,get
13047,0.025501,1.741000,get
13048,0.025505,3.176000,put
13049,0.025511,5.988000,put
13050,0.025512,0.440000,get
13051,0.025514,2.381000,get
13052,0.025518,3.623000,put
13053,0.025521,2.486000,put
13054,0.025523,1.571000,get
13055,0.025525,2.053000,put
13056,0.025530,4.660000,put
13057,0.025532,2.049000,put
13058,0.025533,0.286000,get
13059,0.025533,0.256000,get
13060,0.025534,0.181000,get
13061,0.025534,0.166000,get
13062,0.025535,0.445000,get
13063,0.025535,0.443000,get
13064,0.025538,2.565000,get
13065,0.025539,0.345000,get
13066,0.025539,0.382000,get
13067,0.025540,0.424000,get
13068,0.025540,0.188000,get
13069,0.025543,2.699000,put
13070,0.025544,0.399000,get
13071,0.025544,0.185000,get
13072,0.025545,0.462000,get
13073,0.025545,0.517000,get
13074,0.025546,0.413000,get
13075,0.025547,0.513000,get
13076,0.025547,0.401000,get
13077,0.025548,0.170000,get
13078,0.025548,0.409000,get
13079,0.025549,0.164000,get
13080,0.025549,0.326000,get
13081,0.025553,3.649000,get
13082,0.025554,0.250000,get
13083,0.025557,3.400000,put
13084,0.025558,0.774000,get
13085,0.025563,4.798000,put
13086,0.025564,0.199000,get
13087,0.025565,0.764000,get
13088,0.025565,0.569000,get
13089,0.025567,0.909000,get
13090,0.025567,0.182000,get
13091,0.025569,1.674000,get
13092,0.025569,0.390000,get
13093,0.025572,2.675000,put
13094,0.025573,0.419000,get
13095,0.025573,0.182000,get
13096,0.025574,0.181000,get
13097,0.025575,0.580000,get
13098,0.025576,1.559000,get
13099,0.025579,2.652000,put
13100,0.025580,0.409000,get
13101,0.025580,0.179000,get
13102,0.025581,0.259000,get
13103,0.025581,0.180000,get
13104,0.025589,2.612000,put
13105,0.025589,0.193000,get
13106,0.025590,0.353000,get
13107,0.025591,0.301000,get
13108,0.025592,1.261000,get
13109,0.025594,2.057000,get
13110,0.025595,0.297000,get
13111,0.025595,0.449000,get
13112,0.025596,0.373000,get
13113,0.025596,0.200000,get
13114,0.025597,0.424000,get
13115,0.025598,1.012000,get
13116,0.025599,0.427000,get
13117,0.025599,0.177000,get
13118,0.025602,2.366000,get
13119,0.025602,0.190000,get
13120,0.025607,4.236000,put
13121,0.025609,1.942000,put
13122,0.025611,1.779000,put
13123,0.025612,0.461000,get
13124,0.025613,1.125000,get
13125,0.025614,0.839000,get
13126,0.025615,0.353000,get
13127,0.025615,0.381000,get
13128,0.025616,0.173000,get
13129,0.025619,3.287000,put
13130,0.025620,0.352000,get
13131,0.025620,0.359000,get
13132,0.025622,1.439000,get
13133,0.025623,0.484000,get
13134,0.025627,3.953000,put
13135,0.025627,0.291000,get
13136,0.025628,0.400000,get
13137,0.025631,2.524000,put
13138,0.025631,0.194000,get
13139,0.025632,0.640000,get
13140,0.025633,0.349000,get
13141,0.025635,2.355000,put
13142,0.025636,0.336000,get
13143,0.025638,1.713000,put
13144,0.025638,0.384000,get
13145,0.025639,0.307000,get
13146,0.025639,0.172000,get
13147,0.025642,2.813000,get
13148,0.025643,0.260000,get
13149,0.025643,0.411000,get
13150,0.025645,1.366000,get
13151,0.025645,0.433000,get
13152,0.025646,0.380000,get
13153,0.025646,0.243000,get
13154,0.025647,0.180000,get
13155,0.025648,0.931000,get
13156,0.025653,4.504000,put
13157,0.025654,0.505000,get
13158,0.025656,2.725000,put
13159,0.025657,0.491000,get
13160,0.025658,0.176000,get
13161,0.025658,0.392000,get
13162,0.025659,0.248000,get
13163,0.025659,0.535000,get
13164,0.025662,2.528000,put
13165,0.025665,2.736000,get
13166,0.025666,0.185000,get
13167,0.025666,0.424000,get
13168,0.025667,0.372000,get
13169,0.025667,0.248000,get
13170,0.025670,2.649000,put
13171,0.025674,3.640000,put
13172,0.025677,2.636000,put
13173,0.025678,0.462000,get
13174,0.025678,0.175000,get
13175,0.025678,0.170000,get
13176,0.025679,0.166000,get
13177,0.025679,0.406000,get
13178,0.025680,0.330000,get
13179,0.025681,0.498000,get
13180,0.025681,0.400000,get
13181,0.025682,0.192000,get
13182,0.025684,2.272000,put
13183,0.025685,0.441000,get
13184,0.025685,0.210000,get
13185,0.025688,2.124000,get
13186,0.025688,0.487000,get
13187,0.025689,0.177000,get
13188,0.025689,0.542000,get
13189,0.025694,4.161000,put
13190,0.025694,0.194000,get
13191,0.025695,0.451000,get
13192,0.025698,3.118000,get
13193,0.025699,0.544000,get
13194,0.025702,2.563000,get
13195,0.025703,0.376000,get
13196,0.025703,0.506000,get
13197,0.025704,0.496000,get
13198,0.025704,0.266000,get
13199,0.025705,0.535000,get
13200,0.025706,0.368000,get
13201,0.025709,3.149000,put
13202,0.025711,1.398000,get
13203,0.025711,0.384000,get
13204,0.025712,0.191000,get
13205,0.025712,0.418000,get
13206,0.025713,0.399000,get
13207,0.025715,1.665000,get
13208,0.025715,0.186000,get
13209,0.025716,0.510000,get
13210,0.025719,2.570000,get
13211,0.025720,0.877000,get
13212,0.025721,0.422000,get
13213,0.025721,0.404000,get
13214,0.025722,0.368000,get
13215,0.025722,0.375000,get
13216,0.025723,1.025000,get
13217,0.025724,0.177000,get
13218,0.025725,0.437000,get
13219,0.025727,2.606000,put
13220,0.025728,0.541000,get
13221,0.025730,2.027000,put
13222,0.025735,4.646000,put
13223,0.025738,2.261000,put
13224,0.025741,2.531000,put
13225,0.025741,0.352000,get
13226,0.025744,2.309000,get
13227,0.025744,0.507000,get
13228,0.025745,0.378000,get
13229,0.025746,0.417000,get
13230,0.025746,0.346000,get
13231,0.025747,0.335000,get
13232,0.025749,1.993000,get
13233,0.025749,0.194000,get
13234,0.025751,1.830000,get
13235,0.025752,0.363000,get
13236,0.025755,2.441000,get
13237,0.025757,2.498000,put
13238,0.025758,0.201000,get
13239,0.025758,0.274000,get
13240,0.025763,4.483000,put
13241,0.025763,0.207000,get
13242,0.025764,0.500000,get
13243,0.025765,0.392000,get
13244,0.025765,0.168000,get
13245,0.025766,0.414000,get
13246,0.025766,0.397000,get
13247,0.025767,0.241000,get
13248,0.025767,0.172000,get
13249,0.025770,2.411000,put
13250,0.025772,2.311000,get
13251,0.025775,2.200000,put
13252,0.025775,0.484000,get
13253,0.025776,0.173000,get
13254,0.025776,0.550000,get
13255,0.025777,0.170000,get
13256,0.025777,0.264000,get
13257,0.025780,2.572000,put
13258,0.025781,0.448000,get
13259,0.025781,0.377000,get
13260,0.025782,0.420000,get
13261,0.025784,1.718000,get
13262,0.025784,0.431000,get
13263,0.025785,0.369000,get
13264,0.025790,4.914000,put
13265,0.025791,0.469000,get
13266,0.025793,2.272000,get
13267,0.025794,0.364000,get
13268,0.025794,0.189000,get
13269,0.025795,0.443000,get
13270,0.025798,2.322000,get
13271,0.025798,0.433000,get
13272,0.025801,2.630000,put
13273,0.025801,0.208000,get
13274,0.025802,0.172000,get
13275,0.025802,0.306000,get
13276,0.025803,0.324000,get
13277,0.025803,0.169000,get
13278,0.025806,2.496000,put
13279,0.025807,0.593000,get
13280,0.025808,1.037000,get
13281,0.025809,0.340000,get
13282,0.025809,0.442000,get
13283,0.025812,2.337000,get
13284,0.025812,0.373000,get
13285,0.025814,1.002000,get
13286,0.025814,0.174000,get
13287,0.025816,2.194000,get
13288,0.025817,0.178000,get
13289,0.025819,1.707000,get
13290,0.025819,0.475000,get
13291,0.025820,0.479000,get
13292,0.025823,2.263000,put
13293,0.025823,0.388000,get
13294,0.025824,0.173000,get
13295,0.025824,0.434000,get
13296,0.025825,0.170000,get
13297,0.025825,0.313000,get
13298,0.025828,2.825000,get
13299,0.025829,0.187000,get
13300,0.025829,0.175000,get
13301,0.025834,4.800000,put
13302,0.025835,0.431000,get
13303,0.025835,0.178000,get
13304,0.025838,2.627000,put
13305,0.025838,0.446000,get
13306,0.025841,2.351000,put
13307,0.025842,0.662000,get
13308,0.025843,0.749000,get
13309,0.025845,2.244000,put
13310,0.025851,5.121000,put
13311,0.025853,2.058000,put
13312,0.025855,1.847000,get
13313,0.025858,2.477000,put
13314,0.025862,3.825000,put
13315,0.025863,0.424000,get
13316,0.025865,1.871000,put
13317,0.025867,2.514000,get
13318,0.025871,2.906000,put
13319,0.025873,1.630000,get
13320,0.025873,0.183000,get
13321,0.025875,1.505000,get
13322,0.025877,2.333000,put
13323,0.025878,0.626000,get
13324,0.025883,4.171000,put
13325,0.025884,0.761000,get
13326,0.025886,2.305000,put
13327,0.025888,1.990000,put
13328,0.025890,1.682000,get
13329,0.025891,0.527000,get
13330,0.025892,0.267000,get
13331,0.025892,0.755000,get
13332,0.025893,0.409000,get
13333,0.025894,0.497000,get
13334,0.025895,0.986000,get
13335,0.025898,2.682000,get
13336,0.025901,2.571000,put
13337,0.025902,0.580000,get
13338,0.025906,4.583000,put
13339,0.025907,0.448000,get
13340,0.025910,2.351000,put
13341,0.025910,0.447000,get
13342,0.025913,2.737000,put
13343,0.025914,0.456000,get
13344,0.025915,1.144000,get
13345,0.025916,0.170000,get
13346,0.025916,0.165000,get
13347,0.025918,2.240000,put
13348,0.025919,0.187000,get
13349,0.025924,4.674000,put
13350,0.025924,0.391000,get
13351,0.025926,1.440000,get
13352,0.025929,2.454000,put
13353,0.025929,0.387000,get
13354,0.025930,0.444000,get
13355,0.025930,0.179000,get
13356,0.025931,0.176000,get
13357,0.025933,2.444000,get
13358,0.025934,0.270000,get
13359,0.025936,2.092000,get
13360,0.025936,0.186000,get
13361,0.025937,0.167000,get
13362,0.025937,0.331000,get
13363,0.025938,0.360000,get
13364,0.025938,0.340000,get
13365,0.025939,0.176000,get
13366,0.025939,0.171000,get
13367,0.025942,2.746000,put
13368,0.025943,0.187000,get
13369,0.025943,0.176000,get
13370,0.025943,0.381000,get
13371,0.025944,0.166000,get
13372,0.025946,2.306000,get
13373,0.025947,0.473000,get
13374,0.025948,0.300000,get
13375,0.025948,0.633000,get
13376,0.025949,0.175000,get
13377,0.025950,0.842000,get
13378,0.025950,0.176000,get
13379,0.025950,0.168000,get
13380,0.025951,0.279000,get
13381,0.025954,2.252000,get
13382,0.025954,0.387000,get
13383,0.025955,0.473000,get
13384,0.025955,0.278000,get
13385,0.025958,2.365000,get
13386,0.025960,1.893000,get
13387,0.025962,1.923000,get
13388,0.025966,3.508000,get
13389,0.025967,0.659000,get
13390,0.025968,0.518000,get
13391,0.025968,0.375000,get
13392,0.025969,0.411000,get
13393,0.025969,0.357000,get
13394,0.025972,2.544000,get
13395,0.025975,2.799000,put
13396,0.025976,0.459000,get
13397,0.025978,2.222000,get
13398,0.025980,0.854000,get
13399,0.025980,0.205000,get
13400,0.025981,0.475000,get
13401,0.025984,3.280000,get
13402,0.025990,5.413000,put
13403,0.025990,0.197000,get
13404,0.025991,0.503000,get
13405,0.025991,0.178000,get
13406,0.025994,2.045000,get
13407,0.025994,0.432000,get
13408,0.025997,2.498000,get
13409,0.025997,0.183000,get
13410,0.025998,0.168000,get
13411,0.025998,0.369000,get
13412,0.026000,1.651000,get
13413,0.026001,0.178000,get
13414,0.026001,0.399000,get
13415,0.026002,0.442000,get
13416,0.026008,0.823000,get
13417,0.026009,1.271000,get
13418,0.026010,0.567000,get
13419,0.026011,0.380000,get
13420,0.026011,0.178000,get
13421,0.026014,2.641000,put
13422,0.026015,0.451000,get
13423,0.026015,0.403000,get
13424,0.026016,0.406000,get
13425,0.026017,0.428000,get
13426,0.026017,0.171000,get
13427,0.026018,0.495000,get
13428,0.026018,0.168000,get
13429,0.026019,0.974000,get
13430,0.026020,0.168000,get
13431,0.026020,0.440000,get
13432,0.026023,2.500000,put
13433,0.026025,1.523000,get
13434,0.026025,0.438000,get
13435,0.026027,1.144000,get
13436,0.026030,2.844000,put
13437,0.026030,0.485000,get
13438,0.026031,0.465000,get
13439,0.026032,0.319000,get
13440,0.026033,0.929000,get
13441,0.026033,0.422000,get
13442,0.026034,0.263000,get
13443,0.026036,1.958000,get
13444,0.026036,0.184000,get
13445,0.026040,2.780000,get
13446,0.026045,5.508000,put
13447,0.026046,0.195000,get
13448,0.026046,0.411000,get
13449,0.026047,0.166000,get
13450,0.026047,0.165000,get
13451,0.026049,2.057000,get
13452,0.026051,1.644000,get
13453,0.026052,0.472000,get
13454,0.026054,2.359000,put
13455,0.026057,2.322000,put
13456,0.026058,0.898000,get
13457,0.026059,0.356000,get
13458,0.026060,1.114000,get
13459,0.026063,2.225000,get
13460,0.026063,0.178000,get
13461,0.026064,0.559000,get
13462,0.026064,0.438000,get
13463,0.026065,0.436000,get
13464,0.026067,1.377000,get
13465,0.026072,4.922000,put
13466,0.026074,2.388000,put
13467,0.026075,0.195000,get
13468,0.026075,0.322000,get
13469,0.026076,0.379000,get
13470,0.026076,0.289000,get
13471,0.026077,0.169000,get
13472,0.026077,0.582000,get
13473,0.026078,0.261000,get
13474,0.026078,0.173000,get
13475,0.026080,1.035000,get
13476,0.026080,0.242000,get
13477,0.026082,1.282000,get
13478,0.026083,1.542000,get
13479,0.026084,0.400000,get
13480,0.026085,0.378000,get
13481,0.026088,3.338000,get
13482,0.026089,0.446000,get
13483,0.026091,1.656000,get
13484,0.026091,0.178000,get
13485,0.026092,0.365000,get
13486,0.026092,0.168000,get
13487,0.026093,0.309000,get
13488,0.026094,0.844000,get
13489,0.026094,0.330000,get
13490,0.026095,0.524000,get
13491,0.026098,2.827000,get
13492,0.026099,0.432000,get
13493,0.026102,2.623000,put
13494,0.026103,1.428000,get
13495,0.026104,0.179000,get
13496,0.026104,0.264000,get
13497,0.026105,0.415000,get
13498,0.026106,0.543000,get
13499,0.026106,0.425000,get
13500,0.026107,0.321000,get
13501,0.026107,0.359000,get
13502,0.026108,0.450000,get
13503,0.026110,2.121000,put
13504,0.026111,0.190000,get
13505,0.026112,0.818000,get
13506,0.026112,0.176000,get
13507,0.026112,0.169000,get
13508,0.026114,0.938000,get
13509,0.026118,4.547000,put
13510,0.026121,2.616000,put
13511,0.026122,0.513000,get
13512,0.026122,0.381000,get
13513,0.026125,2.649000,get
13514,0.026126,0.471000,get
13515,0.026127,0.438000,get
13516,0.026130,2.639000,put
13517,0.026131,1.072000,get
13518,0.026131,0.392000,get
13519,0.026132,0.452000,get
13520,0.026133,0.383000,get
13521,0.026133,0.369000,get
13522,0.026134,0.630000,get
13523,0.026135,0.258000,get
13524,0.026135,0.419000,get
13525,0.026136,0.441000,get
13526,0.026139,2.392000,put
13527,0.026139,0.263000,get
13528,0.026139,0.177000,get
13529,0.026142,2.301000,get
13530,0.026143,0.584000,get
13531,0.026144,1.435000,get
13532,0.026150,5.756000,put
13533,0.026151,0.286000,get
13534,0.026152,0.447000,get
13535,0.026152,0.455000,get
13536,0.026154,1.819000,get
13537,0.026155,0.396000,get
13538,0.026155,0.293000,get
13539,0.026158,2.738000,put
13540,0.026159,0.194000,get
13541,0.026159,0.486000,get
13542,0.026160,0.518000,get
13543,0.026161,0.233000,get
13544,0.026163,2.066000,put
13545,0.026163,0.273000,get
13546,0.026164,0.590000,get
13547,0.026165,0.419000,get
13548,0.026165,0.391000,get
13549,0.026169,2.940000,get
13550,0.026169,0.415000,get
13551,0.026170,0.229000,get
13552,0.026170,0.426000,get
13553,0.026171,0.541000,get
13554,0.026171,0.196000,get
13555,0.026172,0.379000,get
13556,0.026172,0.170000,get
13557,0.026173,0.386000,get
13558,0.026174,0.606000,get
13559,0.026177,2.747000,put
13560,0.026177,0.414000,get
13561,0.026183,4.900000,put
13562,0.026183,0.359000,get
13563,0.026183,0.183000,get
13564,0.026186,2.343000,put
13565,0.026187,0.210000,get
13566,0.026187,0.251000,get
13567,0.026189,2.068000,put
13568,0.026190,0.193000,get
13569,0.026190,0.175000,get
13570,0.026191,0.473000,get
13571,0.026191,0.177000,get
13572,0.026192,0.379000,get
13573,0.026192,0.175000,get
13574,0.026195,2.718000,put
13575,0.026196,0.480000,get
13576,0.026200,4.203000,put
13577,0.026201,0.413000,get
13578,0.026203,1.932000,put
13579,0.026203,0.375000,get
13580,0.026204,0.173000,get
13581,0.026205,0.991000,get
13582,0.026205,0.172000,get
13583,0.026208,2.634000,put
13584,0.026211,2.503000,put
13585,0.026216,4.531000,put
13586,0.026216,0.520000,get
13587,0.026219,1.919000,put
13588,0.026219,0.494000,get
13589,0.026222,2.245000,put
13590,0.026223,1.454000,get
13591,0.026224,0.187000,get
13592,0.026225,0.676000,get
13593,0.026228,2.910000,put
13594,0.026229,0.543000,get
13595,0.026233,3.831000,put
13596,0.026233,0.209000,get
13597,0.026234,0.873000,get
13598,0.026234,0.171000,get
13599,0.026238,3.690000,get
13600,0.026241,2.549000,put
13601,0.026242,0.478000,get
13602,0.026244,2.057000,put
13603,0.026245,0.551000,get
13604,0.026246,0.418000,get
13605,0.026247,0.472000,get
13606,0.026247,0.377000,get
13607,0.026252,4.840000,put
13608,0.026253,0.672000,get
13609,0.026254,0.831000,get
13610,0.026257,2.355000,put
13611,0.026257,0.377000,get
13612,0.026259,1.814000,put
13613,0.026260,0.349000,get
13614,0.026261,0.380000,get
13615,0.026261,0.187000,get
13616,0.026263,2.243000,get
13617,0.026264,0.658000,get
13618,0.026267,2.751000,put
13619,0.026268,0.579000,get
13620,0.026270,1.895000,get
13621,0.026274,4.030000,put
13622,0.026277,2.476000,put
13623,0.026278,0.626000,get
13624,0.026281,2.420000,put
13625,0.026283,2.285000,put
13626,0.026284,0.378000,get
13627,0.026288,4.265000,put
13628,0.026291,2.087000,put
13629,0.026293,2.552000,put
13630,0.026294,0.363000,get
13631,0.026295,0.298000,get
13632,0.026295,0.512000,get
13633,0.026296,0.234000,get
13634,0.026296,0.408000,get
13635,0.026297,0.389000,get
13636,0.026300,2.459000,put
13637,0.026301,1.440000,get
13638,0.026302,0.194000,get
13639,0.026306,3.725000,put
13640,0.026308,1.954000,put
13641,0.026310,2.406000,put
13642,0.026311,0.405000,get
13643,0.026311,0.232000,get
13644,0.026314,2.658000,put
13645,0.026320,5.745000,put
13646,0.026323,2.660000,get
13647,0.026324,0.683000,get
13648,0.026325,0.252000,get
13649,0.026325,0.455000,get
13650,0.026327,1.539000,get
13651,0.026328,0.496000,get
13652,0.026328,0.499000,get
13653,0.026329,0.376000,get
13654,0.026330,0.381000,get
13655,0.026332,2.368000,put
13656,0.026333,0.392000,get
13657,0.026333,0.183000,get
13658,0.026334,0.178000,get
13659,0.026334,0.253000,get
13660,0.026335,0.488000,get
13661,0.026338,2.641000,put
13662,0.026341,3.222000,get
13663,0.026342,0.382000,get
13664,0.026345,2.803000,get
13665,0.026346,0.524000,get
13666,0.026348,2.439000,put
13667,0.026349,0.308000,get
13668,0.026349,0.378000,get
13669,0.026350,0.471000,get
13670,0.026350,0.174000,get
13671,0.026351,0.341000,get
13672,0.026351,0.495000,get
13673,0.026353,1.593000,get
13674,0.026354,0.530000,get
13675,0.026355,0.933000,get
13676,0.026356,0.486000,get
13677,0.026361,5.006000,put
13678,0.026362,0.503000,get
13679,0.026363,0.434000,get
13680,0.026363,0.196000,get
13681,0.026363,0.334000,get
13682,0.026364,0.181000,get
13683,0.026364,0.383000,get
13684,0.026366,1.326000,get
13685,0.026367,0.381000,get
13686,0.026370,3.709000,get
13687,0.026374,3.070000,get
13688,0.026377,2.727000,put
13689,0.026378,0.662000,get
13690,0.026379,0.522000,get
13691,0.026381,2.049000,put
13692,0.026382,0.610000,get
13693,0.026383,0.366000,get
13694,0.026383,0.505000,get
13695,0.026384,0.187000,get
13696,0.026385,1.230000,get
13697,0.026387,2.101000,get
13698,0.026388,0.198000,get
13699,0.026392,4.478000,put
13700,0.026393,0.456000,get
13701,0.026394,0.478000,get
13702,0.026396,2.368000,get
13703,0.026399,2.582000,put
13704,0.026400,0.208000,get
13705,0.026403,3.053000,put
13706,0.026404,0.440000,get
13707,0.026404,0.372000,get
13708,0.026405,0.373000,get
13709,0.026407,2.240000,put
13710,0.026408,0.429000,get
13711,0.026408,0.432000,get
13712,0.026413,4.059000,put
13713,0.026414,0.764000,get
13714,0.026414,0.198000,get
13715,0.026415,0.498000,get
13716,0.026415,0.400000,get
13717,0.026418,2.464000,put
13718,0.026419,0.648000,get
13719,0.026420,0.367000,get
13720,0.026420,0.279000,get
13721,0.026421,0.428000,get
13722,0.026421,0.197000,get
13723,0.026423,1.454000,get
13724,0.026424,0.457000,get
13725,0.026424,0.381000,get
13726,0.026425,0.388000,get
13727,0.026426,1.227000,get
13728,0.026432,0.270000,get
13729,0.026432,0.422000,get
13730,0.026433,0.362000,get
13731,0.026433,0.188000,get
13732,0.026435,1.514000,get
13733,0.026436,0.602000,get
13734,0.026439,2.863000,put
13735,0.026442,2.152000,put
13736,0.026442,0.293000,get
13737,0.026442,0.178000,get
13738,0.026443,0.458000,get
13739,0.026444,0.443000,get
13740,0.026444,0.335000,get
13741,0.026445,0.182000,get
13742,0.026446,1.070000,get
13743,0.026446,0.186000,get
13744,0.026449,2.395000,get
13745,0.026450,0.429000,get
13746,0.026453,2.817000,get
13747,0.026455,2.359000,get
13748,0.026456,0.590000,get
13749,0.026457,0.880000,get
13750,0.026458,0.192000,get
13751,0.026458,0.390000,get
13752,0.026459,0.170000,get
13753,0.026459,0.639000,get
13754,0.026460,0.717000,get
13755,0.026461,0.824000,get
13756,0.026467,5.530000,put
13757,0.026468,0.381000,get
13758,0.026468,0.388000,get
13759,0.026469,0.352000,get
13760,0.026470,0.396000,get
13761,0.026473,2.755000,put
13762,0.026473,0.212000,get
13763,0.026475,1.264000,get
13764,0.026475,0.266000,get
13765,0.026477,2.128000,put
13766,0.026480,2.213000,put
13767,0.026481,0.533000,get
13768,0.026481,0.175000,get
13769,0.026481,0.224000,get
13770,0.026486,4.534000,put
13771,0.026489,2.238000,put
13772,0.026489,0.194000,get
13773,0.026491,1.928000,put
13774,0.026492,0.195000,get
13775,0.026492,0.509000,get
13776,0.026495,2.146000,put
13777,0.026507,12.561000,get
13778,0.026509,0.879000,get
13779,0.026511,1.624000,get
13780,0.026511,0.173000,get
13781,0.026512,0.619000,get
13782,0.026514,1.567000,get
13783,0.026514,0.427000,get
13784,0.026515,0.387000,get
13785,0.026515,0.178000,get
13786,0.026516,0.363000,get
13787,0.026516,0.169000,get
13788,0.026516,0.329000,get
13789,0.026522,5.124000,put
13790,0.026522,0.197000,get
13791,0.026524,1.418000,get
13792,0.026524,0.421000,get
13793,0.026525,0.480000,get
13794,0.026526,0.497000,get
13795,0.026526,0.256000,get
13796,0.026529,2.226000,put
13797,0.026529,0.198000,get
13798,0.026530,0.305000,get
13799,0.026530,0.307000,get
13800,0.026534,3.509000,get
13801,0.026534,0.257000,get
13802,0.026535,0.471000,get
13803,0.026536,0.492000,get
13804,0.026536,0.234000,get
13805,0.026537,0.443000,get
13806,0.026538,0.846000,get
13807,0.026539,0.406000,get
13808,0.026541,2.537000,put
13809,0.026544,2.632000,put
13810,0.026546,1.064000,get
13811,0.026550,4.403000,put
13812,0.026551,0.467000,get
13813,0.026554,3.153000,put
13814,0.026557,2.215000,put
13815,0.026557,0.187000,get
13816,0.026558,0.417000,get
13817,0.026562,3.909000,put
13818,0.026562,0.435000,get
13819,0.026563,0.404000,get
13820,0.026564,0.289000,get
13821,0.026566,2.551000,get
13822,0.026567,0.418000,get
13823,0.026570,2.557000,put
13824,0.026570,0.186000,get
13825,0.026571,0.155000,get
13826,0.026571,0.545000,get
13827,0.026574,2.276000,put
13828,0.026575,0.529000,get
13829,0.026575,0.426000,get
13830,0.026576,0.949000,get
13831,0.026579,1.955000,put
13832,0.026579,0.261000,get
13833,0.026580,0.561000,get
13834,0.026580,0.414000,get
13835,0.026581,0.322000,get
13836,0.026582,0.464000,get
13837,0.026582,0.361000,get
13838,0.026583,0.394000,get
13839,0.026583,0.254000,get
13840,0.026584,0.381000,get
13841,0.026588,4.215000,put
13842,0.026589,0.318000,get
13843,0.026590,0.596000,get
13844,0.026592,1.819000,put
13845,0.026593,0.828000,get
13846,0.026593,0.173000,get
13847,0.026596,2.341000,put
13848,0.026598,2.068000,put
13849,0.026598,0.429000,get
13850,0.026599,0.381000,get
13851,0.026603,4.093000,put
13852,0.026606,2.045000,put
13853,0.026606,0.525000,get
13854,0.026609,2.342000,put
13855,0.026609,0.185000,get
13856,0.026612,2.168000,put
13857,0.026616,4.328000,put
13858,0.026617,0.466000,get
13859,0.026617,0.185000,get
13860,0.026619,1.735000,put
13861,0.026620,0.183000,get
13862,0.026621,1.484000,get
13863,0.026622,0.183000,get
13864,0.026622,0.179000,get
13865,0.026623,0.265000,get
13866,0.026625,2.635000,put
13867,0.026626,0.190000,get
13868,0.026626,0.500000,get
13869,0.026627,0.162000,get
13870,0.026628,1.005000,get
13871,0.026628,0.257000,get
13872,0.026629,0.348000,get
13873,0.026632,2.381000,put
13874,0.026632,0.440000,get
13875,0.026633,0.180000,get
13876,0.026633,0.492000,get
13877,0.026634,0.459000,get
13878,0.026639,5.233000,put
13879,0.026640,0.204000,get
13880,0.026643,2.753000,put
13881,0.026644,0.480000,get
13882,0.026646,2.231000,put
13883,0.026650,4.046000,get
13884,0.026652,1.486000,get
13885,0.026652,0.176000,get
13886,0.026655,2.324000,put
13887,0.026656,0.587000,get
13888,0.026656,0.341000,get
13889,0.026657,0.414000,get
13890,0.026657,0.165000,get
13891,0.026658,0.233000,get
13892,0.026662,3.956000,put
13893,0.026662,0.194000,get
13894,0.026663,0.531000,get
13895,0.026663,0.236000,get
13896,0.026664,0.371000,get
13897,0.026664,0.347000,get
13898,0.026665,0.427000,get
13899,0.026666,0.325000,get
13900,0.026666,0.358000,get
13901,0.026670,3.250000,get
13902,0.026673,2.699000,put
13903,0.026673,0.325000,get
13904,0.026674,0.483000,get
13905,0.026674,0.383000,get
13906,0.026678,3.287000,get
13907,0.026680,1.433000,get
13908,0.026680,0.532000,get
13909,0.026681,0.252000,get
13910,0.026681,0.240000,get
13911,0.026682,0.367000,get
13912,0.026684,2.448000,put
13913,0.026685,0.191000,get
13914,0.026685,0.373000,get
13915,0.026686,0.239000,get
13916,0.026686,0.330000,get
13917,0.026687,0.350000,get
13918,0.026687,0.184000,get
13919,0.026688,0.800000,get
13920,0.026689,0.353000,get
13921,0.026690,0.532000,get
13922,0.026691,0.798000,get
13923,0.026691,0.486000,get
13924,0.026692,0.380000,get
13925,0.026693,0.466000,get
13926,0.026697,4.069000,put
13927,0.026698,0.510000,get
13928,0.026700,2.260000,put
13929,0.026701,0.476000,get
13930,0.026701,0.442000,get
13931,0.026702,0.410000,get
13932,0.026702,0.239000,get
13933,0.026703,0.186000,get
13934,0.026703,0.430000,get
13935,0.026704,0.739000,get
13936,0.026707,2.154000,put
13937,0.026707,0.198000,get
13938,0.026708,0.873000,get
13939,0.026709,0.423000,get
13940,0.026709,0.412000,get
13941,0.026710,0.244000,get
13942,0.026712,2.426000,get
13943,0.026713,0.201000,get
13944,0.026713,0.361000,get
13945,0.026714,0.393000,get
13946,0.026714,0.228000,get
13947,0.026715,0.268000,get
13948,0.026716,0.468000,get
13949,0.026718,2.342000,get
13950,0.026719,0.377000,get
13951,0.026719,0.206000,get
13952,0.026720,0.437000,get
13953,0.026720,0.363000,get
13954,0.026721,0.485000,get
13955,0.026723,2.370000,put
13956,0.026730,5.929000,put
13957,0.026730,0.214000,get
13958,0.026731,0.339000,get
13959,0.026731,0.374000,get
13960,0.026732,0.283000,get
13961,0.026733,0.873000,get
13962,0.026733,0.434000,get
13963,0.026736,2.163000,put
13964,0.026738,2.447000,put
13965,0.026739,0.427000,get
13966,0.026740,0.265000,get
13967,0.026740,0.359000,get
13968,0.026740,0.221000,get
13969,0.026741,0.298000,get
13970,0.026742,0.493000,get
13971,0.026742,0.355000,get
13972,0.026745,2.277000,put
13973,0.026748,3.455000,put
13974,0.026749,0.209000,get
13975,0.026751,2.061000,get
13976,0.026752,0.566000,get
13977,0.026755,3.225000,put
13978,0.026756,0.474000,get
13979,0.026758,1.842000,get
13980,0.026761,2.365000,put
13981,0.026761,0.203000,get
13982,0.026762,0.489000,get
13983,0.026762,0.178000,get
13984,0.026763,0.243000,get
13985,0.026763,0.358000,get
13986,0.026766,2.295000,put
13987,0.026768,1.676000,get
13988,0.026772,4.389000,put
13989,0.026777,4.271000,get
13990,0.026780,2.716000,put
13991,0.026782,2.006000,put
13992,0.026785,2.442000,get
13993,0.026788,2.627000,put
13994,0.026788,0.465000,get
13995,0.026792,3.633000,put
13996,0.026795,2.236000,get
13997,0.026797,1.686000,get
13998,0.026797,0.266000,get
13999,0.026797,0.241000,get
14000,0.026798,0.224000,get
14001,0.026798,0.186000,get
14002,0.026799,0.411000,get
14003,0.026799,0.182000,get
14004,0.026800,0.350000,get
14005,0.026802,2.386000,get
14006,0.026803,0.429000,get
14007,0.026806,2.665000,put
14008,0.026806,0.315000,get
14009,0.026809,2.241000,put
14010,0.026811,2.143000,get
14011,0.026812,0.491000,get
14012,0.026813,0.494000,get
14013,0.026813,0.460000,get
14014,0.026814,0.463000,get
14015,0.026814,0.232000,get
14016,0.026815,0.189000,get
14017,0.026816,0.463000,get
14018,0.026816,0.382000,get
14019,0.026817,0.413000,get
14020,0.026817,0.183000,get
14021,0.026818,0.370000,get
14022,0.026821,2.741000,put
14023,0.026821,0.463000,get
14024,0.026822,0.183000,get
14025,0.026822,0.219000,get
14026,0.026823,0.534000,get
14027,0.026823,0.447000,get
14028,0.026829,4.959000,put
14029,0.026832,3.045000,get
14030,0.026834,2.092000,get
14031,0.026835,0.491000,get
14032,0.026836,0.791000,get
14033,0.026839,2.940000,put
14034,0.026842,2.225000,put
14035,0.026844,2.241000,put
14036,0.026845,0.428000,get
14037,0.026849,3.943000,put
14038,0.026852,2.402000,put
14039,0.026853,0.747000,get
14040,0.026861,2.505000,put
14041,0.026864,3.504000,get
14042,0.026865,0.195000,get
14043,0.026865,0.415000,get
14044,0.026867,1.177000,get
14045,0.026867,0.405000,get
14046,0.026869,1.759000,get
14047,0.026871,1.384000,get
14048,0.026873,1.995000,get
14049,0.026876,3.017000,get
14050,0.026879,1.942000,get
14051,0.026879,0.411000,get
14052,0.026880,0.189000,get
14053,0.026885,5.012000,put
14054,0.026885,0.230000,get
14055,0.026889,3.012000,get
14056,0.026889,0.214000,get
14057,0.026891,1.893000,put
14058,0.026894,2.982000,put
14059,0.026895,0.293000,get
14060,0.026895,0.430000,get
14061,0.026898,2.481000,put
14062,0.026899,0.591000,get
14063,0.026900,0.461000,get
14064,0.026920,20.381000,get
14065,0.026921,0.232000,get
14066,0.026922,0.998000,get
14067,0.026923,0.921000,get
14068,0.026928,4.790000,put
14069,0.026929,0.438000,get
14070,0.026932,2.777000,get
14071,0.026934,2.279000,put
14072,0.026937,2.413000,put
14073,0.026938,0.290000,get
14074,0.026938,0.205000,get
14075,0.026940,2.252000,put
14076,0.026941,0.314000,get
14077,0.026945,3.775000,put
14078,0.026946,0.383000,get
14079,0.026948,1.999000,put
14080,0.026950,1.948000,put
14081,0.026953,2.391000,put
14082,0.026956,3.594000,put
14083,0.026957,0.225000,get
14084,0.026958,0.476000,get
14085,0.026958,0.202000,get
14086,0.026960,2.132000,put
14087,0.026963,2.074000,put
14088,0.026963,0.225000,get
14089,0.026964,0.706000,get
14090,0.026965,0.442000,get
14091,0.026965,0.203000,get
14092,0.026968,2.636000,get
14093,0.026969,0.427000,get
14094,0.026969,0.203000,get
14095,0.026972,2.444000,put
14096,0.026972,0.225000,get
14097,0.026973,0.548000,get
14098,0.026978,4.516000,put
14099,0.026978,0.473000,get
14100,0.026979,0.209000,get
14101,0.026981,2.571000,put
14102,0.026982,0.421000,get
14103,0.026984,2.114000,put
14104,0.026985,0.201000,get
14105,0.026985,0.286000,get
14106,0.026987,1.631000,get
14107,0.026988,0.396000,get
14108,0.026991,2.499000,put
14109,0.026995,3.713000,get
14110,0.026995,0.371000,get
14111,0.026996,0.346000,get
14112,0.026996,0.270000,get
14113,0.026997,0.506000,get
14114,0.026998,0.459000,get
14115,0.027000,2.241000,get
14116,0.027001,0.541000,get
14117,0.027002,0.590000,get
14118,0.027005,3.565000,get
14119,0.027006,0.299000,get
14120,0.027006,0.203000,get
14121,0.027007,0.385000,get
14122,0.027008,0.360000,get
14123,0.027012,4.477000,put
14124,0.027013,0.465000,get
14125,0.027013,0.354000,get
14126,0.027016,1.916000,put
14127,0.027017,1.213000,get
14128,0.027017,0.201000,get
14129,0.027021,3.007000,put
14130,0.027023,1.838000,get
14131,0.027023,0.437000,get
14132,0.027024,0.207000,get
14133,0.027028,3.809000,put
14134,0.027029,0.409000,get
14135,0.027029,0.255000,get
14136,0.027032,2.388000,put
14137,0.027032,0.524000,get
14138,0.027035,2.618000,put
14139,0.027036,0.880000,get
14140,0.027039,2.224000,put
14141,0.027044,5.106000,put
14142,0.027045,0.225000,get
14143,0.027048,2.718000,put
14144,0.027049,1.599000,get
14145,0.027050,0.214000,get
14146,0.027050,0.323000,get
14147,0.027051,0.396000,get
14148,0.027054,2.620000,put
14149,0.027055,0.352000,get
14150,0.027055,0.516000,get
14151,0.027057,1.393000,get
14152,0.027057,0.395000,get
14153,0.027058,0.199000,get
14154,0.027058,0.359000,get
14155,0.027061,2.495000,put
14156,0.027062,0.265000,get
14157,0.027062,0.339000,get
14158,0.027062,0.214000,get
14159,0.027067,4.034000,put
14160,0.027067,0.306000,get
14161,0.027068,0.332000,get
14162,0.027068,0.204000,get
14163,0.027070,1.974000,put
14164,0.027073,2.575000,get
14165,0.027074,0.442000,get
14166,0.027074,0.420000,get
14167,0.027077,2.122000,get
14168,0.027080,3.068000,put
14169,0.027081,0.668000,get
14170,0.027082,0.384000,get
14171,0.027084,2.472000,put
14172,0.027085,0.281000,get
14173,0.027085,0.221000,get
14174,0.027086,0.590000,get
14175,0.027092,5.942000,put
14176,0.027095,2.506000,put
14177,0.027095,0.239000,get
14178,0.027096,0.519000,get
14179,0.027096,0.201000,get
14180,0.027097,0.518000,get
14181,0.027098,0.231000,get
14182,0.027098,0.481000,get
14183,0.027099,0.207000,get
14184,0.027099,0.201000,get
14185,0.027101,1.540000,get
14186,0.027101,0.211000,get
14187,0.027104,2.367000,put
14188,0.027107,2.553000,put
14189,0.027107,0.372000,get
14190,0.027108,0.321000,get
14191,0.027109,0.538000,get
14192,0.027109,0.515000,get
14193,0.027110,0.451000,get
14194,0.027111,0.584000,get
14195,0.027111,0.440000,get
14196,0.027112,0.210000,get
14197,0.027116,4.205000,get
14198,0.027121,4.476000,put
14199,0.027121,0.226000,get
14200,0.027123,1.572000,get
14201,0.027124,0.393000,get
14202,0.027125,1.380000,get
14203,0.027128,2.556000,put
14204,0.027129,0.446000,get
14205,0.027130,0.457000,get
14206,0.027130,0.196000,get
14207,0.027131,0.441000,get
14208,0.027131,0.355000,get
14209,0.027134,2.943000,put
14210,0.027136,1.970000,put
14211,0.027137,0.741000,get
14212,0.027138,0.279000,get
14213,0.027153,15.125000,put
14214,0.027155,1.638000,get
14215,0.027156,0.573000,get
14216,0.027157,0.506000,get
14217,0.027159,2.298000,put
14218,0.027160,0.216000,get
14219,0.027162,2.110000,put
14220,0.027167,4.584000,put
14221,0.027168,0.824000,get
14222,0.027168,0.206000,get
14223,0.027169,0.444000,get
14224,0.027170,0.775000,get
14225,0.027173,2.628000,put
14226,0.027174,0.565000,get
14227,0.027174,0.494000,get
14228,0.027175,0.539000,get
14229,0.027176,0.469000,get
14230,0.027176,0.206000,get
14231,0.027178,1.842000,get
14232,0.027181,2.995000,put
14233,0.027182,0.219000,get
14234,0.027182,0.491000,get
14235,0.027185,2.215000,put
14236,0.027186,0.652000,get
14237,0.027190,4.262000,put
14238,0.027191,0.425000,get
14239,0.027193,1.651000,get
14240,0.027196,2.758000,put
14241,0.027196,0.220000,get
14242,0.027197,0.498000,get
14243,0.027198,0.386000,get
14244,0.027198,0.409000,get
14245,0.027201,2.213000,put
14246,0.027201,0.497000,get
14247,0.027205,2.819000,get
14248,0.027207,2.601000,put
14249,0.027212,4.465000,put
14250,0.027214,1.996000,put
14251,0.027215,0.385000,get
14252,0.027217,2.085000,get
14253,0.027218,0.305000,get
14254,0.027218,0.514000,get
14255,0.027220,0.889000,get
14256,0.027222,2.380000,put
14257,0.027223,1.040000,get
14258,0.027224,0.400000,get
14259,0.027225,0.589000,get
14260,0.027225,0.266000,get
14261,0.027227,1.140000,get
14262,0.027227,0.547000,get
14263,0.027230,2.551000,put
14264,0.027231,0.752000,get
14265,0.027236,4.753000,put
14266,0.027239,2.623000,put
14267,0.027240,1.151000,get
14268,0.027241,0.201000,get
14269,0.027242,0.504000,get
14270,0.027242,0.523000,get
14271,0.027245,2.575000,put
14272,0.027249,3.580000,get
14273,0.027252,2.771000,put
14274,0.027253,0.401000,get
14275,0.027254,0.841000,get
14276,0.027254,0.258000,get
14277,0.027258,3.258000,get
14278,0.027258,0.431000,get
14279,0.027264,4.980000,put
14280,0.027264,0.504000,get
14281,0.027267,2.613000,put
14282,0.027270,2.213000,get
14283,0.027271,0.466000,get
14284,0.027271,0.203000,get
14285,0.027272,0.832000,get
14286,0.027273,0.395000,get
14287,0.027276,3.170000,get
14288,0.027279,2.595000,put
14289,0.027282,2.570000,put
14290,0.027282,0.416000,get
14291,0.027283,0.544000,get
14292,0.027284,0.408000,get
14293,0.027284,0.367000,get
14294,0.027285,0.329000,get
14295,0.027287,1.676000,get
14296,0.027287,0.445000,get
14297,0.027288,0.225000,get
14298,0.027292,3.553000,get
14299,0.027292,0.284000,get
14300,0.027293,0.507000,get
14301,0.027294,0.512000,get
14302,0.027298,4.162000,put
14303,0.027299,0.237000,get
14304,0.027300,1.035000,get
14305,0.027300,0.348000,get
14306,0.027303,2.535000,put
14307,0.027304,0.223000,get
14308,0.027304,0.564000,get
14309,0.027305,0.195000,get
14310,0.027305,0.557000,get
14311,0.027306,0.494000,get
14312,0.027309,2.310000,put
14313,0.027310,0.722000,get
14314,0.027310,0.522000,get
14315,0.027311,0.467000,get
14316,0.027312,0.205000,get
14317,0.027314,1.836000,put
14318,0.027314,0.456000,get
14319,0.027315,0.195000,get
14320,0.027319,4.617000,put
14321,0.027320,0.411000,get
14322,0.027320,0.257000,get
14323,0.027321,0.358000,get
14324,0.027321,0.198000,get
14325,0.027324,2.436000,put
14326,0.027325,0.290000,get
14327,0.027325,0.203000,get
14328,0.027326,1.152000,get
14329,0.027327,0.471000,get
14330,0.027329,2.047000,put
14331,0.027330,0.215000,get
14332,0.027330,0.415000,get
14333,0.027331,0.256000,get
14334,0.027334,3.016000,get
14335,0.027335,0.515000,get
14336,0.027335,0.207000,get
14337,0.027336,0.481000,get
14338,0.027337,0.590000,get
14339,0.027338,0.706000,get
14340,0.027338,0.429000,get
14341,0.027339,0.367000,get
14342,0.027339,0.315000,get
14343,0.027342,2.065000,get
14344,0.027342,0.265000,get
14345,0.027348,5.143000,put
14346,0.027348,0.237000,get
14347,0.027348,0.198000,get
14348,0.027349,0.195000,get
14349,0.027349,0.381000,get
14350,0.027350,0.430000,get
14351,0.027351,0.368000,get
14352,0.027358,1.871000,get
14353,0.027362,3.671000,get
14354,0.027365,3.164000,put
14355,0.027369,2.955000,get
14356,0.027370,0.909000,get
14357,0.027370,0.284000,get
14358,0.027373,2.492000,put
14359,0.027373,0.224000,get
14360,0.027374,0.528000,get
14361,0.027375,0.366000,get
14362,0.027377,2.221000,put
14363,0.027378,0.222000,get
14364,0.027378,0.197000,get
14365,0.027379,0.689000,get
14366,0.027379,0.499000,get
14367,0.027380,0.255000,get
14368,0.027382,1.602000,get
14369,0.027383,0.520000,get
14370,0.027383,0.512000,get
14371,0.027388,4.816000,put
14372,0.027391,1.954000,put
14373,0.027391,0.272000,get
14374,0.027392,0.363000,get
14375,0.027394,2.556000,get
14376,0.027395,0.400000,get
14377,0.027395,0.361000,get
14378,0.027396,0.387000,get
14379,0.027397,0.502000,get
14380,0.027397,0.437000,get
14381,0.027398,0.502000,get
14382,0.027399,0.968000,get
14383,0.027401,1.511000,get
14384,0.027402,0.591000,get
14385,0.027403,0.653000,get
14386,0.027406,3.419000,get
14387,0.027407,0.211000,get
14388,0.027407,0.198000,get
14389,0.027410,2.757000,get
14390,0.027411,0.469000,get
14391,0.027414,2.666000,put
14392,0.027417,2.595000,get
14393,0.027417,0.531000,get
14394,0.027418,0.426000,get
14395,0.027419,0.534000,get
14396,0.027419,0.209000,get
14397,0.027421,1.987000,get
14398,0.027422,0.258000,get
14399,0.027422,0.217000,get
14400,0.027423,0.215000,get
14401,0.027423,0.399000,get
14402,0.027426,2.623000,put
14403,0.027429,2.661000,get
14404,0.027431,2.113000,get
14405,0.027432,0.213000,get
14406,0.027432,0.192000,get
14407,0.027433,0.262000,get
14408,0.027436,2.770000,get
14409,0.027436,0.522000,get
14410,0.027437,0.452000,get
14411,0.027442,4.694000,get
14412,0.027446,3.174000,get
14413,0.027446,0.543000,get
14414,0.027449,2.382000,get
14415,0.027453,4.253000,put
14416,0.027454,0.235000,get
14417,0.027454,0.353000,get
14418,0.027455,0.404000,get
14419,0.027455,0.196000,get
14420,0.027456,0.383000,get
14421,0.027457,0.571000,get
14422,0.027459,2.266000,put
14423,0.027460,0.217000,get
14424,0.027462,2.329000,put
14425,0.027463,0.375000,get
14426,0.027464,0.538000,get
14427,0.027464,0.202000,get
14428,0.027464,0.199000,get
14429,0.027465,0.458000,get
14430,0.027466,0.412000,get
14431,0.027466,0.388000,get
14432,0.027467,0.497000,get
14433,0.027467,0.424000,get
14434,0.027468,0.213000,get
14435,0.027468,0.313000,get
14436,0.027471,2.540000,put
14437,0.027476,4.669000,put
14438,0.027478,2.106000,get
14439,0.027481,2.125000,put
14440,0.027482,0.540000,get
14441,0.027482,0.207000,get
14442,0.027483,0.461000,get
14443,0.027483,0.197000,get
14444,0.027484,0.389000,get
14445,0.027486,2.160000,get
14446,0.027488,2.307000,get
14447,0.027493,3.920000,get
14448,0.027493,0.211000,get
14449,0.027494,0.196000,get
14450,0.027494,0.195000,get
14451,0.027497,2.924000,put
14452,0.027500,2.592000,put
14453,0.027505,5.121000,put
14454,0.027506,0.933000,get
14455,0.027509,2.283000,put
14456,0.027512,2.423000,get
14457,0.027512,0.208000,get
14458,0.027513,0.374000,get
14459,0.027513,0.199000,get
14460,0.027516,2.789000,get
14461,0.027519,3.061000,get
14462,0.027523,2.908000,put
14463,0.027524,1.170000,get
14464,0.027527,2.680000,put
14465,0.027533,5.912000,put
14466,0.027534,0.267000,get
14467,0.027534,0.205000,get
14468,0.027535,0.555000,get
14469,0.027537,1.802000,put
14470,0.027539,2.327000,put
14471,0.027540,0.433000,get
14472,0.027544,4.208000,put
14473,0.027547,2.310000,put
14474,0.027547,0.229000,get
14475,0.027550,2.047000,put
14476,0.027551,0.643000,get
14477,0.027551,0.440000,get
14478,0.027552,0.982000,get
14479,0.027555,2.739000,put
14480,0.027556,0.485000,get
14481,0.027557,0.440000,get
14482,0.027557,0.387000,get
14483,0.027558,0.283000,get
14484,0.027558,0.209000,get
14485,0.027559,0.361000,get
14486,0.027559,0.367000,get
14487,0.027560,0.492000,get
14488,0.027564,4.074000,put
14489,0.027565,0.372000,get
14490,0.027566,0.470000,get
14491,0.027566,0.616000,get
14492,0.027567,0.391000,get
14493,0.027570,2.536000,get
14494,0.027573,2.697000,put
14495,0.027576,2.738000,put
14496,0.027578,2.128000,put
14497,0.027582,3.570000,put
14498,0.027585,2.786000,put
14499,0.027589,3.794000,get
14500,0.027590,0.210000,get
14501,0.027590,0.525000,get
14502,0.027593,2.519000,put
14503,0.027595,2.136000,get
14504,0.027597,1.174000,get
14505,0.027597,0.207000,get
14506,0.027598,0.455000,get
14507,0.027599,0.507000,get
14508,0.027599,0.382000,get
14509,0.027600,0.418000,get
14510,0.027603,3.057000,put
14511,0.027604,0.501000,get
14512,0.027608,3.866000,put
14513,0.027609,0.306000,get
14514,0.027609,0.207000,get
14515,0.027610,0.356000,get
14516,0.027613,2.917000,put
14517,0.027615,2.203000,get
14518,0.027617,1.559000,get
14519,0.027618,0.435000,get
14520,0.027620,2.234000,put
14521,0.027621,0.395000,get
14522,0.027624,2.855000,get
14523,0.027625,0.504000,get
14524,0.027629,4.079000,get
14525,0.027630,0.555000,get
14526,0.027633,2.561000,put
14527,0.027636,2.592000,get
14528,0.027640,4.339000,put
14529,0.027643,2.427000,put
14530,0.027645,2.412000,put
14531,0.027646,0.570000,get
14532,0.027647,0.604000,get
14533,0.027649,2.057000,put
14534,0.027650,0.301000,get
14535,0.027655,5.323000,put
14536,0.027656,0.413000,get
14537,0.027657,0.722000,get
14538,0.027658,0.413000,get
14539,0.027658,0.356000,get
14540,0.027659,0.335000,get
14541,0.027661,2.393000,put
14542,0.027662,0.218000,get
14543,0.027662,0.463000,get
14544,0.027665,1.972000,put
14545,0.027665,0.443000,get
14546,0.027666,0.618000,get
14547,0.027667,0.365000,get
14548,0.027667,0.356000,get
14549,0.027668,0.606000,get
14550,0.027669,0.275000,get
14551,0.027669,0.427000,get
14552,0.027672,2.658000,get
14553,0.027673,0.387000,get
14554,0.027673,0.495000,get
14555,0.027676,2.444000,get
14556,0.027682,5.985000,put
14557,0.027683,0.307000,get
14558,0.027683,0.365000,get
14559,0.027684,0.216000,get
14560,0.027686,1.470000,get
14561,0.027688,2.092000,get
14562,0.027688,0.345000,get
14563,0.027689,0.439000,get
14564,0.027690,0.491000,get
14565,0.027692,1.925000,get
14566,0.027695,2.801000,put
14567,0.027699,3.702000,get
14568,0.027700,0.219000,get
14569,0.027700,0.461000,get
14570,0.027701,0.197000,get
14571,0.027701,0.196000,get
14572,0.027702,0.344000,get
14573,0.027702,0.495000,get
14574,0.027703,0.471000,get
14575,0.027703,0.361000,get
14576,0.027704,0.545000,get
14577,0.027705,0.207000,get
14578,0.027705,0.508000,get
14579,0.027706,0.462000,get
14580,0.027707,0.481000,get
14581,0.027710,2.848000,put
14582,0.027710,0.535000,get
14583,0.027711,0.209000,get
14584,0.027713,1.822000,get
14585,0.027714,1.108000,get
14586,0.027715,0.204000,get
14587,0.027715,0.476000,get
14588,0.027716,0.259000,get
14589,0.027718,2.147000,get
14590,0.027719,0.562000,get
14591,0.027722,2.856000,put
14592,0.027723,0.383000,get
14593,0.027729,5.527000,put
14594,0.027731,2.377000,put
14595,0.027732,0.492000,get
14596,0.027732,0.285000,get
14597,0.027733,0.460000,get
14598,0.027734,0.207000,get
14599,0.027744,9.769000,get
14600,0.027745,1.515000,get
14601,0.027746,0.357000,get
14602,0.027747,1.037000,get
14603,0.027748,0.341000,get
14604,0.027749,0.433000,get
14605,0.027749,0.200000,get
14606,0.027749,0.196000,get
14607,0.027752,2.712000,put
14608,0.027753,0.225000,get
14609,0.027753,0.429000,get
14610,0.027756,2.598000,get
14611,0.027759,2.610000,put
14612,0.027761,1.787000,get
14613,0.027762,0.634000,get
14614,0.027763,0.335000,get
14615,0.027763,0.209000,get
14616,0.027764,0.535000,get
14617,0.027764,0.274000,get
14618,0.027765,0.443000,get
14619,0.027765,0.203000,get
14620,0.027766,0.198000,get
14621,0.027768,1.895000,get
14622,0.027768,0.478000,get
14623,0.027769,0.415000,get
14624,0.027770,0.255000,get
14625,0.027770,0.202000,get
14626,0.027770,0.312000,get
14627,0.027771,0.380000,get
14628,0.027776,5.224000,put
14629,0.027777,0.229000,get
14630,0.027779,1.973000,get
14631,0.027780,0.447000,get
14632,0.027781,0.567000,get
14633,0.027781,0.477000,get
14634,0.027782,0.522000,get
14635,0.027782,0.203000,get
14636,0.027784,1.568000,get
14637,0.027785,0.202000,get
14638,0.027785,0.193000,get
14639,0.027785,0.404000,get
14640,0.027786,0.193000,get
14641,0.027786,0.200000,get
14642,0.027789,2.517000,put
14643,0.027790,0.964000,get
14644,0.027793,2.428000,put
14645,0.027793,0.379000,get
14646,0.027794,0.392000,get
14647,0.027795,0.286000,get
14648,0.027797,2.611000,put
14649,0.027799,0.965000,get
14650,0.027799,0.438000,get
14651,0.027800,0.493000,get
14652,0.027801,0.588000,get
14653,0.027801,0.262000,get
14654,0.027802,0.219000,get
14655,0.027802,0.437000,get
14656,0.027806,3.656000,put
14657,0.027807,0.544000,get
14658,0.027807,0.426000,get
14659,0.027809,0.927000,get
14660,0.027809,0.410000,get
14661,0.027812,2.929000,put
14662,0.027813,0.428000,get
14663,0.027814,0.508000,get
14664,0.027819,0.206000,get
14665,0.027820,0.388000,get
14666,0.027820,0.445000,get
14667,0.027821,0.377000,get
14668,0.027821,0.413000,get
14669,0.027823,1.581000,get
14670,0.027826,2.683000,put
14671,0.027827,0.210000,get
14672,0.027827,0.294000,get
14673,0.027829,1.994000,put
14674,0.027833,2.984000,get
14675,0.027837,4.027000,put
14676,0.027838,0.397000,get
14677,0.027840,2.197000,get
14678,0.027840,0.294000,get
14679,0.027844,3.573000,get
14680,0.027845,0.270000,get
14681,0.027845,0.466000,get
14682,0.027846,0.402000,get
14683,0.027846,0.206000,get
14684,0.027847,0.379000,get
14685,0.027850,2.490000,put
14686,0.027850,0.382000,get
14687,0.027851,0.933000,get
14688,0.027852,0.444000,get
14689,0.027853,0.281000,get
14690,0.027853,0.623000,get
14691,0.027857,3.002000,get
14692,0.027857,0.213000,get
14693,0.027858,0.869000,get
14694,0.027859,0.197000,get
14695,0.027859,0.458000,get
14696,0.027860,0.352000,get
14697,0.027861,0.465000,get
14698,0.027861,0.204000,get
14699,0.027861,0.336000,get
14700,0.027862,0.475000,get
14701,0.027863,0.391000,get
14702,0.027863,0.259000,get
14703,0.027864,0.524000,get
14704,0.027867,2.862000,put
14705,0.027868,0.441000,get
14706,0.027871,3.179000,get
14707,0.027872,0.285000,get
14708,0.027872,0.626000,get
14709,0.027873,0.387000,get
14710,0.027874,0.323000,get
14711,0.027874,0.205000,get
14712,0.027875,0.419000,get
14713,0.027875,0.421000,get
14714,0.027876,0.578000,get
14715,0.027879,2.307000,put
14716,0.027883,3.893000,put
14717,0.027883,0.386000,get
14718,0.027884,0.194000,get
14719,0.027884,0.198000,get
14720,0.027885,0.308000,get
14721,0.027888,3.144000,get
14722,0.027888,0.304000,get
14723,0.027890,1.046000,get
14724,0.027890,0.489000,get
14725,0.027891,0.430000,get
14726,0.027893,1.837000,get
14727,0.027894,0.471000,get
14728,0.027894,0.365000,get
14729,0.027897,2.406000,put
14730,0.027898,0.307000,get
14731,0.027900,1.831000,put
14732,0.027900,0.213000,get
14733,0.027903,2.788000,put
14734,0.027904,0.484000,get
14735,0.027904,0.358000,get
14736,0.027906,1.612000,get
14737,0.027909,2.540000,get
14738,0.027909,0.215000,get
14739,0.027910,0.550000,get
14740,0.027912,2.227000,get
14741,0.027915,2.648000,get
14742,0.027916,0.277000,get
14743,0.027918,2.028000,get
14744,0.027919,0.205000,get
14745,0.027919,0.196000,get
14746,0.027920,0.641000,get
14747,0.027920,0.367000,get
14748,0.027921,0.200000,get
14749,0.027921,0.199000,get
14750,0.027922,0.462000,get
14751,0.027924,2.331000,get
14752,0.027928,3.627000,get
14753,0.027929,0.455000,get
14754,0.027930,0.483000,get
14755,0.027930,0.339000,get
14756,0.027935,4.915000,put
14757,0.027938,2.234000,put
14758,0.027939,0.493000,get
14759,0.027941,1.961000,get
14760,0.027941,0.229000,get
14761,0.027942,0.357000,get
14762,0.027942,0.202000,get
14763,0.027945,2.294000,put
14764,0.027945,0.370000,get
14765,0.027946,0.194000,get
14766,0.027950,4.533000,put
14767,0.027953,1.874000,put
14768,0.027953,0.452000,get
14769,0.027954,0.310000,get
14770,0.027956,1.656000,get
14771,0.027956,0.462000,get
14772,0.027957,0.217000,get
14773,0.027957,0.203000,get
14774,0.027958,0.449000,get
14775,0.027961,2.890000,get
14776,0.027963,1.749000,get
14777,0.027966,2.627000,put
14778,0.027966,0.228000,get
14779,0.027969,2.046000,put
14780,0.027969,0.299000,get
14781,0.027970,0.204000,get
14782,0.027970,0.643000,get
14783,0.027971,0.393000,get
14784,0.027971,0.261000,get
14785,0.027972,0.459000,get
14786,0.027972,0.210000,get
14787,0.027973,0.300000,get
14788,0.027976,2.322000,get
14789,0.027976,0.285000,get
14790,0.027982,6.052000,put
14791,0.027983,0.434000,get
14792,0.027983,0.195000,get
14793,0.027984,0.198000,get
14794,0.027984,0.557000,get
14795,0.027988,3.560000,get
14796,0.027991,2.772000,put
14797,0.027992,0.445000,get
14798,0.027993,0.403000,get
14799,0.027995,2.145000,put
14800,0.027997,1.981000,get
14801,0.027998,0.376000,get
14802,0.028001,2.608000,put
14803,0.028001,0.406000,get
14804,0.028002,0.257000,get
14805,0.028004,1.590000,get
14806,0.028006,2.341000,get
14807,0.028010,4.145000,put
14808,0.028011,0.533000,get
14809,0.028014,2.096000,put
14810,0.028014,0.518000,get
14811,0.028017,2.209000,put
14812,0.028019,1.859000,get
14813,0.028021,2.129000,put
14814,0.028025,3.888000,put
14815,0.028028,2.055000,put
14816,0.028031,2.450000,get
14817,0.028033,2.480000,put
14818,0.028036,2.768000,get
14819,0.028037,0.475000,get
14820,0.028040,2.763000,put
14821,0.028041,0.446000,get
14822,0.028041,0.461000,get
14823,0.028044,2.579000,get
14824,0.028045,0.391000,get
14825,0.028049,3.975000,put
14826,0.028052,2.626000,get
14827,0.028054,1.672000,get
14828,0.028056,2.167000,get
14829,0.028057,0.437000,get
14830,0.028060,2.827000,put
14831,0.028061,0.431000,get
14832,0.028061,0.209000,get
14833,0.028063,2.033000,put
14834,0.028066,2.468000,get
14835,0.028069,2.574000,get
14836,0.028069,0.206000,get
14837,0.028070,0.896000,get
14838,0.028071,0.304000,get
14839,0.028072,0.496000,get
14840,0.028072,0.564000,get
14841,0.028075,2.737000,put
14842,0.028081,5.246000,put
14843,0.028082,0.400000,get
14844,0.028082,0.201000,get
14845,0.028083,0.297000,get
14846,0.028086,2.710000,get
14847,0.028088,1.745000,get
14848,0.028088,0.224000,get
14849,0.028091,2.763000,put
14850,0.028092,0.483000,get
14851,0.028092,0.197000,get
14852,0.028093,0.405000,get
14853,0.028093,0.440000,get
14854,0.028096,2.664000,put
14855,0.028098,1.170000,get
14856,0.028102,4.101000,put
14857,0.028102,0.238000,get
14858,0.028103,0.281000,get
14859,0.028103,0.244000,get
14860,0.028104,0.375000,get
14861,0.028104,0.196000,get
14862,0.028105,0.245000,get
14863,0.028108,2.563000,put
14864,0.028108,0.512000,get
14865,0.028109,0.593000,get
14866,0.028110,0.516000,get
14867,0.028113,2.434000,put
14868,0.028113,0.214000,get
14869,0.028114,0.493000,get
14870,0.028114,0.341000,get
14871,0.028115,0.617000,get
14872,0.028116,0.428000,get
14873,0.028116,0.201000,get
14874,0.028119,2.252000,put
14875,0.028124,5.240000,put
14876,0.028125,0.452000,get
14877,0.028127,2.377000,get
14878,0.028128,0.638000,get
14879,0.028129,0.286000,get
14880,0.028129,0.435000,get
14881,0.028132,2.505000,put
14882,0.028134,2.017000,get
14883,0.028135,0.528000,get
14884,0.028136,0.301000,get
14885,0.028137,1.084000,get
14886,0.028138,0.441000,get
14887,0.028138,0.205000,get
14888,0.028138,0.197000,get
14889,0.028139,0.199000,get
14890,0.028139,0.209000,get
14891,0.028140,0.500000,get
14892,0.028141,0.593000,get
14893,0.028141,0.264000,get
14894,0.028144,2.341000,put
14895,0.028144,0.437000,get
14896,0.028145,0.516000,get
14897,0.028145,0.373000,get
14898,0.028146,0.383000,get
14899,0.028146,0.198000,get
14900,0.028149,2.331000,put
14901,0.028150,0.217000,get
14902,0.028151,0.941000,get
14903,0.028152,0.839000,get
14904,0.028154,1.582000,get
14905,0.028154,0.210000,get
14906,0.028155,0.461000,get
14907,0.028155,0.517000,get
14908,0.028156,0.459000,get
14909,0.028159,2.958000,get
14910,0.028160,0.404000,get
14911,0.028165,4.852000,put
14912,0.028168,2.343000,put
14913,0.028171,2.775000,get
14914,0.028171,0.208000,get
14915,0.028172,0.563000,get
14916,0.028172,0.196000,get
14917,0.028173,0.443000,get
14918,0.028173,0.199000,get
14919,0.028174,0.302000,get
14920,0.028177,2.927000,put
14921,0.028179,1.899000,get
14922,0.028180,0.426000,get
14923,0.028180,0.411000,get
14924,0.028181,0.369000,get
14925,0.028183,2.360000,put
14926,0.028184,0.214000,get
14927,0.028188,4.335000,put
14928,0.028189,0.230000,get
14929,0.028190,0.521000,get
14930,0.028192,2.682000,put
14931,0.028193,0.370000,get
14932,0.028195,2.042000,get
14933,0.028196,0.529000,get
14934,0.028199,2.660000,put
14935,0.028200,0.443000,get
14936,0.028202,2.222000,get
14937,0.028203,0.338000,get
14938,0.028203,0.220000,get
14939,0.028206,2.002000,get
14940,0.028209,3.321000,put
14941,0.028210,0.397000,get
14942,0.028210,0.203000,get
14943,0.028211,0.428000,get
14944,0.028211,0.271000,get
14945,0.028212,0.201000,get
14946,0.028212,0.416000,get
14947,0.028213,0.473000,get
14948,0.028214,0.615000,get
14949,0.028216,2.235000,get
14950,0.028217,0.362000,get
14951,0.028218,0.534000,get
14952,0.028223,5.230000,put
14953,0.028225,2.056000,put
14954,0.028228,2.445000,put
14955,0.028229,0.548000,get
14956,0.028229,0.377000,get
14957,0.028230,0.278000,get
14958,0.028232,2.222000,put
14959,0.028236,2.999000,get
14960,0.028241,5.270000,put
14961,0.028242,0.440000,get
14962,0.028243,0.516000,get
14963,0.028243,0.254000,get
14964,0.028244,0.657000,get
14965,0.028245,0.437000,get
14966,0.028245,0.262000,get
14967,0.028246,0.371000,get
14968,0.028248,2.328000,put
14969,0.028249,0.496000,get
14970,0.028252,2.768000,put
14971,0.028253,0.481000,get
14972,0.028253,0.211000,get
14973,0.028253,0.343000,get
14974,0.028258,3.996000,put
14975,0.028260,1.960000,put
14976,0.028266,0.401000,get
14977,0.028266,0.413000,get
14978,0.028268,0.941000,get
14979,0.028268,0.504000,get
14980,0.028269,0.357000,get
14981,0.028272,2.539000,put
14982,0.028272,0.359000,get
14983,0.028276,3.380000,get
14984,0.028276,0.378000,get
14985,0.028277,0.205000,get
14986,0.028279,2.043000,get
14987,0.028282,2.792000,put
14988,0.028283,0.220000,get
14989,0.028283,0.195000,get
14990,0.028284,0.521000,get
14991,0.028284,0.423000,get
14992,0.028285,0.883000,get
14993,0.028286,0.202000,get
14994,0.028287,0.510000,get
14995,0.028288,1.141000,get
14996,0.028289,0.566000,get
14997,0.028289,0.373000,get
14998,0.028294,4.934000,put
14999,0.028296,1.449000,get
15000,0.028297,0.507000,get
15001,0.028297,0.374000,get
15002,0.028298,0.201000,get
15003,0.028298,0.201000,get
15004,0.028299,0.282000,get
15005,0.028299,0.481000,get
15006,0.028300,0.199000,get
15007,0.028302,2.367000,get
15008,0.028303,0.427000,get
15009,0.028306,2.521000,put
15010,0.028306,0.318000,get
15011,0.028307,0.367000,get
15012,0.028309,2.162000,put
15013,0.028311,1.951000,put
15014,0.028314,1.939000,get
15015,0.028314,0.409000,get
15016,0.028319,4.776000,put
15017,0.028322,2.640000,get
15018,0.028323,0.448000,get
15019,0.028324,0.433000,get
15020,0.028324,0.443000,get
15021,0.028325,0.256000,get
15022,0.028325,0.197000,get
15023,0.028326,0.371000,get
15024,0.028326,0.199000,get
15025,0.028328,2.124000,put
15026,0.028329,0.293000,get
15027,0.028329,0.298000,get
15028,0.028330,0.579000,get
15029,0.028333,2.858000,put
15030,0.028334,0.594000,get
15031,0.028337,2.546000,put
15032,0.028337,0.222000,get
15033,0.028338,0.386000,get
15034,0.028339,0.505000,get
15035,0.028339,0.198000,get
15036,0.028339,0.194000,get
15037,0.028340,0.192000,get
15038,0.028344,3.816000,put
15039,0.028347,2.827000,get
15040,0.028348,0.471000,get
15041,0.028348,0.563000,get
15042,0.028349,0.497000,get
15043,0.028352,3.107000,get
15044,0.028353,0.372000,get
15045,0.028354,0.440000,get
15046,0.028355,0.947000,get
15047,0.028355,0.361000,get
15048,0.028356,0.200000,get
15049,0.028359,2.601000,put
15050,0.028360,0.667000,get
15051,0.028360,0.361000,get
15052,0.028363,2.572000,get
15053,0.028367,3.656000,get
15054,0.028368,0.875000,get
15055,0.028369,0.362000,get
15056,0.028369,0.494000,get
15057,0.028370,0.199000,get
15058,0.028370,0.416000,get
15059,0.028371,0.471000,get
15060,0.028374,2.894000,put
15061,0.028375,0.522000,get
15062,0.028376,0.464000,get
15063,0.028376,0.426000,get
15064,0.028379,2.400000,put
15065,0.028379,0.214000,get
15066,0.028381,1.906000,get
15067,0.028382,0.279000,get
15068,0.028382,0.256000,get
15069,0.028383,0.619000,get
15070,0.028384,0.201000,get
15071,0.028384,0.604000,get
15072,0.028385,0.485000,get
15073,0.028385,0.198000,get
15074,0.028393,7.795000,put
15075,0.028394,0.643000,get
15076,0.028395,0.498000,get
15077,0.028398,2.395000,put
15078,0.028398,0.385000,get
15079,0.028399,0.506000,get
15080,0.028401,2.038000,put
15081,0.028402,0.219000,get
15082,0.028405,2.695000,put
15083,0.028405,0.445000,get
15084,0.028412,6.233000,put
15085,0.028412,0.229000,get
15086,0.028413,0.411000,get
15087,0.028413,0.379000,get
15088,0.028414,0.506000,get
15089,0.028416,1.421000,get
15090,0.028416,0.209000,get
15091,0.028419,2.261000,put
15092,0.028419,0.293000,get
15093,0.028420,1.030000,get
15094,0.028425,3.919000,get
15095,0.028425,0.494000,get
15096,0.028426,0.463000,get
15097,0.028427,0.468000,get
15098,0.028429,2.444000,get
15099,0.028430,0.472000,get
15100,0.028431,0.411000,get
15101,0.028431,0.266000,get
15102,0.028433,2.149000,get
15103,0.028434,0.398000,get
15104,0.028435,0.205000,get
15105,0.028435,0.336000,get
15106,0.028438,2.487000,get
15107,0.028440,2.160000,get
15108,0.028441,0.211000,get
15109,0.028441,0.387000,get
15110,0.028444,2.512000,put
15111,0.028445,0.387000,get
15112,0.028445,0.552000,get
15113,0.028447,1.588000,get
15114,0.028451,3.428000,put
15115,0.028451,0.466000,get
15116,0.028453,1.371000,get
15117,0.028454,0.269000,get
15118,0.028454,0.437000,get
15119,0.028455,0.442000,get
15120,0.028459,4.338000,put
15121,0.028463,2.904000,put
15122,0.028463,0.237000,get
15123,0.028463,0.200000,get
15124,0.028464,0.526000,get
15125,0.028465,0.493000,get
15126,0.028466,0.489000,get
15127,0.028466,0.276000,get
15128,0.028467,0.431000,get
15129,0.028467,0.205000,get
15130,0.028468,0.478000,get
15131,0.028468,0.277000,get
15132,0.028469,0.201000,get
15133,0.028469,0.434000,get
15134,0.028472,2.693000,put
15135,0.028472,0.214000,get
15136,0.028477,4.028000,put
15137,0.028477,0.437000,get
15138,0.028481,2.905000,put
15139,0.028481,0.380000,get
15140,0.028484,2.464000,put
15141,0.028484,0.312000,get
15142,0.028485,0.513000,get
15143,0.028486,0.983000,get
15144,0.028487,0.422000,get
15145,0.028490,2.377000,put
15146,0.028491,0.946000,get
15147,0.028491,0.207000,get
15148,0.028491,0.188000,get
15149,0.028492,0.620000,get
15150,0.028495,2.182000,get
15151,0.028495,0.397000,get
15152,0.028496,0.196000,get
15153,0.028496,0.193000,get
15154,0.028496,0.196000,get
15155,0.028497,0.494000,get
15156,0.028498,0.628000,get
15157,0.028499,0.404000,get
15158,0.028500,0.925000,get
15159,0.028504,3.902000,put
15160,0.028505,0.656000,get
15161,0.028505,0.271000,get
15162,0.028508,1.967000,get
15163,0.028508,0.203000,get
15164,0.028508,0.290000,get
15165,0.028509,0.465000,get
15166,0.028510,0.541000,get
15167,0.028510,0.373000,get
15168,0.028511,0.195000,get
15169,0.028511,0.197000,get
15170,0.028514,2.228000,put
15171,0.028514,0.494000,get
15172,0.028515,0.281000,get
15173,0.028517,2.118000,get
15174,0.028520,2.144000,get
15175,0.028520,0.488000,get
15176,0.028521,0.364000,get
15177,0.028521,0.450000,get
15178,0.028522,0.199000,get
15179,0.028522,0.287000,get
15180,0.028524,1.983000,get
15181,0.028525,0.471000,get
15182,0.028527,1.199000,get
15183,0.028527,0.443000,get
15184,0.028528,0.342000,get
15185,0.028531,2.492000,put
15186,0.028531,0.514000,get
15187,0.028533,1.022000,get
15188,0.028533,0.379000,get
15189,0.028534,0.566000,get
15190,0.028534,0.274000,get
15191,0.028535,0.473000,get
15192,0.028535,0.201000,get
15193,0.028536,0.492000,get
15194,0.028536,0.199000,get
15195,0.028537,0.389000,get
15196,0.028538,0.371000,get
15197,0.028538,0.476000,get
15198,0.028539,0.363000,get
15199,0.028542,2.528000,put
15200,0.028542,0.312000,get
15201,0.028548,5.910000,put
15202,0.028549,0.517000,get
15203,0.028549,0.199000,get
15204,0.028552,2.591000,put
15205,0.028553,0.277000,get
15206,0.028554,1.268000,get
15207,0.028555,0.480000,get
15208,0.028555,0.199000,get
15209,0.028556,0.197000,get
15210,0.028556,0.197000,get
15211,0.028558,2.051000,put
15212,0.028559,0.215000,get
15213,0.028559,0.499000,get
15214,0.028560,0.202000,get
15215,0.028562,2.383000,get
15216,0.028563,0.393000,get
15217,0.028563,0.287000,get
15218,0.028564,0.200000,get
15219,0.028564,0.192000,get
15220,0.028566,1.332000,get
15221,0.028566,0.479000,get
15222,0.028567,0.202000,get
15223,0.028567,0.441000,get
15224,0.028568,0.294000,get
15225,0.028569,0.375000,get
15226,0.028569,0.448000,get
15227,0.028570,0.447000,get
15228,0.028571,0.550000,get
15229,0.028571,0.350000,get
15230,0.028572,0.204000,get
15231,0.028572,0.442000,get
15232,0.028573,0.452000,get
15233,0.028574,0.464000,get
15234,0.028574,0.199000,get
15235,0.028574,0.202000,get
15236,0.028576,1.836000,get
15237,0.028577,0.465000,get
15238,0.028578,0.302000,get
15239,0.028579,0.856000,get
15240,0.028579,0.634000,get
15241,0.028580,0.208000,get
15242,0.028580,0.357000,get
15243,0.028583,2.803000,put
15244,0.028585,1.564000,get
15245,0.028586,0.477000,get
15246,0.028587,0.861000,get
15247,0.028593,5.635000,put
15248,0.028594,0.425000,get
15249,0.028594,0.413000,get
15250,0.028595,0.369000,get
15251,0.028597,2.399000,get
15252,0.028600,2.168000,put
15253,0.028600,0.232000,get
15254,0.028601,0.199000,get
15255,0.028601,0.482000,get
15256,0.028602,0.439000,get
15257,0.028605,2.509000,put
15258,0.028605,0.468000,get
15259,0.028608,2.172000,put
15260,0.028608,0.247000,get
15261,0.028609,0.548000,get
15262,0.028610,0.376000,get
15263,0.028612,1.815000,get
15264,0.028612,0.206000,get
15265,0.028613,0.367000,get
15266,0.028613,0.196000,get
15267,0.028614,0.453000,get
15268,0.028619,5.458000,put
15269,0.028622,2.780000,put
15270,0.028623,0.553000,get
15271,0.028626,2.527000,put
15272,0.028626,0.216000,get
15273,0.028627,0.530000,get
15274,0.028628,0.446000,get
15275,0.028630,1.806000,put
15276,0.028630,0.464000,get
15277,0.028631,0.285000,get
15278,0.028632,0.513000,get
15279,0.028636,4.596000,put
15280,0.028639,2.300000,put
15281,0.028639,0.231000,get
15282,0.028640,0.200000,get
15283,0.028640,0.317000,get
15284,0.028643,2.084000,put
15285,0.028643,0.225000,get
15286,0.028644,1.065000,get
15287,0.028645,0.284000,get
15288,0.028650,0.219000,get
15289,0.028655,4.742000,put
15290,0.028656,0.561000,get
15291,0.028658,1.957000,get
15292,0.028659,0.214000,get
15293,0.028660,0.661000,get
15294,0.028662,2.514000,put
15295,0.028663,0.474000,get
15296,0.028664,0.402000,get
15297,0.028664,0.205000,get
15298,0.028665,0.591000,get
15299,0.028667,1.565000,get
15300,0.028667,0.208000,get
15301,0.028670,2.322000,put
15302,0.028670,0.547000,get
15303,0.028673,2.855000,put
15304,0.028677,3.170000,get
15305,0.028681,3.968000,put
15306,0.028682,1.156000,get
15307,0.028683,0.301000,get
15308,0.028683,0.207000,get
15309,0.028686,2.295000,put
15310,0.028687,0.459000,get
15311,0.028687,0.258000,get
15312,0.028688,0.497000,get
15313,0.028688,0.437000,get
15314,0.028689,0.434000,get
15315,0.028689,0.212000,get
15316,0.028690,0.619000,get
15317,0.028691,0.313000,get
15318,0.028694,3.191000,put
15319,0.028695,0.429000,get
15320,0.028696,0.983000,get
15321,0.028698,2.022000,get
15322,0.028699,0.285000,get
15323,0.028699,0.377000,get
15324,0.028700,0.250000,get
15325,0.028700,0.412000,get
15326,0.028701,0.514000,get
15327,0.028704,2.937000,put
15328,0.028705,0.494000,get
15329,0.028705,0.207000,get
15330,0.028706,0.203000,get
15331,0.028707,0.952000,get
15332,0.028707,0.303000,get
15333,0.028708,0.511000,get
15334,0.028709,0.463000,get
15335,0.028709,0.385000,get
15336,0.028710,0.787000,get
15337,0.028715,4.654000,put
15338,0.028718,2.238000,put
15339,0.028719,0.861000,get
15340,0.028719,0.198000,get
15341,0.028720,0.201000,get
15342,0.028730,10.360000,put
15343,0.028731,0.488000,get
15344,0.028731,0.204000,get
15345,0.028734,2.500000,get
15346,0.028736,1.879000,put
15347,0.028737,0.490000,get
15348,0.028737,0.196000,get
15349,0.028741,3.833000,put
15350,0.028744,2.401000,put
15351,0.028746,2.297000,get
15352,0.028749,1.992000,put
15353,0.028751,2.352000,put
15354,0.028752,0.227000,get
15355,0.028753,0.917000,get
15356,0.028753,0.280000,get
15357,0.028755,1.594000,get
15358,0.028756,0.211000,get
15359,0.028756,0.210000,get
15360,0.028757,0.196000,get
15361,0.028762,5.222000,put
15362,0.028763,0.305000,get
15363,0.028763,0.428000,get
15364,0.028764,0.415000,get
15365,0.028764,0.271000,get
15366,0.028768,3.438000,get
15367,0.028768,0.217000,get
15368,0.028769,0.203000,get
15369,0.028769,0.361000,get
15370,0.028770,0.623000,get
15371,0.028773,2.506000,get
15372,0.028774,0.378000,get
15373,0.028774,0.346000,get
15374,0.028775,0.528000,get
15375,0.028775,0.354000,get
15376,0.028776,0.427000,get
15377,0.028776,0.266000,get
15378,0.028779,2.795000,put
15379,0.028780,0.428000,get
15380,0.028781,0.522000,get
15381,0.028783,2.464000,put
15382,0.028784,0.435000,get
15383,0.028785,0.365000,get
15384,0.028785,0.360000,get
15385,0.028786,0.211000,get
15386,0.028788,1.723000,get
15387,0.028788,0.226000,get
15388,0.028791,3.099000,get
15389,0.028792,0.366000,get
15390,0.028792,0.260000,get
15391,0.028793,0.531000,get
15392,0.028794,0.421000,get
15393,0.028794,0.207000,get
15394,0.028797,2.493000,put
15395,0.028797,0.236000,get
15396,0.028798,0.432000,get
15397,0.028801,2.506000,get
15398,0.028802,1.391000,get
15399,0.028804,0.979000,get
15400,0.028804,0.387000,get
15401,0.028805,0.211000,get
15402,0.028805,0.206000,get
15403,0.028806,0.282000,get
15404,0.028807,1.157000,get
15405,0.028807,0.281000,get
15406,0.028812,4.260000,put
15407,0.028813,0.396000,get
15408,0.028813,0.271000,get
15409,0.028815,1.421000,get
15410,0.028815,0.534000,get
15411,0.028816,0.220000,get
15412,0.028816,0.476000,get
15413,0.028817,0.207000,get
15414,0.028819,2.117000,get
15415,0.028822,2.701000,put
15416,0.028823,0.326000,get
15417,0.028825,2.250000,get
15418,0.028826,0.224000,get
15419,0.028826,0.335000,get
15420,0.028827,0.386000,get
15421,0.028829,2.042000,get
15422,0.028830,0.545000,get
15423,0.028830,0.212000,get
15424,0.028831,0.689000,get
15425,0.028831,0.204000,get
15426,0.028834,2.466000,put
15427,0.028834,0.220000,get
15428,0.028835,0.387000,get
15429,0.028839,3.152000,get
15430,0.028839,0.489000,get
15431,0.028840,0.277000,get
15432,0.028840,0.207000,get
15433,0.028847,7.124000,put
15434,0.028848,0.241000,get
15435,0.028849,0.945000,get
15436,0.028853,4.134000,get
15437,0.028855,1.531000,get
15438,0.028856,0.715000,get
15439,0.028857,0.374000,get
15440,0.028857,0.495000,get
15441,0.028858,0.209000,get
15442,0.028858,0.423000,get
15443,0.028859,0.210000,get
15444,0.028862,2.816000,put
15445,0.028863,0.916000,get
15446,0.028863,0.272000,get
15447,0.028864,0.368000,get
15448,0.028865,0.383000,get
15449,0.028865,0.217000,get
15450,0.028866,0.450000,get
15451,0.028866,0.363000,get
15452,0.028867,0.207000,get
15453,0.028869,2.552000,put
15454,0.028870,0.227000,get
15455,0.028872,2.015000,get
15456,0.028872,0.290000,get
15457,0.028873,0.563000,get
15458,0.028874,0.242000,get
15459,0.028875,1.515000,get
15460,0.028878,1.916000,get
15461,0.028881,3.310000,get
15462,0.028882,0.689000,get
15463,0.028884,1.940000,get
15464,0.028885,0.520000,get
15465,0.028888,3.076000,put
15466,0.028889,0.245000,get
15467,0.028891,2.043000,get
15468,0.028892,0.240000,get
15469,0.028893,0.962000,get
15470,0.028893,0.209000,get
15471,0.028897,4.148000,put
15472,0.028900,2.564000,put
15473,0.028901,0.514000,get
15474,0.028905,3.296000,get
15475,0.028906,0.645000,get
15476,0.028906,0.215000,get
15477,0.028906,0.206000,get
15478,0.028907,0.202000,get
15479,0.028907,0.366000,get
15480,0.028908,0.476000,get
15481,0.028911,2.618000,put
15482,0.028911,0.462000,get
15483,0.028914,2.594000,put
15484,0.028919,4.580000,put
15485,0.028922,2.564000,put
15486,0.028923,0.473000,get
15487,0.028923,0.212000,get
15488,0.028924,0.263000,get
15489,0.028924,0.394000,get
15490,0.028925,0.433000,get
15491,0.028925,0.488000,get
15492,0.028926,0.258000,get
15493,0.028926,0.361000,get
15494,0.028927,0.457000,get
15495,0.028930,2.864000,put
15496,0.028931,0.229000,get
15497,0.028931,0.203000,get
15498,0.028932,0.373000,get
15499,0.028932,0.209000,get
15500,0.028932,0.205000,get
15501,0.028933,0.553000,get
15502,0.028933,0.206000,get
15503,0.028936,2.603000,get
15504,0.028939,2.547000,get
15505,0.028942,2.661000,put
15506,0.028947,4.425000,put
15507,0.028948,0.725000,get
15508,0.028948,0.235000,get
15509,0.028949,0.377000,get
15510,0.028953,3.783000,get
15511,0.028953,0.322000,get
15512,0.028954,0.213000,get
15513,0.028955,0.701000,get
15514,0.028958,3.029000,get
15515,0.028960,2.302000,get
15516,0.028961,0.418000,get
15517,0.028964,2.346000,put
15518,0.028966,2.203000,get
15519,0.028967,0.364000,get
15520,0.028967,0.263000,get
15521,0.028968,0.442000,get
15522,0.028969,0.550000,get
15523,0.028969,0.596000,get
15524,0.028970,0.216000,get
15525,0.028971,0.515000,get
15526,0.028971,0.345000,get
15527,0.028971,0.209000,get
15528,0.028972,0.201000,get
15529,0.028972,0.448000,get
15530,0.028973,0.208000,get
15531,0.028976,2.667000,put
15532,0.028976,0.223000,get
15533,0.028977,0.445000,get
15534,0.028978,0.639000,get
15535,0.028978,0.462000,get
15536,0.028979,0.443000,get
15537,0.028981,2.220000,put
15538,0.028982,0.485000,get
15539,0.028983,0.455000,get
15540,0.028988,5.314000,put
15541,0.028989,0.545000,get
15542,0.028990,0.379000,get
15543,0.028991,0.631000,get
15544,0.028991,0.207000,get
15545,0.028991,0.193000,get
15546,0.028992,0.193000,get
15547,0.028992,0.323000,get
15548,0.028995,3.023000,get
15549,0.028996,0.463000,get
15550,0.028997,0.408000,get
15551,0.028999,2.233000,put
15552,0.029002,2.366000,put
15553,0.029003,0.855000,get
15554,0.029003,0.212000,get
15555,0.029004,0.420000,get
15556,0.029005,0.420000,get
15557,0.029005,0.500000,get
15558,0.029006,0.209000,get
15559,0.029007,1.578000,get
15560,0.029010,2.102000,get
15561,0.029013,2.674000,get
15562,0.029015,2.280000,put
15563,0.029016,0.320000,get
15564,0.029016,0.326000,get
15565,0.029017,0.476000,get
15566,0.029032,14.478000,put
15567,0.029034,2.180000,put
15568,0.029035,0.401000,get
15569,0.029037,2.007000,put
15570,0.029038,0.541000,get
15571,0.029041,2.528000,get
15572,0.029041,0.373000,get
15573,0.029045,3.462000,get
15574,0.029046,0.406000,get
15575,0.029046,0.467000,get
15576,0.029049,2.329000,get
15577,0.029050,0.486000,get
15578,0.029053,2.888000,get
15579,0.029056,2.576000,put
15580,0.029061,5.113000,put
15581,0.029061,0.244000,get
15582,0.029062,0.192000,get
15583,0.029062,0.491000,get
15584,0.029066,3.117000,get
15585,0.029067,0.442000,get
15586,0.029068,1.296000,get
15587,0.029069,0.375000,get
15588,0.029069,0.204000,get
15589,0.029070,0.446000,get
15590,0.029070,0.408000,get
15591,0.029071,0.203000,get
15592,0.029071,0.276000,get
15593,0.029074,2.346000,put
15594,0.029074,0.531000,get
15595,0.029075,0.282000,get
15596,0.029078,2.629000,put
15597,0.029083,4.949000,put
15598,0.029086,2.895000,put
15599,0.029088,1.702000,get
15600,0.029094,0.234000,get
15601,0.029094,0.503000,get
15602,0.029095,0.334000,get
15603,0.029095,0.291000,get
15604,0.029096,0.505000,get
15605,0.029097,0.362000,get
15606,0.029098,0.576000,get
15607,0.029100,2.387000,put
15608,0.029101,0.591000,get
15609,0.029101,0.208000,get
15610,0.029102,0.465000,get
15611,0.029103,0.885000,get
15612,0.029104,0.372000,get
15613,0.029104,0.490000,get
15614,0.029107,1.894000,get
15615,0.029107,0.388000,get
15616,0.029108,0.637000,get
15617,0.029108,0.205000,get
15618,0.029111,2.426000,put
15619,0.029112,0.340000,get
15620,0.029112,0.476000,get
15621,0.029113,0.448000,get
15622,0.029113,0.280000,get
15623,0.029114,0.375000,get
15624,0.029114,0.206000,get
15625,0.029115,0.205000,get
15626,0.029115,0.198000,get
15627,0.029115,0.212000,get
15628,0.029116,0.198000,get
15629,0.029117,0.508000,get
15630,0.029117,0.267000,get
15631,0.029122,4.520000,get
15632,0.029122,0.221000,get
15633,0.029127,4.815000,put
15634,0.029130,2.619000,get
15635,0.029131,0.382000,get
15636,0.029131,0.482000,get
15637,0.029134,2.514000,put
15638,0.029135,0.455000,get
15639,0.029138,2.699000,put
15640,0.029139,0.641000,get
15641,0.029139,0.414000,get
15642,0.029142,2.511000,put
15643,0.029142,0.221000,get
15644,0.029146,3.848000,put
15645,0.029148,1.088000,get
15646,0.029149,0.637000,get
15647,0.029149,0.381000,get
15648,0.029150,0.473000,get
15649,0.029151,0.443000,get
15650,0.029153,2.592000,put
15651,0.029155,1.106000,get
15652,0.029155,0.205000,get
15653,0.029156,0.538000,get
15654,0.029156,0.291000,get
15655,0.029157,0.384000,get
15656,0.029160,2.622000,get
15657,0.029163,2.542000,put
15658,0.029163,0.219000,get
15659,0.029163,0.283000,get
15660,0.029166,1.978000,put
15661,0.029166,0.377000,get
15662,0.029167,0.205000,get
15663,0.029169,2.545000,get
15664,0.029174,4.701000,put
15665,0.029175,0.358000,get
15666,0.029176,1.169000,get
15667,0.029182,0.281000,get
15668,0.029182,0.280000,get
15669,0.029183,0.522000,get
15670,0.029184,0.383000,get
15671,0.029184,0.206000,get
15672,0.029185,0.344000,get
15673,0.029185,0.430000,get
15674,0.029186,0.368000,get
15675,0.029189,2.669000,put
15676,0.029189,0.404000,get
15677,0.029192,2.131000,put
15678,0.029193,1.651000,get
15679,0.029194,0.517000,get
15680,0.029198,3.224000,put
15681,0.029199,0.901000,get
15682,0.029203,4.423000,put
15683,0.029206,2.379000,put
15684,0.029209,2.310000,put
15685,0.029210,0.662000,get
15686,0.029211,1.542000,get
15687,0.029214,2.357000,put
15688,0.029215,0.417000,get
15689,0.029220,5.322000,put
15690,0.029221,0.311000,get
15691,0.029223,1.749000,get
15692,0.029223,0.365000,get
15693,0.029224,0.404000,get
15694,0.029225,0.731000,get
15695,0.029226,1.346000,get
15696,0.029227,0.461000,get
15697,0.029227,0.279000,get
15698,0.029228,0.417000,get
15699,0.029229,0.361000,get
15700,0.029229,0.207000,get
15701,0.029230,0.249000,get
15702,0.029232,2.545000,put
15703,0.029233,0.394000,get
15704,0.029233,0.211000,get
15705,0.029236,2.365000,put
15706,0.029238,1.674000,get
15707,0.029238,0.498000,get
15708,0.029239,0.213000,get
15709,0.029240,0.508000,get
15710,0.029241,1.221000,get
15711,0.029242,0.393000,get
15712,0.029246,3.628000,get
15713,0.029246,0.292000,get
15714,0.029252,5.531000,put
15715,0.029253,0.460000,get
15716,0.029253,0.324000,get
15717,0.029254,0.521000,get
15718,0.029254,0.366000,get
15719,0.029257,2.198000,put
15720,0.029258,0.481000,get
15721,0.029260,2.355000,get
15722,0.029263,2.914000,get
15723,0.029266,2.865000,put
15724,0.029267,0.570000,get
15725,0.029270,2.744000,get
15726,0.029271,0.348000,get
15727,0.029271,0.351000,get
15728,0.029272,0.529000,get
15729,0.029275,2.512000,get
15730,0.029276,0.709000,get
15731,0.029276,0.205000,get
15732,0.029277,0.517000,get
15733,0.029278,0.501000,get
15734,0.029278,0.403000,get
15735,0.029279,0.441000,get
15736,0.029280,0.522000,get
15737,0.029280,0.358000,get
15738,0.029281,0.536000,get
15739,0.029282,0.689000,get
15740,0.029282,0.323000,get
15741,0.029283,0.432000,get
15742,0.029284,0.313000,get
15743,0.029284,0.391000,get
15744,0.029285,0.902000,get
15745,0.029288,2.582000,get
15746,0.029289,0.549000,get
15747,0.029290,0.540000,get
15748,0.029293,2.753000,get
15749,0.029293,0.321000,get
15750,0.029294,0.428000,get
15751,0.029294,0.439000,get
15752,0.029295,0.615000,get
15753,0.029296,0.260000,get
15754,0.029298,2.459000,put
15755,0.029299,0.503000,get
15756,0.029300,0.439000,get
15757,0.029301,0.967000,get
15758,0.029302,0.395000,get
15759,0.029302,0.410000,get
15760,0.029303,0.204000,get
15761,0.029303,0.197000,get
15762,0.029308,4.393000,put
15763,0.029308,0.387000,get
15764,0.029309,0.363000,get
15765,0.029309,0.452000,get
15766,0.029310,0.203000,get
15767,0.029311,0.475000,get
15768,0.029311,0.357000,get
15769,0.029320,8.458000,get
15770,0.029321,0.398000,get
15771,0.029321,0.397000,get
15772,0.029321,0.206000,get
15773,0.029324,2.718000,put
15774,0.029327,2.207000,put
15775,0.029328,0.909000,get
15776,0.029328,0.206000,get
15777,0.029329,0.449000,get
15778,0.029330,0.894000,get
15779,0.029331,0.588000,get
15780,0.029333,1.988000,get
15781,0.029334,0.486000,get
15782,0.029336,2.351000,put
15783,0.029342,5.270000,put
15784,0.029343,0.382000,get
15785,0.029343,0.583000,get
15786,0.029344,0.203000,get
15787,0.029345,0.433000,get
15788,0.029347,2.581000,put
15789,0.029348,0.228000,get
15790,0.029348,0.383000,get
15791,0.029349,0.284000,get
15792,0.029351,2.273000,put
15793,0.029352,0.495000,get
15794,0.029353,0.426000,get
15795,0.029353,0.388000,get
15796,0.029354,0.421000,get
15797,0.029357,2.822000,put
15798,0.029357,0.226000,get
15799,0.029358,0.481000,get
15800,0.029359,0.527000,get
15801,0.029361,2.021000,get
15802,0.029365,3.853000,get
15803,0.029368,2.360000,get
15804,0.029370,1.587000,get
15805,0.029370,0.415000,get
15806,0.029371,0.304000,get
15807,0.029371,0.329000,get
15808,0.029372,0.380000,get
15809,0.029373,0.370000,get
15810,0.029378,4.861000,put
15811,0.029378,0.546000,get
15812,0.029379,0.204000,get
15813,0.029379,0.435000,get
15814,0.029380,0.202000,get
15815,0.029380,0.194000,get
15816,0.029382,2.024000,put
15817,0.029383,0.210000,get
15818,0.029385,2.443000,put
15819,0.029386,0.507000,get
15820,0.029387,0.212000,get
15821,0.029387,0.488000,get
15822,0.029388,0.211000,get
15823,0.029388,0.405000,get
15824,0.029389,0.204000,get
15825,0.029391,2.297000,put
15826,0.029394,1.979000,get
15827,0.029394,0.635000,get
15828,0.029395,0.217000,get
15829,0.029395,0.407000,get
15830,0.029396,0.291000,get
15831,0.029396,0.224000,get
15832,0.029398,1.547000,get
15833,0.029399,0.596000,get
15834,0.029400,0.455000,get
15835,0.029400,0.614000,get
15836,0.029401,0.474000,get
15837,0.029401,0.217000,get
15838,0.029402,0.435000,get
15839,0.029403,0.301000,get
15840,0.029404,1.473000,get
15841,0.029405,0.379000,get
15842,0.029409,4.019000,put
15843,0.029412,2.795000,get
15844,0.029413,0.480000,get
15845,0.029414,0.652000,get
15846,0.029414,0.364000,get
15847,0.029417,2.305000,get
15848,0.029418,0.636000,get
15849,0.029418,0.416000,get
15850,0.029419,0.586000,get
15851,0.029422,2.523000,put
15852,0.029424,2.011000,put
15853,0.029425,0.221000,get
15854,0.029426,1.510000,get
15855,0.029427,0.374000,get
15856,0.029428,1.112000,get
15857,0.029431,2.640000,put
15858,0.029436,4.635000,put
15859,0.029437,1.147000,get
15860,0.029440,2.002000,get
15861,0.029443,2.673000,put
15862,0.029443,0.496000,get
15863,0.029444,0.556000,get
15864,0.029445,0.379000,get
15865,0.029445,0.458000,get
15866,0.029448,1.991000,get
15867,0.029448,0.373000,get
15868,0.029450,1.555000,get
15869,0.029451,0.329000,get
15870,0.029452,0.990000,get
15871,0.029455,2.495000,put
15872,0.029455,0.464000,get
15873,0.029456,0.334000,get
15874,0.029457,0.586000,get
15875,0.029457,0.216000,get
15876,0.029462,4.530000,get
15877,0.029462,0.222000,get
15878,0.029463,0.481000,get
15879,0.029464,0.342000,get
15880,0.029464,0.207000,get
15881,0.029465,0.460000,get
15882,0.029465,0.339000,get
15883,0.029471,5.443000,put
15884,0.029474,2.554000,get
15885,0.029476,1.713000,get
15886,0.029476,0.517000,get
15887,0.029477,0.459000,get
15888,0.029478,0.419000,get
15889,0.029478,0.344000,get
15890,0.029479,0.214000,get
15891,0.029479,0.439000,get
15892,0.029480,0.446000,get
15893,0.029481,0.438000,get
15894,0.029481,0.207000,get
15895,0.029481,0.211000,get
15896,0.029482,0.502000,get
15897,0.029485,2.384000,put
15898,0.029485,0.426000,get
15899,0.029488,2.091000,put
15900,0.029488,0.220000,get
15901,0.029489,0.577000,get
15902,0.029489,0.348000,get
15903,0.029492,2.392000,put
15904,0.029497,4.583000,put
15905,0.029499,2.064000,put
15906,0.029502,2.015000,get
15907,0.029502,0.379000,get
15908,0.029505,2.329000,put
15909,0.029507,2.364000,put
15910,0.029510,2.141000,get
15911,0.029510,0.212000,get
15912,0.029520,4.226000,put
15913,0.029521,1.008000,get
15914,0.029522,0.557000,get
15915,0.029522,0.443000,get
15916,0.029523,0.551000,get
15917,0.029524,0.387000,get
15918,0.029527,2.691000,put
15919,0.029529,2.173000,get
15920,0.029532,2.432000,put
15921,0.029533,0.458000,get
15922,0.029533,0.209000,get
15923,0.029534,0.419000,get
15924,0.029537,3.066000,get
15925,0.029538,0.507000,get
15926,0.029540,2.428000,put
15927,0.029541,0.661000,get
15928,0.029543,2.046000,get
15929,0.029549,5.191000,put
15930,0.029549,0.371000,get
15931,0.029550,0.753000,get
15932,0.029551,0.207000,get
15933,0.029551,0.191000,get
15934,0.029552,0.384000,get
15935,0.029554,1.532000,get
15936,0.029554,0.451000,get
15937,0.029555,0.202000,get
15938,0.029555,0.427000,get
15939,0.029556,0.417000,get
15940,0.029557,0.863000,get
15941,0.029558,0.540000,get
15942,0.029559,0.797000,get
15943,0.029559,0.400000,get
15944,0.029560,0.457000,get
15945,0.029561,0.493000,get
15946,0.029561,0.397000,get
15947,0.029562,0.442000,get
15948,0.029563,0.420000,get
15949,0.029565,2.361000,get
15950,0.029566,0.489000,get
15951,0.029566,0.321000,get
15952,0.029569,2.618000,put
15953,0.029570,0.355000,get
15954,0.029572,1.464000,get
15955,0.029572,0.383000,get
15956,0.029573,0.522000,get
15957,0.029574,0.356000,get
15958,0.029574,0.310000,get
15959,0.029575,0.392000,get
15960,0.029575,0.205000,get
15961,0.029577,1.571000,get
15962,0.029577,0.397000,get
15963,0.029579,1.609000,get
15964,0.029581,1.057000,get
15965,0.029581,0.450000,get
15966,0.029582,0.440000,get
15967,0.029585,2.655000,put
15968,0.029587,2.058000,put
15969,0.029588,0.276000,get
15970,0.029592,4.043000,put
15971,0.029593,0.613000,get
15972,0.029593,0.369000,get
15973,0.029594,0.207000,get
15974,0.029597,2.818000,put
15975,0.029598,0.531000,get
15976,0.029598,0.397000,get
15977,0.029599,0.207000,get
15978,0.029599,0.629000,get
15979,0.029601,1.433000,get
15980,0.029602,0.366000,get
15981,0.029602,0.361000,get
15982,0.029603,0.616000,get
15983,0.029606,2.481000,put
15984,0.029606,0.224000,get
15985,0.029607,0.325000,get
15986,0.029607,0.348000,get
15987,0.029609,1.819000,get
15988,0.029610,0.205000,get
15989,0.029610,0.347000,get
15990,0.029611,0.630000,get
15991,0.029612,0.553000,get
15992,0.029614,1.573000,get
15993,0.029614,0.442000,get
15994,0.029615,0.501000,get
15995,0.029617,2.192000,get
15996,0.029618,0.489000,get
15997,0.029620,1.404000,get
15998,0.029620,0.460000,get
15999,0.029621,0.208000,get
16000,0.029624,2.699000,put
16001,0.029624,0.498000,get
16002,0.029625,0.206000,get
16003,0.029629,3.780000,put
16004,0.029629,0.239000,get
16005,0.029632,2.290000,get
16006,0.029632,0.221000,get
16007,0.029635,2.559000,put
16008,0.029636,0.219000,get
16009,0.029636,0.370000,get
16010,0.029639,2.682000,get
16011,0.029640,0.389000,get
16012,0.029640,0.207000,get
16013,0.029641,0.509000,get
16014,0.029641,0.197000,get
16015,0.029644,2.404000,put
16016,0.029648,3.870000,put
16017,0.029651,2.548000,put
16018,0.029654,2.379000,put
16019,0.029655,1.643000,get
16020,0.029656,0.418000,get
16021,0.029659,2.502000,put
16022,0.029665,5.388000,put
16023,0.029667,2.471000,put
16024,0.029670,2.085000,get
16025,0.029673,2.560000,put
16026,0.029675,2.365000,get
16027,0.029676,0.209000,get
16028,0.029676,0.415000,get
16029,0.029679,2.553000,put
16030,0.029680,0.383000,get
16031,0.029681,0.769000,get
16032,0.029683,2.134000,get
16033,0.029684,0.315000,get
16034,0.029684,0.211000,get
16035,0.029685,0.551000,get
16036,0.029689,4.025000,put
16037,0.029692,2.297000,put
16038,0.029692,0.302000,get
16039,0.029693,0.512000,get
16040,0.029693,0.381000,get
16041,0.029694,0.447000,get
16042,0.029697,2.492000,put
16043,0.029697,0.212000,get
16044,0.029698,0.412000,get
16045,0.029701,2.451000,put
16046,0.029706,5.173000,put
16047,0.029709,2.551000,put
16048,0.029709,0.328000,get
16049,0.029710,0.361000,get
16050,0.029712,1.622000,get
16051,0.029712,0.213000,get
16052,0.029714,1.242000,get
16053,0.029714,0.199000,get
16054,0.029714,0.331000,get
16055,0.029715,0.289000,get
16056,0.029715,0.203000,get
16057,0.029716,0.414000,get
16058,0.029717,0.445000,get
16059,0.029717,0.566000,get
16060,0.029718,0.338000,get
16061,0.029720,2.244000,get
16062,0.029724,3.359000,put
16063,0.029727,3.165000,put
16064,0.029732,3.901000,put
16065,0.029732,0.545000,get
16066,0.029733,0.546000,get
16067,0.029734,0.385000,get
16068,0.029734,0.211000,get
16069,0.029737,2.341000,put
16070,0.029737,0.229000,get
16071,0.029740,2.320000,put
16072,0.029740,0.368000,get
16073,0.029743,2.169000,put
16074,0.029743,0.295000,get
16075,0.029744,0.435000,get
16076,0.029751,6.679000,put
16077,0.029751,0.403000,get
16078,0.029752,0.201000,get
16079,0.029752,0.353000,get
16080,0.029755,2.149000,put
16081,0.029757,1.881000,get
16082,0.029759,1.790000,get
16083,0.029759,0.212000,get
16084,0.029760,0.198000,get
16085,0.029763,2.798000,get
16086,0.029763,0.531000,get
16087,0.029764,0.513000,get
16088,0.029765,0.369000,get
16089,0.029766,0.945000,get
16090,0.029766,0.468000,get
16091,0.029767,0.414000,get
16092,0.029767,0.205000,get
16093,0.029771,3.153000,put
16094,0.029771,0.217000,get
16095,0.029772,0.276000,get
16096,0.029772,0.376000,get
16097,0.029773,0.197000,get
16098,0.029774,1.318000,get
16099,0.029775,0.398000,get
16100,0.029776,0.554000,get
16101,0.029776,0.354000,get
16102,0.029779,2.760000,put
16103,0.029780,0.433000,get
16104,0.029784,4.392000,put
16105,0.029786,1.784000,put
16106,0.029789,2.548000,put
16107,0.029790,0.844000,get
16108,0.029791,0.857000,get
16109,0.029792,0.203000,get
16110,0.029792,0.201000,get
16111,0.029793,0.639000,get
16112,0.029794,0.409000,get
16113,0.029796,2.568000,get
16114,0.029797,0.526000,get
16115,0.029798,0.380000,get
16116,0.029798,0.200000,get
16117,0.029798,0.193000,get
16118,0.029804,5.121000,put
16119,0.029804,0.387000,get
16120,0.029807,2.021000,put
16121,0.029807,0.495000,get
16122,0.029808,0.341000,get
16123,0.029811,3.115000,get
16124,0.029812,0.214000,get
16125,0.029812,0.283000,get
16126,0.029813,0.937000,get
16127,0.029814,0.206000,get
16128,0.029818,4.237000,get
16129,0.029819,0.790000,get
16130,0.029820,0.204000,get
16131,0.029820,0.193000,get
16132,0.029821,0.490000,get
16133,0.029822,0.467000,get
16134,0.029825,3.490000,get
16135,0.029828,2.556000,get
16136,0.029831,2.729000,get
16137,0.029832,0.453000,get
16138,0.029834,2.328000,put
16139,0.029837,1.810000,get
16140,0.029837,0.499000,get
16141,0.029838,0.210000,get
16142,0.029840,1.673000,get
16143,0.029840,0.212000,get
16144,0.029843,2.687000,put
16145,0.029843,0.447000,get
16146,0.029844,0.389000,get
16147,0.029844,0.207000,get
16148,0.029845,0.405000,get
16149,0.029849,3.905000,put
16150,0.029850,0.922000,get
16151,0.029851,0.883000,get
16152,0.029853,1.088000,get
16153,0.029853,0.365000,get
16154,0.029856,2.235000,put
16155,0.029859,2.646000,put
16156,0.029859,0.218000,get
16157,0.029862,2.675000,put
16158,0.029864,1.538000,get
16159,0.029864,0.213000,get
16160,0.029865,0.357000,get
16161,0.029865,0.283000,get
16162,0.029866,0.199000,get
16163,0.029868,1.988000,get
16164,0.029868,0.216000,get
16165,0.029869,0.279000,get
16166,0.029869,0.269000,get
16167,0.029870,0.546000,get
16168,0.029871,0.731000,get
16169,0.029871,0.362000,get
16170,0.029872,0.533000,get
16171,0.029873,0.461000,get
16172,0.029874,1.105000,get
16173,0.029875,0.207000,get
16174,0.029878,3.180000,get
16175,0.029879,0.212000,get
16176,0.029880,1.095000,get
16177,0.029881,0.439000,get
16178,0.029881,0.282000,get
16179,0.029886,4.805000,put
16180,0.029887,0.229000,get
16181,0.029889,2.264000,put
16182,0.029890,0.851000,get
16183,0.029892,1.648000,get
16184,0.029893,0.504000,get
16185,0.029895,2.396000,put
16186,0.029896,0.924000,get
16187,0.029899,1.864000,put
16188,0.029899,0.447000,get
16189,0.029904,4.311000,put
16190,0.029904,0.326000,get
16191,0.029905,0.386000,get
16192,0.029907,2.029000,get
16193,0.029910,2.288000,put
16194,0.029910,0.445000,get
16195,0.029911,0.377000,get
16196,0.029913,2.267000,put
16197,0.029914,0.465000,get
16198,0.029918,3.645000,get
16199,0.029919,0.664000,get
16200,0.029922,2.682000,put
16201,0.029922,0.377000,get
16202,0.029923,0.370000,get
16203,0.029928,5.220000,put
16204,0.029931,2.022000,put
16205,0.029933,1.922000,put
16206,0.029935,2.320000,get
16207,0.029938,2.200000,put
16208,0.029939,0.499000,get
16209,0.029943,4.390000,put
16210,0.029944,0.473000,get
16211,0.029947,2.432000,put
16212,0.029947,0.231000,get
16213,0.029947,0.192000,get
16214,0.029948,0.340000,get
16215,0.029948,0.204000,get
16216,0.029949,0.371000,get
16217,0.029952,2.408000,get
16218,0.029952,0.383000,get
16219,0.029953,0.273000,get
16220,0.029953,0.264000,get
16221,0.029953,0.227000,get
16222,0.029954,0.246000,get
16223,0.029957,2.701000,put
16224,0.029967,4.623000,put
16225,0.029967,0.242000,get
16226,0.029968,0.200000,get
16227,0.029969,0.548000,get
16228,0.029972,3.273000,get
16229,0.029973,0.542000,get
16230,0.029976,2.516000,put
16231,0.029976,0.488000,get
16232,0.029979,2.451000,put
16233,0.029980,0.843000,get
16234,0.029981,0.210000,get
16235,0.029983,2.536000,put
16236,0.029986,2.656000,get
16237,0.029987,0.253000,get
16238,0.029987,0.367000,get
16239,0.029988,0.494000,get
16240,0.029988,0.341000,get
16241,0.029989,0.269000,get
16242,0.029989,0.198000,get
16243,0.029992,2.255000,get
16244,0.029992,0.217000,get
16245,0.029997,4.166000,put
16246,0.029999,1.742000,get
16247,0.029999,0.374000,get
16248,0.030000,0.524000,get
16249,0.030002,2.356000,get
16250,0.030003,0.215000,get
16251,0.030003,0.200000,get
16252,0.030004,0.293000,get
16253,0.030004,0.200000,get
16254,0.030006,1.390000,get
16255,0.030009,2.562000,put
16256,0.030011,2.568000,put
16257,0.030012,0.385000,get
16258,0.030013,0.420000,get
16259,0.030013,0.292000,get
16260,0.030016,2.543000,put
16261,0.030018,1.516000,get
16262,0.030019,1.562000,get
16263,0.030020,0.424000,get
16264,0.030020,0.209000,get
16265,0.030021,0.422000,get
16266,0.030022,0.526000,get
16267,0.030022,0.371000,get
16268,0.030023,0.200000,get
16269,0.030036,13.092000,get
16270,0.030039,2.377000,get
16271,0.030039,0.274000,get
16272,0.030040,0.360000,get
16273,0.030040,0.391000,get
16274,0.030046,5.829000,put
16275,0.030049,2.568000,put
16276,0.030050,0.517000,get
16277,0.030051,0.367000,get
16278,0.030051,0.352000,get
16279,0.030052,0.976000,get
16280,0.030055,2.443000,put
16281,0.030056,0.350000,get
16282,0.030056,0.201000,get
16283,0.030056,0.357000,get
16284,0.030057,0.215000,get
16285,0.030057,0.190000,get
16286,0.030058,0.337000,get
16287,0.030058,0.333000,get
16288,0.030059,0.195000,get
16289,0.030059,0.438000,get
16290,0.030062,2.198000,get
16291,0.030063,0.512000,get
16292,0.030065,2.558000,put
16293,0.030068,2.348000,get
16294,0.030069,0.517000,get
16295,0.030070,0.828000,get
16296,0.030070,0.515000,get
16297,0.030076,5.296000,put
16298,0.030077,0.863000,get
16299,0.030077,0.199000,get
16300,0.030078,0.485000,get
16301,0.030079,0.469000,get
16302,0.030081,2.177000,put
16303,0.030082,0.339000,get
16304,0.030084,2.006000,put
16305,0.030084,0.218000,get
16306,0.030085,0.320000,get
16307,0.030085,0.195000,get
16308,0.030086,0.487000,get
16309,0.030086,0.202000,get
16310,0.030089,2.043000,put
16311,0.030089,0.436000,get
16312,0.030093,3.225000,get
16313,0.030093,0.498000,get
16314,0.030094,0.349000,get
16315,0.030095,0.325000,get
16316,0.030095,0.456000,get
16317,0.030100,4.617000,put
16318,0.030101,0.476000,get
16319,0.030103,2.397000,put
16320,0.030104,0.452000,get
16321,0.030107,2.831000,get
16322,0.030108,0.209000,get
16323,0.030108,0.337000,get
16324,0.030109,0.444000,get
16325,0.030109,0.415000,get
16326,0.030110,0.199000,get
16327,0.030111,0.659000,get
16328,0.030111,0.199000,get
16329,0.030113,1.933000,get
16330,0.030114,0.389000,get
16331,0.030114,0.274000,get
16332,0.030118,3.057000,put
16333,0.030118,0.215000,get
16334,0.030120,2.238000,get
16335,0.030121,0.343000,get
16336,0.030124,2.493000,put
16337,0.030124,0.218000,get
16338,0.030126,1.580000,get
16339,0.030130,3.967000,put
16340,0.030131,0.401000,get
16341,0.030133,1.869000,put
16342,0.030136,2.721000,put
16343,0.030140,4.244000,put
16344,0.030141,0.222000,get
16345,0.030141,0.191000,get
16346,0.030141,0.186000,get
16347,0.030142,0.275000,get
16348,0.030143,0.396000,get
16349,0.030145,2.410000,put
16350,0.030146,0.399000,get
16351,0.030146,0.271000,get
16352,0.030147,0.413000,get
16353,0.030149,1.971000,get
16354,0.030150,0.209000,get
16355,0.030150,0.188000,get
16356,0.030150,0.200000,get
16357,0.030151,0.452000,get
16358,0.030152,0.743000,get
16359,0.030152,0.395000,get
16360,0.030153,0.379000,get
16361,0.030154,0.359000,get
16362,0.030154,0.320000,get
16363,0.030155,0.285000,get
16364,0.030155,0.200000,get
16365,0.030155,0.197000,get
16366,0.030156,0.486000,get
16367,0.030159,2.851000,get
16368,0.030160,0.416000,get
16369,0.030160,0.218000,get
16370,0.030161,0.473000,get
16371,0.030164,2.627000,put
16372,0.030164,0.404000,get
16373,0.030165,0.374000,get
16374,0.030167,2.127000,get
16375,0.030168,0.938000,get
16376,0.030170,1.632000,get
16377,0.030172,1.912000,get
16378,0.030173,0.397000,get
16379,0.030176,2.657000,get
16380,0.030176,0.215000,get
16381,0.030177,0.435000,get
16382,0.030180,2.665000,put
16383,0.030182,1.334000,get
16384,0.030185,2.863000,get
16385,0.030192,6.518000,put
16386,0.030192,0.539000,get
16387,0.030193,0.404000,get
16388,0.030193,0.201000,get
16389,0.030194,0.898000,get
16390,0.030196,1.322000,get
16391,0.030199,3.156000,put
16392,0.030200,0.294000,get
16393,0.030202,2.364000,put
16394,0.030206,2.895000,put
16395,0.030206,0.552000,get
16396,0.030207,0.374000,get
16397,0.030208,0.355000,get
16398,0.030209,1.088000,get
16399,0.030210,0.440000,get
16400,0.030214,4.715000,put
16401,0.030215,0.411000,get
16402,0.030216,0.223000,get
16403,0.030216,0.196000,get
16404,0.030218,2.292000,get
16405,0.030219,0.212000,get
16406,0.030222,2.617000,put
16407,0.030222,0.215000,get
16408,0.030223,0.468000,get
16409,0.030225,2.459000,put
16410,0.030226,0.407000,get
16411,0.030227,0.381000,get
16412,0.030227,0.208000,get
16413,0.030227,0.200000,get
16414,0.030229,1.856000,get
16415,0.030230,0.213000,get
16416,0.030233,2.506000,put
16417,0.030233,0.400000,get
16418,0.030254,20.837000,put
16419,0.030256,1.884000,put
16420,0.030258,1.369000,get
16421,0.030259,0.541000,get
16422,0.030262,2.598000,put
16423,0.030264,1.678000,get
16424,0.030264,0.379000,get
16425,0.030265,0.535000,get
16426,0.030266,0.481000,get
16427,0.030266,0.274000,get
16428,0.030267,0.867000,get
16429,0.030268,0.429000,get
16430,0.030268,0.339000,get
16431,0.030269,0.956000,get
16432,0.030272,2.151000,get
16433,0.030274,1.369000,get
16434,0.030276,2.673000,get
16435,0.030277,0.445000,get
16436,0.030278,0.379000,get
16437,0.030278,0.375000,get
16438,0.030279,0.536000,get
16439,0.030282,2.536000,put
16440,0.030283,0.543000,get
16441,0.030285,2.203000,get
16442,0.030286,0.545000,get
16443,0.030288,2.438000,get
16444,0.030289,0.438000,get
16445,0.030290,0.367000,get
16446,0.030290,0.405000,get
16447,0.030293,2.119000,get
16448,0.030293,0.276000,get
16449,0.030293,0.201000,get
16450,0.030294,0.353000,get
16451,0.030299,4.344000,put
16452,0.030301,2.294000,put
16453,0.030302,0.220000,get
16454,0.030302,0.400000,get
16455,0.030305,2.633000,put
16456,0.030306,0.725000,get
16457,0.030306,0.399000,get
16458,0.030308,1.080000,get
16459,0.030310,1.993000,put
16460,0.030311,0.612000,get
16461,0.030312,0.519000,get
16462,0.030317,5.550000,put
16463,0.030318,0.294000,get
16464,0.030320,2.003000,put
16465,0.030321,0.374000,get
16466,0.030321,0.484000,get
16467,0.030322,0.367000,get
16468,0.030323,0.441000,get
16469,0.030323,0.400000,get
16470,0.030325,1.043000,get
16471,0.030327,2.550000,put
16472,0.030328,0.218000,get
16473,0.030328,0.381000,get
16474,0.030329,0.383000,get
16475,0.030330,0.450000,get
16476,0.030331,1.732000,put
16477,0.030332,0.535000,get
16478,0.030333,0.523000,get
16479,0.030333,0.361000,get
16480,0.030334,0.202000,get
16481,0.030335,0.472000,get
16482,0.030335,0.295000,get
16483,0.030335,0.197000,get
16484,0.030340,4.931000,put
16485,0.030342,0.842000,get
16486,0.030342,0.512000,get
16487,0.030343,0.368000,get
16488,0.030343,0.206000,get
16489,0.030344,0.456000,get
16490,0.030347,2.455000,put
16491,0.030349,2.095000,put
16492,0.030349,0.224000,get
16493,0.030352,1.981000,get
16494,0.030352,0.505000,get
16495,0.030356,3.068000,get
16496,0.030356,0.215000,get
16497,0.030358,1.802000,get
16498,0.030359,0.435000,get
16499,0.030359,0.385000,get
16500,0.030364,4.715000,put
16501,0.030365,0.229000,get
16502,0.030367,2.226000,put
16503,0.030368,0.518000,get
16504,0.030368,0.274000,get
16505,0.030369,0.433000,get
16506,0.030370,0.537000,get
16507,0.030370,0.387000,get
16508,0.030373,2.123000,put
16509,0.030373,0.419000,get
16510,0.030374,0.499000,get
16511,0.030375,0.357000,get
16512,0.030375,0.203000,get
16513,0.030377,2.041000,put
16514,0.030378,0.368000,get
16515,0.030378,0.446000,get
16516,0.030379,0.328000,get
16517,0.030380,0.482000,get
16518,0.030382,2.222000,get
16519,0.030387,4.729000,put
16520,0.030388,0.517000,get
16521,0.030391,2.807000,put
16522,0.030391,0.474000,get
16523,0.030392,0.495000,get
16524,0.030394,2.014000,put
16525,0.030395,0.598000,get
16526,0.030396,0.258000,get
16527,0.030396,0.547000,get
16528,0.030397,0.488000,get
16529,0.030398,0.426000,get
16530,0.030401,2.744000,get
16531,0.030402,0.610000,get
16532,0.030402,0.352000,get
16533,0.030403,0.476000,get
16534,0.030403,0.293000,get
16535,0.030404,0.417000,get
16536,0.030409,0.395000,get
16537,0.030410,0.443000,get
16538,0.030413,2.395000,put
16539,0.030416,2.680000,get
16540,0.030421,4.615000,put
16541,0.030421,0.448000,get
16542,0.030422,0.398000,get
16543,0.030423,0.553000,get
16544,0.030425,1.927000,put
16545,0.030425,0.374000,get
16546,0.030428,2.028000,get
16547,0.030428,0.522000,get
16548,0.030431,2.599000,put
16549,0.030432,0.226000,get
16550,0.030434,2.301000,get
16551,0.030436,1.366000,get
16552,0.030438,2.477000,put
16553,0.030443,4.383000,put
16554,0.030444,0.868000,get
16555,0.030445,0.201000,get
16556,0.030445,0.365000,get
16557,0.030448,2.677000,put
16558,0.030449,0.321000,get
16559,0.030449,0.437000,get
16560,0.030451,1.790000,get
16561,0.030454,2.642000,put
16562,0.030455,0.267000,get
16563,0.030455,0.341000,get
16564,0.030456,0.474000,get
16565,0.030456,0.448000,get
16566,0.030458,1.445000,get
16567,0.030459,0.641000,get
16568,0.030462,2.369000,put
16569,0.030462,0.215000,get
16570,0.030463,0.391000,get
16571,0.030466,3.701000,put
16572,0.030467,0.602000,get
16573,0.030468,0.325000,get
16574,0.030470,2.299000,put
16575,0.030471,0.893000,get
16576,0.030472,0.441000,get
16577,0.030472,0.197000,get
16578,0.030473,0.459000,get
16579,0.030473,0.190000,get
16580,0.030474,0.355000,get
16581,0.030474,0.199000,get
16582,0.030477,2.405000,put
16583,0.030478,0.402000,get
16584,0.030480,1.985000,put
16585,0.030485,4.646000,put
16586,0.030485,0.423000,get
16587,0.030486,0.205000,get
16588,0.030486,0.397000,get
16589,0.030489,2.428000,get
16590,0.030490,0.368000,get
16591,0.030490,0.200000,get
16592,0.030491,0.509000,get
16593,0.030495,3.640000,put
16594,0.030495,0.436000,get
16595,0.030496,0.270000,get
16596,0.030496,0.480000,get
16597,0.030497,0.658000,get
16598,0.030498,0.485000,get
16599,0.030501,2.851000,get
16600,0.030502,0.991000,get
16601,0.030503,0.361000,get
16602,0.030503,0.274000,get
16603,0.030504,0.434000,get
16604,0.030507,2.865000,get
16605,0.030508,0.345000,get
16606,0.030508,0.203000,get
16607,0.030509,0.761000,get
16608,0.030509,0.194000,get
16609,0.030510,0.193000,get
16610,0.030513,3.143000,get
16611,0.030516,2.463000,put
16612,0.030516,0.214000,get
16613,0.030517,0.629000,get
16614,0.030518,0.396000,get
16615,0.030518,0.443000,get
16616,0.030519,0.555000,get
16617,0.030524,4.362000,put
16618,0.030524,0.225000,get
16619,0.030525,0.769000,get
16620,0.030525,0.202000,get
16621,0.030526,0.524000,get
16622,0.030529,2.217000,put
16623,0.030529,0.573000,get
16624,0.030531,1.864000,put
16625,0.030534,2.204000,put
16626,0.030534,0.215000,get
16627,0.030539,4.136000,put
16628,0.030539,0.221000,get
16629,0.030539,0.188000,get
16630,0.030540,0.342000,get
16631,0.030541,0.482000,get
16632,0.030541,0.422000,get
16633,0.030544,2.597000,put
16634,0.030545,0.377000,get
16635,0.030545,0.202000,get
16636,0.030546,0.433000,get
16637,0.030546,0.511000,get
16638,0.030549,2.446000,put
16639,0.030550,0.465000,get
16640,0.030550,0.204000,get
16641,0.030550,0.198000,get
16642,0.030551,0.191000,get
16643,0.030552,0.486000,get
16644,0.030552,0.416000,get
16645,0.030552,0.195000,get
16646,0.030553,0.299000,get
16647,0.030553,0.362000,get
16648,0.030554,0.389000,get
16649,0.030557,2.405000,put
16650,0.030557,0.492000,get
16651,0.030558,0.562000,get
16652,0.030559,0.360000,get
16653,0.030559,0.409000,get
16654,0.030561,1.669000,get
16655,0.030562,0.212000,get
16656,0.030566,4.469000,put
16657,0.030567,0.231000,get
16658,0.030567,0.372000,get
16659,0.030568,0.200000,get
16660,0.030570,2.251000,put
16661,0.030571,0.383000,get
16662,0.030573,1.753000,put
16663,0.030573,0.213000,get
16664,0.030576,2.623000,get
16665,0.030577,0.497000,get
16666,0.030577,0.379000,get
16667,0.030578,0.862000,get
16668,0.030580,1.434000,get
16669,0.030583,2.399000,get
16670,0.030584,0.591000,get
16671,0.030584,0.198000,get
16672,0.030584,0.188000,get
16673,0.030585,0.890000,get
16674,0.030586,0.367000,get
16675,0.030587,0.419000,get
16676,0.030587,0.502000,get
16677,0.030588,0.331000,get
16678,0.030588,0.200000,get
16679,0.030589,0.303000,get
16680,0.030589,0.486000,get
16681,0.030590,0.197000,get
16682,0.030590,0.359000,get
16683,0.030593,2.433000,put
16684,0.030594,0.345000,get
16685,0.030594,0.346000,get
16686,0.030594,0.198000,get
16687,0.030596,1.380000,get
16688,0.030597,0.498000,get
16689,0.030603,6.216000,put
16690,0.030604,0.466000,get
16691,0.030604,0.200000,get
16692,0.030607,2.343000,put
16693,0.030610,2.453000,put
16694,0.030612,1.661000,get
16695,0.030612,0.328000,get
16696,0.030615,2.396000,put
16697,0.030616,0.559000,get
16698,0.030616,0.302000,get
16699,0.030617,0.408000,get
16700,0.030617,0.266000,get
16701,0.030623,5.130000,put
16702,0.030623,0.310000,get
16703,0.030626,2.136000,get
16704,0.030626,0.453000,get
16705,0.030627,0.930000,get
16706,0.030628,0.661000,get
16707,0.030629,0.594000,get
16708,0.030632,2.543000,put
16709,0.030635,2.879000,put
16710,0.030636,0.983000,get
16711,0.030639,2.113000,put
16712,0.030640,1.059000,get
16713,0.030640,0.203000,get
16714,0.030641,0.671000,get
16715,0.030642,0.507000,get
16716,0.030643,0.443000,get
16717,0.030643,0.244000,get
16718,0.030647,3.964000,put
16719,0.030648,0.360000,get
16720,0.030650,2.016000,put
16721,0.030652,2.172000,put
16722,0.030653,0.204000,get
16723,0.030653,0.191000,get
16724,0.030654,0.442000,get
16725,0.030654,0.361000,get
16726,0.030655,0.376000,get
16727,0.030656,0.436000,get
16728,0.030659,3.612000,put
16729,0.030661,1.232000,get
16730,0.030661,0.362000,get
16731,0.030662,0.352000,get
16732,0.030662,0.338000,get
16733,0.030663,0.204000,get
16734,0.030666,2.430000,put
16735,0.030668,2.090000,put
16736,0.030670,1.705000,put
16737,0.030675,4.827000,put
16738,0.030676,0.520000,get
16739,0.030676,0.446000,get
16740,0.030677,0.440000,get
16741,0.030677,0.200000,get
16742,0.030678,0.193000,get
16743,0.030678,0.271000,get
16744,0.030681,2.892000,put
16745,0.030682,0.215000,get
16746,0.030682,0.320000,get
16747,0.030685,2.902000,put
16748,0.030686,0.496000,get
16749,0.030687,0.916000,get
16750,0.030688,0.431000,get
16751,0.030688,0.437000,get
16752,0.030689,0.417000,get
16753,0.030691,2.287000,put
16754,0.030695,3.608000,put
16755,0.030696,0.224000,get
16756,0.030696,0.441000,get
16757,0.030697,0.424000,get
16758,0.030699,2.262000,put
16759,0.030702,2.101000,put
16760,0.030702,0.422000,get
16761,0.030703,0.441000,get
16762,0.030704,0.479000,get
16763,0.030705,0.972000,get
16764,0.030708,2.515000,put
16765,0.030708,0.394000,get
16766,0.030709,0.413000,get
16767,0.030709,0.205000,get
16768,0.030712,2.700000,get
16769,0.030713,0.419000,get
16770,0.030713,0.276000,get
16771,0.030714,0.660000,get
16772,0.030714,0.201000,get
16773,0.030715,0.433000,get
16774,0.030716,0.361000,get
16775,0.030722,6.438000,put
16776,0.030723,0.486000,get
16777,0.030723,0.204000,get
16778,0.030726,2.289000,put
16779,0.030727,0.945000,get
16780,0.030728,0.201000,get
16781,0.030730,2.574000,put
16782,0.030731,0.216000,get
16783,0.030733,2.396000,put
16784,0.030734,0.595000,get
16785,0.030738,3.901000,put
16786,0.030739,0.391000,get
16787,0.030742,2.797000,get
16788,0.030745,2.520000,get
16789,0.030745,0.204000,get
16790,0.030746,0.289000,get
16791,0.030746,0.463000,get
16792,0.030749,2.772000,get
16793,0.030753,3.588000,get
16794,0.030754,0.207000,get
16795,0.030757,2.630000,put
16796,0.030757,0.279000,get
16797,0.030758,0.200000,get
16798,0.030760,2.196000,put
16799,0.030761,0.372000,get
16800,0.030761,0.488000,get
16801,0.030763,1.195000,get
16802,0.030763,0.491000,get
16803,0.030766,2.330000,put
16804,0.030782,15.574000,put
16805,0.030782,0.484000,get
16806,0.030783,0.258000,get
16807,0.030786,2.596000,get
16808,0.030786,0.518000,get
16809,0.030790,3.258000,get
16810,0.030790,0.258000,get
16811,0.030791,0.267000,get
16812,0.030791,0.337000,get
16813,0.030792,0.458000,get
16814,0.030792,0.205000,get
16815,0.030793,0.265000,get
16816,0.030793,0.193000,get
16817,0.030794,0.245000,get
16818,0.030794,0.389000,get
16819,0.030795,0.363000,get
16820,0.030798,2.544000,put
16821,0.030798,0.428000,get
16822,0.030799,0.365000,get
16823,0.030799,0.429000,get
16824,0.030800,0.473000,get
16825,0.030801,0.795000,get
16826,0.030801,0.196000,get
16827,0.030804,2.715000,put
16828,0.030807,2.137000,put
16829,0.030807,0.454000,get
16830,0.030808,0.553000,get
16831,0.030809,0.200000,get
16832,0.030814,4.805000,put
16833,0.030816,1.886000,put
16834,0.030816,0.527000,get
16835,0.030819,2.346000,put
16836,0.030824,4.894000,put
16837,0.030826,2.030000,put
16838,0.030827,0.217000,get
16839,0.030827,0.432000,get
16840,0.030828,0.357000,get
16841,0.030829,0.523000,get
16842,0.030829,0.274000,get
16843,0.030830,0.253000,get
16844,0.030830,0.550000,get
16845,0.030831,0.352000,get
16846,0.030834,2.349000,put
16847,0.030834,0.217000,get
16848,0.030840,0.354000,get
16849,0.030840,0.409000,get
16850,0.030841,0.483000,get
16851,0.030841,0.355000,get
16852,0.030842,0.875000,get
16853,0.030845,2.532000,put
16854,0.030847,1.677000,get
16855,0.030852,4.442000,put
16856,0.030854,2.336000,put
16857,0.030857,1.945000,put
16858,0.030859,1.697000,get
16859,0.030859,0.390000,get
16860,0.030860,0.437000,get
16861,0.030862,2.229000,get
16862,0.030863,0.205000,get
16863,0.030863,0.675000,get
16864,0.030864,0.350000,get
16865,0.030866,1.491000,get
16866,0.030866,0.414000,get
16867,0.030868,1.073000,get
16868,0.030871,2.932000,get
16869,0.030872,1.302000,get
16870,0.030873,0.666000,get
16871,0.030874,0.205000,get
16872,0.030874,0.473000,get
16873,0.030875,0.764000,get
16874,0.030876,0.354000,get
16875,0.030878,1.573000,get
16876,0.030878,0.209000,get
16877,0.030878,0.195000,get
16878,0.030881,2.710000,put
16879,0.030882,0.379000,get
16880,0.030883,0.440000,get
16881,0.030885,2.446000,get
16882,0.030886,0.214000,get
16883,0.030890,4.111000,put
16884,0.030891,0.392000,get
16885,0.030891,0.196000,get
16886,0.030891,0.274000,get
16887,0.030892,0.486000,get
16888,0.030893,0.523000,get
16889,0.030893,0.467000,get
16890,0.030894,0.491000,get
16891,0.030895,0.197000,get
16892,0.030895,0.195000,get
16893,0.030897,2.038000,get
16894,0.030900,2.367000,put
16895,0.030900,0.396000,get
16896,0.030901,0.247000,get
16897,0.030902,0.845000,get
16898,0.030902,0.350000,get
16899,0.030903,0.321000,get
16900,0.030904,0.343000,get
16901,0.030904,0.330000,get
16902,0.030907,2.516000,put
16903,0.030907,0.363000,get
16904,0.030909,1.003000,get
16905,0.030910,1.606000,get
16906,0.030913,2.622000,put
16907,0.030917,3.308000,get
16908,0.030918,0.956000,get
16909,0.030923,4.408000,put
16910,0.030923,0.361000,get
16911,0.030925,0.981000,get
16912,0.030927,1.745000,get
16913,0.030927,0.350000,get
16914,0.030928,0.372000,get
16915,0.030930,2.315000,put
16916,0.030932,1.716000,put
16917,0.030933,0.464000,get
16918,0.030934,1.010000,get
16919,0.030937,2.280000,put
16920,0.030941,4.282000,put
16921,0.030942,0.364000,get
16922,0.030945,3.026000,get
16923,0.030948,2.506000,put
16924,0.030948,0.359000,get
16925,0.030951,2.439000,put
16926,0.030952,0.702000,get
16927,0.030952,0.267000,get
16928,0.030953,0.280000,get
16929,0.030956,2.542000,put
16930,0.030956,0.221000,get
16931,0.030961,5.134000,put
16932,0.030962,0.226000,get
16933,0.030964,2.000000,put
16934,0.030964,0.217000,get
16935,0.030965,0.448000,get
16936,0.030968,2.787000,put
16937,0.030969,0.521000,get
16938,0.030969,0.201000,get
16939,0.030970,0.461000,get
16940,0.030970,0.193000,get
16941,0.030971,0.373000,get
16942,0.030972,0.445000,get
16943,0.030972,0.333000,get
16944,0.030973,0.416000,get
16945,0.030973,0.332000,get
16946,0.030978,4.557000,put
16947,0.030979,0.515000,get
16948,0.030981,2.275000,get
16949,0.030984,2.734000,put
16950,0.030985,0.416000,get
16951,0.030988,2.754000,get
16952,0.030988,0.279000,get
16953,0.030989,0.425000,get
16954,0.030990,1.093000,get
16955,0.030991,0.358000,get
16956,0.030991,0.638000,get
16957,0.030992,0.432000,get
16958,0.030993,0.200000,get
16959,0.030993,0.194000,get
16960,0.030994,0.491000,get
16961,0.030996,2.429000,put
16962,0.030998,0.967000,get
16963,0.030998,0.657000,get
16964,0.030999,0.492000,get
16965,0.031000,0.430000,get
16966,0.031000,0.196000,get
16967,0.031001,0.909000,get
16968,0.031004,2.365000,put
16969,0.031004,0.219000,get
16970,0.031007,2.468000,get
16971,0.031011,4.101000,put
16972,0.031012,0.445000,get
16973,0.031014,2.194000,put
16974,0.031016,1.828000,put
16975,0.031021,4.186000,get
16976,0.031021,0.212000,get
16977,0.031022,0.190000,get
16978,0.031022,0.355000,get
16979,0.031023,0.340000,get
16980,0.031023,0.491000,get
16981,0.031026,2.331000,put
16982,0.031028,1.910000,get
16983,0.031029,0.362000,get
16984,0.031029,0.200000,get
16985,0.031034,4.833000,get
16986,0.031035,0.361000,get
16987,0.031035,0.335000,get
16988,0.031040,4.692000,put
16989,0.031041,0.226000,get
16990,0.031041,0.328000,get
16991,0.031044,2.589000,put
16992,0.031046,1.777000,put
16993,0.031048,1.870000,put
16994,0.031049,0.547000,get
16995,0.031054,4.657000,put
16996,0.031055,0.626000,get
16997,0.031056,0.686000,get
16998,0.031056,0.487000,get
16999,0.031059,2.068000,put
17000,0.031060,1.346000,get
17001,0.031061,0.209000,get
17002,0.031063,1.870000,get
17003,0.031063,0.458000,get
17004,0.031064,0.415000,get
17005,0.031067,2.334000,put
17006,0.031067,0.204000,get
17007,0.031068,1.043000,get
17008,0.031069,0.842000,get
17009,0.031070,0.288000,get
17010,0.031071,0.679000,get
17011,0.031071,0.433000,get
17012,0.031072,0.271000,get
17013,0.031072,0.325000,get
17014,0.031073,0.834000,get
17015,0.031074,0.284000,get
17016,0.031076,2.185000,put
17017,0.031077,0.381000,get
17018,0.031077,0.364000,get
17019,0.031080,2.553000,get
17020,0.031081,0.507000,get
17021,0.031086,4.630000,put
17022,0.031086,0.514000,get
17023,0.031089,2.060000,get
17024,0.031089,0.213000,get
17025,0.031090,0.199000,get
17026,0.031093,2.839000,put
17027,0.031093,0.530000,get
17028,0.031094,0.205000,get
17029,0.031097,2.561000,put
17030,0.031098,1.296000,get
17031,0.031099,0.504000,get
17032,0.031099,0.356000,get
17033,0.031101,1.398000,get
17034,0.031104,2.462000,put
17035,0.031104,0.499000,get
17036,0.031105,0.589000,get
17037,0.031110,4.546000,put
17038,0.031110,0.354000,get
17039,0.031114,3.279000,get
17040,0.031115,0.406000,get
17041,0.031115,0.551000,get
17042,0.031117,1.705000,get
17043,0.031118,0.213000,get
17044,0.031118,0.349000,get
17045,0.031121,2.440000,put
17046,0.031123,1.894000,put
17047,0.031124,0.368000,get
17048,0.031129,4.804000,put
17049,0.031131,2.293000,put
17050,0.031132,0.289000,get
17051,0.031132,0.445000,get
17052,0.031133,0.487000,get
17053,0.031136,2.836000,put
17054,0.031136,0.221000,get
17055,0.031137,0.638000,get
17056,0.031138,0.294000,get
17057,0.031138,0.397000,get
17058,0.031140,1.485000,get
17059,0.031143,2.525000,get
17060,0.031143,0.214000,get
17061,0.031144,0.902000,get
17062,0.031145,0.492000,get
17063,0.031145,0.194000,get
17064,0.031146,0.425000,get
17065,0.031147,0.451000,get
17066,0.031149,2.165000,put
17067,0.031152,2.416000,get
17068,0.031156,3.843000,put
17069,0.031156,0.231000,get
17070,0.031157,0.426000,get
17071,0.031157,0.194000,get
17072,0.031158,0.389000,get
17073,0.031160,2.348000,put
17074,0.031162,1.957000,put
17075,0.031165,1.986000,put
17076,0.031166,1.084000,get
17077,0.031166,0.349000,get
17078,0.031169,2.223000,get
17079,0.031169,0.207000,get
17080,0.031170,0.189000,get
17081,0.031170,0.398000,get
17082,0.031175,4.196000,put
17083,0.031175,0.229000,get
17084,0.031176,0.394000,get
17085,0.031176,0.192000,get
17086,0.031179,2.446000,put
17087,0.031180,0.582000,get
17088,0.031181,0.828000,get
17089,0.031181,0.433000,get
17090,0.031183,2.038000,get
17091,0.031184,0.428000,get
17092,0.031187,2.617000,put
17093,0.031187,0.292000,get
17094,0.031188,0.199000,get
17095,0.031190,2.443000,put
17096,0.031194,3.660000,put
17097,0.031197,2.004000,put
17098,0.031200,2.871000,put
17099,0.031201,0.531000,get
17100,0.031201,0.313000,get
17101,0.031202,0.485000,get
17102,0.031202,0.367000,get
17103,0.031203,0.717000,get
17104,0.031205,1.088000,get
17105,0.031205,0.455000,get
17106,0.031206,0.647000,get
17107,0.031206,0.203000,get
17108,0.031207,0.195000,get
17109,0.031209,1.573000,get
17110,0.031209,0.502000,get
17111,0.031210,0.199000,get
17112,0.031210,0.366000,get
17113,0.031211,0.583000,get
17114,0.031214,2.511000,put
17115,0.031214,0.398000,get
17116,0.031219,3.886000,put
17117,0.031220,1.344000,get
17118,0.031221,0.283000,get
17119,0.031221,0.371000,get
17120,0.031224,2.654000,put
17121,0.031226,2.232000,put
17122,0.031227,0.296000,get
17123,0.031227,0.200000,get
17124,0.031228,0.403000,get
17125,0.031229,0.436000,get
17126,0.031229,0.438000,get
17127,0.031230,0.432000,get
17128,0.031232,2.199000,get
17129,0.031233,0.205000,get
17130,0.031233,0.193000,get
17131,0.031235,2.186000,get
17132,0.031238,2.685000,put
17133,0.031239,0.223000,get
17134,0.031239,0.358000,get
17135,0.031240,0.329000,get
17136,0.031243,2.690000,get
17137,0.031244,0.850000,get
17138,0.031247,2.429000,get
17139,0.031248,1.643000,get
17140,0.031250,1.098000,get
17141,0.031250,0.201000,get
17142,0.031255,4.309000,put
17143,0.031255,0.551000,get
17144,0.031256,0.353000,get
17145,0.031257,0.324000,get
17146,0.031258,0.834000,get
17147,0.031258,0.379000,get
17148,0.031261,2.382000,put
17149,0.031261,0.468000,get
17150,0.031264,2.127000,put
17151,0.031266,2.513000,put
17152,0.031270,3.174000,get
17153,0.031271,0.385000,get
17154,0.031274,2.666000,get
17155,0.031274,0.211000,get
17156,0.031279,4.741000,put
17157,0.031282,2.600000,put
17158,0.031282,0.500000,get
17159,0.031283,0.201000,get
17160,0.031289,0.509000,get
17161,0.031289,0.197000,get
17162,0.031290,0.478000,get
17163,0.031290,0.197000,get
17164,0.031293,2.267000,get
17165,0.031293,0.422000,get
17166,0.031294,0.391000,get
17167,0.031294,0.370000,get
17168,0.031297,2.582000,put
17169,0.031298,0.359000,get
17170,0.031303,4.732000,put
17171,0.031305,2.274000,put
17172,0.031306,0.409000,get
17173,0.031306,0.357000,get
17174,0.031307,0.700000,get
17175,0.031308,0.565000,get
17176,0.031309,0.459000,get
17177,0.031309,0.199000,get
17178,0.031310,0.597000,get
17179,0.031312,2.293000,put
17180,0.031313,0.444000,get
17181,0.031314,0.357000,get
17182,0.031314,0.340000,get
17183,0.031315,0.559000,get
17184,0.031318,2.356000,put
17185,0.031318,0.420000,get
17186,0.031319,0.534000,get
17187,0.031325,5.385000,put
17188,0.031325,0.408000,get
17189,0.031328,2.661000,put
17190,0.031331,2.809000,put
17191,0.031332,0.451000,get
17192,0.031334,2.163000,get
17193,0.031335,0.211000,get
17194,0.031337,2.607000,put
17195,0.031342,4.420000,put
17196,0.031345,3.043000,get
17197,0.031346,0.218000,get
17198,0.031347,0.886000,get
17199,0.031347,0.377000,get
17200,0.031348,0.474000,get
17201,0.031349,0.328000,get
17202,0.031349,0.522000,get
17203,0.031350,0.558000,get
17204,0.031353,2.480000,put
17205,0.031354,0.665000,get
17206,0.031356,2.093000,get
17207,0.031357,0.362000,get
17208,0.031357,0.204000,get
17209,0.031358,0.318000,get
17210,0.031360,2.570000,put
17211,0.031361,0.468000,get
17212,0.031362,0.353000,get
17213,0.031362,0.325000,get
17214,0.031365,2.345000,put
17215,0.031365,0.221000,get
17216,0.031369,4.023000,put
17217,0.031371,1.842000,get
17218,0.031372,0.477000,get
17219,0.031373,0.453000,get
17220,0.031373,0.463000,get
17221,0.031374,0.285000,get
17222,0.031374,0.200000,get
17223,0.031377,2.414000,put
17224,0.031377,0.295000,get
17225,0.031381,2.952000,put
17226,0.031381,0.478000,get
17227,0.031382,0.328000,get
17228,0.031382,0.317000,get
17229,0.031385,2.286000,put
17230,0.031386,0.481000,get
17231,0.031386,0.262000,get
17232,0.031386,0.198000,get
17233,0.031389,2.045000,get
17234,0.031389,0.445000,get
17235,0.031390,0.331000,get
17236,0.031390,0.459000,get
17237,0.031396,5.351000,put
17238,0.031397,0.658000,get
17239,0.031397,0.265000,get
17240,0.031398,0.326000,get
17241,0.031399,0.490000,get
17242,0.031399,0.326000,get
17243,0.031399,0.201000,get
17244,0.031400,0.568000,get
17245,0.031401,0.341000,get
17246,0.031403,2.405000,put
17247,0.031404,0.817000,get
17248,0.031405,0.487000,get
17249,0.031407,2.033000,put
17250,0.031408,0.387000,get
17251,0.031409,0.454000,get
17252,0.031409,0.433000,get
17253,0.031410,0.447000,get
17254,0.031411,0.462000,get
17255,0.031411,0.463000,get
17256,0.031412,0.419000,get
17257,0.031412,0.203000,get
17258,0.031413,0.389000,get
17259,0.031416,2.594000,get
17260,0.031416,0.548000,get
17261,0.031417,0.466000,get
17262,0.031417,0.202000,get
17263,0.031418,0.333000,get
17264,0.031420,1.920000,put
17265,0.031420,0.213000,get
17266,0.031421,0.264000,get
17267,0.031421,0.189000,get
17268,0.031422,0.190000,get
17269,0.031422,0.373000,get
17270,0.031426,3.652000,put
17271,0.031427,0.229000,get
17272,0.031427,0.420000,get
17273,0.031428,0.375000,get
17274,0.031430,2.135000,get
17275,0.031431,0.233000,get
17276,0.031431,0.196000,get
17277,0.031432,0.416000,get
17278,0.031432,0.193000,get
17279,0.031433,0.460000,get
17280,0.031434,1.286000,get
17281,0.031435,0.447000,get
17282,0.031435,0.200000,get
17283,0.031436,0.434000,get
17284,0.031438,2.065000,get
17285,0.031440,1.977000,put
17286,0.031441,0.287000,get
17287,0.031442,0.647000,get
17288,0.031442,0.377000,get
17289,0.031443,0.197000,get
17290,0.031445,2.104000,put
17291,0.031446,0.379000,get
17292,0.031446,0.576000,get
17293,0.031449,2.047000,get
17294,0.031451,1.876000,get
17295,0.031451,0.211000,get
17296,0.031452,0.199000,get
17297,0.031452,0.195000,get
17298,0.031454,1.307000,get
17299,0.031457,2.978000,get
17300,0.031457,0.209000,get
17301,0.031463,5.102000,put
17302,0.031463,0.227000,get
17303,0.031463,0.187000,get
17304,0.031464,0.450000,get
17305,0.031464,0.197000,get
17306,0.031465,0.197000,get
17307,0.031465,0.180000,get
17308,0.031467,1.756000,put
17309,0.031468,0.405000,get
17310,0.031468,0.480000,get
17311,0.031469,0.453000,get
17312,0.031470,0.469000,get
17313,0.031472,2.270000,put
17314,0.031473,0.609000,get
17315,0.031474,0.472000,get
17316,0.031474,0.410000,get
17317,0.031475,0.601000,get
17318,0.031475,0.201000,get
17319,0.031476,0.481000,get
17320,0.031477,0.197000,get
17321,0.031477,0.192000,get
17322,0.031477,0.368000,get
17323,0.031480,2.303000,put
17324,0.031483,2.196000,get
17325,0.031488,4.836000,put
17326,0.031490,2.203000,put
17327,0.031491,0.453000,get
17328,0.031491,0.189000,get
17329,0.031494,2.278000,get
17330,0.031494,0.458000,get
17331,0.031495,0.362000,get
17332,0.031497,2.449000,put
17333,0.031499,1.438000,get
17334,0.031500,0.497000,get
17335,0.031503,2.227000,get
17336,0.031503,0.607000,get
17337,0.031504,0.279000,get
17338,0.031506,2.072000,put
17339,0.031507,0.372000,get
17340,0.031507,0.423000,get
17341,0.031508,0.399000,get
17342,0.031513,4.437000,put
17343,0.031513,0.367000,get
17344,0.031514,0.588000,get
17345,0.031517,2.813000,get
17346,0.031518,0.519000,get
17347,0.031518,0.201000,get
17348,0.031519,0.458000,get
17349,0.031519,0.197000,get
17350,0.031520,0.393000,get
17351,0.031522,2.050000,get
17352,0.031522,0.207000,get
17353,0.031523,0.360000,get
17354,0.031524,0.828000,get
17355,0.031525,0.344000,get
17356,0.031527,2.495000,get
17357,0.031528,0.516000,get
17358,0.031531,2.347000,put
17359,0.031531,0.488000,get
17360,0.031532,0.406000,get
17361,0.031533,0.615000,get
17362,0.031533,0.398000,get
17363,0.031534,0.355000,get
17364,0.031534,0.327000,get
17365,0.031537,1.954000,put
17366,0.031537,0.461000,get
17367,0.031538,0.203000,get
17368,0.031538,0.301000,get
17369,0.031540,1.984000,put
17370,0.031542,0.877000,get
17371,0.031542,0.377000,get
17372,0.031543,0.412000,get
17373,0.031543,0.202000,get
17374,0.031544,0.445000,get
17375,0.031544,0.489000,get
17376,0.031547,2.748000,get
17377,0.031548,0.206000,get
17378,0.031548,0.352000,get
17379,0.031549,0.853000,get
17380,0.031550,0.504000,get
17381,0.031551,0.425000,get
17382,0.031551,0.265000,get
17383,0.031552,0.350000,get
17384,0.031556,3.873000,put
17385,0.031556,0.421000,get
17386,0.031557,0.196000,get
17387,0.031558,1.448000,get
17388,0.031559,0.281000,get
17389,0.031559,0.363000,get
17390,0.031560,0.504000,get
17391,0.031562,2.262000,put
17392,0.031563,0.222000,get
17393,0.031565,1.861000,put
17394,0.031565,0.304000,get
17395,0.031566,0.204000,get
17396,0.031566,0.417000,get
17397,0.031567,0.423000,get
17398,0.031568,0.514000,get
17399,0.031568,0.343000,get
17400,0.031569,0.215000,get
17401,0.031569,0.492000,get
17402,0.031571,1.885000,put
17403,0.031573,1.034000,get
17404,0.031573,0.285000,get
17405,0.031575,1.406000,get
17406,0.031576,1.077000,get
17407,0.031577,0.204000,get
17408,0.031577,0.353000,get
17409,0.031579,1.299000,get
17410,0.031580,1.047000,get
17411,0.031583,3.358000,put
17412,0.031584,0.619000,get
17413,0.031586,1.068000,get
17414,0.031586,0.422000,get
17415,0.031587,0.264000,get
17416,0.031587,0.203000,get
17417,0.031589,2.069000,put
17418,0.031590,0.404000,get
17419,0.031591,0.680000,get
17420,0.031591,0.305000,get
17421,0.031593,1.879000,put
17422,0.031594,0.416000,get
17423,0.031596,1.651000,put
17424,0.031596,0.358000,get
17425,0.031597,0.191000,get
17426,0.031597,0.191000,get
17427,0.031598,0.577000,get
17428,0.031598,0.197000,get
17429,0.031599,0.186000,get
17430,0.031603,4.305000,put
17431,0.031606,2.259000,put
17432,0.031606,0.385000,get
17433,0.031607,0.600000,get
17434,0.031608,0.406000,get
17435,0.031608,0.436000,get
17436,0.031609,0.417000,get
17437,0.031610,0.301000,get
17438,0.031610,0.199000,get
17439,0.031613,2.262000,put
17440,0.031615,2.114000,get
17441,0.031615,0.210000,get
17442,0.031616,0.199000,get
17443,0.031616,0.415000,get
17444,0.031620,3.739000,put
17445,0.031622,1.984000,put
17446,0.031623,0.367000,get
17447,0.031624,0.366000,get
17448,0.031624,0.204000,get
17449,0.031624,0.403000,get
17450,0.031625,0.195000,get
17451,0.031625,0.191000,get
17452,0.031626,0.401000,get
17453,0.031627,0.652000,get
17454,0.031627,0.251000,get
17455,0.031627,0.212000,get
17456,0.031628,0.448000,get
17457,0.031629,0.379000,get
17458,0.031631,1.709000,put
17459,0.031631,0.489000,get
17460,0.031632,0.437000,get
17461,0.031633,0.408000,get
17462,0.031635,1.946000,put
17463,0.031636,0.747000,get
17464,0.031640,3.425000,put
17465,0.031642,2.457000,put
17466,0.031645,2.256000,put
17467,0.031645,0.343000,get
17468,0.031646,0.215000,get
17469,0.031646,0.185000,get
17470,0.031649,2.529000,get
17471,0.031651,2.386000,put
17472,0.031657,0.379000,get
17473,0.031658,0.420000,get
17474,0.031658,0.398000,get
17475,0.031659,0.404000,get
17476,0.031660,0.679000,get
17477,0.031661,0.504000,get
17478,0.031661,0.452000,get
17479,0.031666,4.197000,put
17480,0.031666,0.503000,get
17481,0.031670,3.250000,get
17482,0.031671,0.542000,get
17483,0.031673,1.817000,put
17484,0.031674,1.643000,put
17485,0.031675,0.420000,get
17486,0.031677,1.730000,put
17487,0.031678,0.482000,get
17488,0.031678,0.208000,get
17489,0.031679,0.372000,get
17490,0.031679,0.202000,get
17491,0.031680,0.571000,get
17492,0.031680,0.326000,get
17493,0.031683,2.044000,get
17494,0.031685,2.084000,get
17495,0.031686,0.420000,get
17496,0.031686,0.278000,get
17497,0.031687,0.365000,get
17498,0.031687,0.200000,get
17499,0.031691,3.715000,put
17500,0.031692,0.228000,get
17501,0.031692,0.366000,get
17502,0.031695,2.247000,get
17503,0.031695,0.352000,get
17504,0.031696,0.956000,get
17505,0.031698,1.157000,get
17506,0.031700,2.023000,put
17507,0.031700,0.219000,get
17508,0.031701,0.193000,get
17509,0.031701,0.262000,get
17510,0.031702,0.279000,get
17511,0.031703,0.673000,get
17512,0.031703,0.338000,get
17513,0.031704,0.517000,get
17514,0.031704,0.387000,get
17515,0.031705,0.392000,get
17516,0.031707,1.947000,put
17517,0.031709,1.731000,put
17518,0.031710,0.388000,get
17519,0.031710,0.364000,get
17520,0.031711,0.498000,get
17521,0.031717,5.502000,put
17522,0.031720,2.630000,get
17523,0.031720,0.424000,get
17524,0.031721,0.278000,get
17525,0.031721,0.443000,get
17526,0.031722,0.629000,get
17527,0.031723,0.567000,get
17528,0.031723,0.415000,get
17529,0.031726,2.011000,put
17530,0.031728,1.738000,put
17531,0.031728,0.202000,get
17532,0.031728,0.188000,get
17533,0.031730,1.198000,get
17534,0.031732,1.867000,put
17535,0.031733,0.540000,get
17536,0.031733,0.341000,get
17537,0.031737,3.047000,get
17538,0.031738,0.930000,get
17539,0.031738,0.306000,get
17540,0.031739,0.196000,get
17541,0.031739,0.488000,get
17542,0.031740,0.897000,get
17543,0.031741,0.294000,get
17544,0.031742,0.926000,get
17545,0.031742,0.204000,get
17546,0.031743,0.393000,get
17547,0.031743,0.194000,get
17548,0.031745,0.969000,get
17549,0.031745,0.354000,get
17550,0.031749,3.984000,put
17551,0.031750,0.393000,get
17552,0.031750,0.277000,get
17553,0.031751,0.343000,get
17554,0.031751,0.313000,get
17555,0.031752,0.442000,get
17556,0.031752,0.206000,get
17557,0.031753,0.460000,get
17558,0.031754,0.433000,get
17559,0.031756,2.120000,put
17560,0.031758,1.772000,put
17561,0.031762,3.619000,put
17562,0.031764,1.935000,put
17563,0.031766,1.318000,get
17564,0.031768,1.654000,get
17565,0.031770,1.778000,put
17566,0.031770,0.433000,get
17567,0.031771,0.284000,get
17568,0.031771,0.197000,get
17569,0.031772,0.471000,get
17570,0.031773,1.121000,get
17571,0.031774,0.389000,get
17572,0.031774,0.378000,get
17573,0.031775,0.355000,get
17574,0.031775,0.342000,get
17575,0.031776,0.403000,get
17576,0.031777,1.199000,get
17577,0.031780,1.985000,put
17578,0.031783,3.658000,put
17579,0.031784,0.220000,get
17580,0.031788,3.867000,get
17581,0.031788,0.205000,get
17582,0.031789,0.362000,get
17583,0.031791,1.981000,put
17584,0.031792,0.529000,get
17585,0.031793,0.494000,get
17586,0.031793,0.408000,get
17587,0.031794,0.214000,get
17588,0.031794,0.373000,get
17589,0.031795,0.269000,get
17590,0.031797,1.963000,get
17591,0.031798,0.363000,get
17592,0.031798,0.212000,get
17593,0.031799,0.446000,get
17594,0.031799,0.211000,get
17595,0.031800,0.431000,get
17596,0.031802,2.157000,put
17597,0.031802,0.345000,get
17598,0.031805,1.912000,put
17599,0.031805,0.212000,get
17600,0.031808,2.615000,get
17601,0.031809,1.210000,get
17602,0.031810,0.477000,get
17603,0.031812,1.525000,get
17604,0.031812,0.270000,get
17605,0.031816,3.518000,put
17606,0.031817,0.602000,get
17607,0.031817,0.199000,get
17608,0.031818,0.295000,get
17609,0.031820,2.562000,get
17610,0.031822,1.056000,get
17611,0.031823,1.398000,get
17612,0.031827,3.410000,get
17613,0.031827,0.208000,get
17614,0.031828,0.434000,get
17615,0.031828,0.192000,get
17616,0.031829,0.582000,get
17617,0.031830,0.556000,get
17618,0.031831,0.294000,get
17619,0.031831,0.191000,get
17620,0.031832,0.495000,get
17621,0.031832,0.210000,get
17622,0.031834,2.055000,put
17623,0.031835,0.372000,get
17624,0.031835,0.378000,get
17625,0.031836,0.430000,get
17626,0.031837,0.361000,get
17627,0.031839,2.119000,get
17628,0.031840,0.336000,get
17629,0.031844,3.978000,get
17630,0.031845,1.025000,get
17631,0.031846,0.373000,get
17632,0.031848,1.793000,put
17633,0.031848,0.214000,get
17634,0.031848,0.189000,get
17635,0.031849,0.517000,get
17636,0.031850,0.548000,get
17637,0.031851,0.469000,get
17638,0.031853,1.895000,put
17639,0.031853,0.218000,get
17640,0.031854,0.360000,get
17641,0.031857,3.636000,put
17642,0.031858,0.224000,get
17643,0.031859,0.670000,get
17644,0.031859,0.481000,get
17645,0.031860,0.376000,get
17646,0.031861,0.339000,get
17647,0.031861,0.351000,get
17648,0.031862,0.425000,get
17649,0.031864,2.174000,put
17650,0.031865,0.221000,get
17651,0.031868,3.213000,get
17652,0.031869,0.375000,get
17653,0.031871,1.952000,put
17654,0.031871,0.430000,get
17655,0.031872,0.343000,get
17656,0.031872,0.384000,get
17657,0.031877,4.167000,get
17658,0.031878,0.475000,get
17659,0.031879,1.064000,get
17660,0.031879,0.203000,get
17661,0.031882,2.195000,put
17662,0.031882,0.206000,get
17663,0.031884,1.966000,get
17664,0.031885,0.407000,get
17665,0.031889,3.536000,put
17666,0.031890,0.356000,get
17667,0.031890,0.446000,get
17668,0.031891,0.369000,get
17669,0.031892,0.576000,get
17670,0.031892,0.391000,get
17671,0.031895,3.131000,get
17672,0.031898,1.865000,put
17673,0.031898,0.396000,get
17674,0.031899,0.355000,get
17675,0.031899,0.430000,get
17676,0.031900,0.355000,get
17677,0.031901,0.459000,get
17678,0.031901,0.603000,get
17679,0.031902,0.398000,get
17680,0.031903,0.414000,get
17681,0.031907,4.101000,get
17682,0.031907,0.214000,get
17683,0.031908,0.403000,get
17684,0.031909,0.341000,get
17685,0.031910,1.309000,get
17686,0.031912,1.365000,get
17687,0.031914,2.335000,put
17688,0.031917,2.035000,put
17689,0.031917,0.385000,get
17690,0.031918,0.646000,get
17691,0.031918,0.203000,get
17692,0.031919,0.491000,get
17693,0.031920,0.466000,get
17694,0.031920,0.199000,get
17695,0.031921,0.362000,get
17696,0.031921,0.197000,get
17697,0.031925,3.795000,put
17698,0.031927,1.724000,get
17699,0.031928,0.842000,get
17700,0.031929,0.436000,get
17701,0.031930,0.466000,get
17702,0.031932,1.948000,put
17703,0.031935,3.111000,get
17704,0.031938,2.437000,get
17705,0.031938,0.213000,get
17706,0.031939,0.374000,get
17707,0.031941,1.585000,get
17708,0.031941,0.438000,get
17709,0.031942,0.197000,get
17710,0.031942,0.195000,get
17711,0.031944,2.033000,put
17712,0.031945,0.217000,get
17713,0.031945,0.276000,get
17714,0.031948,2.901000,get
17715,0.031951,2.216000,put
17716,0.031951,0.284000,get
17717,0.031954,2.366000,get
17718,0.031955,0.369000,get
17719,0.031955,0.437000,get
17720,0.031959,3.528000,put
17721,0.031961,1.723000,put
17722,0.031964,2.531000,get
17723,0.031967,2.598000,get
17724,0.031967,0.209000,get
17725,0.031968,0.418000,get
17726,0.031970,2.354000,get
17727,0.031971,0.384000,get
17728,0.031973,2.025000,put
17729,0.031974,0.496000,get
17730,0.031974,0.344000,get
17731,0.031975,0.469000,get
17732,0.031980,5.126000,put
17733,0.031981,0.626000,get
17734,0.031982,0.424000,get
17735,0.031982,0.398000,get
17736,0.031983,0.613000,get
17737,0.031984,0.486000,get
17738,0.031988,3.364000,get
17739,0.031988,0.218000,get
17740,0.031988,0.367000,get
17741,0.031991,2.061000,put
17742,0.031991,0.372000,get
17743,0.031994,2.554000,get
17744,0.031995,0.563000,get
17745,0.031997,1.956000,put
17746,0.031998,0.379000,get
17747,0.031998,0.496000,get
17748,0.031999,0.200000,get
17749,0.031999,0.332000,get
17750,0.032003,3.166000,get
17751,0.032005,2.201000,put
17752,0.032006,0.374000,get
17753,0.032006,0.338000,get
17754,0.032007,0.558000,get
17755,0.032008,0.197000,get
17756,0.032008,0.192000,get
17757,0.032012,4.269000,put
17758,0.032013,0.484000,get
17759,0.032014,0.549000,get
17760,0.032014,0.334000,get
17761,0.032017,2.200000,put
17762,0.032018,0.527000,get
17763,0.032018,0.461000,get
17764,0.032019,0.647000,get
17765,0.032021,1.327000,get
17766,0.032021,0.513000,get
17767,0.032023,1.721000,put
17768,0.032024,0.527000,get
17769,0.032025,0.426000,get
17770,0.032025,0.410000,get
17771,0.032026,0.398000,get
17772,0.032027,0.627000,get
17773,0.032028,0.516000,get
17774,0.032028,0.197000,get
17775,0.032029,0.506000,get
17776,0.032031,1.745000,get
17777,0.032033,1.917000,put
17778,0.032033,0.432000,get
17779,0.032034,0.387000,get
17780,0.032035,1.014000,get
17781,0.032039,3.689000,put
17782,0.032040,0.382000,get
17783,0.032042,1.776000,put
17784,0.032047,0.391000,get
17785,0.032048,0.370000,get
17786,0.032048,0.360000,get
17787,0.032049,0.339000,get
17788,0.032051,1.850000,put
17789,0.032054,2.310000,get
17790,0.032054,0.207000,get
17791,0.032055,0.339000,get
17792,0.032057,2.174000,put
17793,0.032058,0.390000,get
17794,0.032058,0.345000,get
17795,0.032059,0.199000,get
17796,0.032059,0.194000,get
17797,0.032063,3.610000,put
17798,0.032063,0.313000,get
17799,0.032064,0.199000,get
17800,0.032066,1.772000,put
17801,0.032066,0.208000,get
17802,0.032068,1.943000,put
17803,0.032069,0.385000,get
17804,0.032070,1.067000,get
17805,0.032071,0.461000,get
17806,0.032074,2.856000,get
17807,0.032076,1.483000,get
17808,0.032076,0.286000,get
17809,0.032077,0.516000,get
17810,0.032077,0.202000,get
17811,0.032078,0.430000,get
17812,0.032078,0.194000,get
17813,0.032080,1.958000,get
17814,0.032081,0.374000,get
17815,0.032083,1.740000,put
17816,0.032087,3.785000,put
17817,0.032088,0.459000,get
17818,0.032088,0.201000,get
17819,0.032089,0.390000,get
17820,0.032091,2.016000,put
17821,0.032093,1.761000,put
17822,0.032093,0.201000,get
17823,0.032094,0.490000,get
17824,0.032094,0.373000,get
17825,0.032095,0.376000,get
17826,0.032098,3.078000,get
17827,0.032099,0.471000,get
17828,0.032102,2.175000,put
17829,0.032102,0.425000,get
17830,0.032103,0.416000,get
17831,0.032103,0.348000,get
17832,0.032104,0.201000,get
17833,0.032108,3.511000,put
17834,0.032108,0.447000,get
17835,0.032110,1.920000,put
17836,0.032111,0.502000,get
17837,0.032111,0.199000,get
17838,0.032112,0.365000,get
17839,0.032113,0.650000,get
17840,0.032115,2.010000,put
17841,0.032116,0.271000,get
17842,0.032120,4.321000,put
17843,0.032121,0.521000,get
17844,0.032121,0.362000,get
17845,0.032122,0.198000,get
17846,0.032124,2.001000,get
17847,0.032125,0.284000,get
17848,0.032143,17.947000,get
17849,0.032145,2.308000,get
17850,0.032146,0.223000,get
17851,0.032147,0.502000,get
17852,0.032147,0.492000,get
17853,0.032148,0.370000,get
17854,0.032150,2.131000,put
17855,0.032151,0.514000,get
17856,0.032151,0.328000,get
17857,0.032152,0.274000,get
17858,0.032152,0.423000,get
17859,0.032153,0.307000,get
17860,0.032155,1.989000,get
17861,0.032156,0.460000,get
17862,0.032157,0.492000,get
17863,0.032157,0.504000,get
17864,0.032158,0.447000,get
17865,0.032158,0.206000,get
17866,0.032159,0.443000,get
17867,0.032160,0.382000,get
17868,0.032160,0.202000,get
17869,0.032162,1.325000,get
17870,0.032164,2.234000,put
17871,0.032165,0.536000,get
17872,0.032165,0.461000,get
17873,0.032166,0.601000,get
17874,0.032167,0.205000,get
17875,0.032167,0.201000,get
17876,0.032168,0.632000,get
17877,0.032170,2.045000,get
17878,0.032171,0.465000,get
17879,0.032171,0.208000,get
17880,0.032174,2.367000,get
17881,0.032176,1.516000,get
17882,0.032176,0.287000,get
17883,0.032177,0.510000,get
17884,0.032178,0.420000,get
17885,0.032178,0.465000,get
17886,0.032179,0.420000,get
17887,0.032179,0.402000,get
17888,0.032180,0.206000,get
17889,0.032180,0.198000,get
17890,0.032181,0.369000,get
17891,0.032181,0.197000,get
17892,0.032182,0.201000,get
17893,0.032184,2.097000,get
17894,0.032187,2.394000,put
17895,0.032187,0.436000,get
17896,0.032191,3.230000,get
17897,0.032191,0.495000,get
17898,0.032195,3.790000,put
17899,0.032198,1.838000,get
17900,0.032198,0.406000,get
17901,0.032199,0.205000,get
17902,0.032200,1.307000,get
17903,0.032201,0.384000,get
17904,0.032201,0.488000,get
17905,0.032202,0.685000,get
17906,0.032203,0.207000,get
17907,0.032204,0.881000,get
17908,0.032204,0.207000,get
17909,0.032206,2.041000,put
17910,0.032207,0.484000,get
17911,0.032209,2.081000,put
17912,0.032212,2.194000,put
17913,0.032212,0.237000,get
17914,0.032213,0.605000,get
17915,0.032214,0.402000,get
17916,0.032215,1.018000,get
17917,0.032219,3.988000,put
17918,0.032220,0.407000,get
17919,0.032220,0.204000,get
17920,0.032221,0.281000,get
17921,0.032221,0.313000,get
17922,0.032224,2.816000,get
17923,0.032225,0.510000,get
17924,0.032228,2.262000,put
17925,0.032228,0.433000,get
17926,0.032231,2.030000,get
17927,0.032231,0.377000,get
17928,0.032232,0.487000,get
17929,0.032233,0.631000,get
17930,0.032233,0.467000,get
17931,0.032236,2.092000,put
17932,0.032236,0.369000,get
17933,0.032238,1.859000,put
17934,0.032239,0.446000,get
17935,0.032239,0.373000,get
17936,0.032240,0.468000,get
17937,0.032244,3.719000,put
17938,0.032245,0.495000,get
17939,0.032245,0.377000,get
17940,0.032246,0.463000,get
17941,0.032246,0.220000,get
17942,0.032247,0.676000,get
17943,0.032248,0.210000,get
17944,0.032249,1.426000,get
17945,0.032250,0.367000,get
17946,0.032251,0.458000,get
17947,0.032251,0.426000,get
17948,0.032253,1.710000,get
17949,0.032254,0.517000,get
17950,0.032256,1.834000,put
17951,0.032258,1.978000,put
17952,0.032259,0.232000,get
17953,0.032259,0.214000,get
17954,0.032260,0.519000,get
17955,0.032260,0.205000,get
17956,0.032261,0.473000,get
17957,0.032261,0.381000,get
17958,0.032262,0.582000,get
17959,0.032263,0.438000,get
17960,0.032263,0.215000,get
17961,0.032264,0.286000,get
17962,0.032264,0.357000,get
17963,0.032267,2.586000,get
17964,0.032268,0.426000,get
17965,0.032268,0.334000,get
17966,0.032270,1.326000,get
17967,0.032270,0.290000,get
17968,0.032273,2.437000,get
17969,0.032273,0.221000,get
17970,0.032274,0.206000,get
17971,0.032276,1.976000,put
17972,0.032280,3.626000,put
17973,0.032282,1.882000,put
17974,0.032283,0.307000,get
17975,0.032283,0.362000,get
17976,0.032285,1.963000,get
17977,0.032286,0.623000,get
17978,0.032287,0.316000,get
17979,0.032288,0.725000,get
17980,0.032288,0.437000,get
17981,0.032289,0.259000,get
17982,0.032289,0.353000,get
17983,0.032290,0.266000,get
17984,0.032290,0.462000,get
17985,0.032293,2.171000,put
17986,0.032293,0.389000,get
17987,0.032295,1.873000,put
17988,0.032297,1.441000,get
17989,0.032297,0.229000,get
17990,0.032301,3.403000,put
17991,0.032305,3.374000,get
17992,0.032306,0.454000,get
17993,0.032306,0.372000,get
17994,0.032309,2.069000,get
17995,0.032309,0.393000,get
17996,0.032310,0.368000,get
17997,0.032310,0.473000,get
17998,0.032311,0.203000,get
17999,0.032311,0.266000,get
18000,0.032312,0.207000,get
18001,0.032312,0.203000,get
18002,0.032315,2.451000,get
18003,0.032315,0.504000,get
18004,0.032318,1.872000,put
18005,0.032318,0.363000,get
18006,0.032319,0.413000,get
18007,0.032319,0.407000,get
18008,0.032320,0.450000,get
18009,0.032321,0.952000,get
18010,0.032323,1.040000,get
18011,0.032323,0.490000,get
18012,0.032325,1.934000,get
18013,0.032326,0.213000,get
18014,0.032327,0.515000,get
18015,0.032327,0.458000,get
18016,0.032328,0.459000,get
18017,0.032329,0.438000,get
18018,0.032329,0.203000,get
18019,0.032329,0.207000,get
18020,0.032330,0.405000,get
18021,0.032330,0.338000,get
18022,0.032331,0.416000,get
18023,0.032332,0.447000,get
18024,0.032332,0.202000,get
18025,0.032335,3.016000,get
18026,0.032336,0.475000,get
18027,0.032337,0.407000,get
18028,0.032337,0.250000,get
18029,0.032338,0.573000,get
18030,0.032340,2.358000,put
18031,0.032341,0.394000,get
18032,0.032342,0.361000,get
18033,0.032342,0.365000,get
18034,0.032346,4.042000,put
18035,0.032347,0.416000,get
18036,0.032348,0.486000,get
18037,0.032349,0.440000,get
18038,0.032349,0.439000,get
18039,0.032350,0.372000,get
18040,0.032350,0.417000,get
18041,0.032351,0.208000,get
18042,0.032351,0.451000,get
18043,0.032354,2.026000,put
18044,0.032356,2.073000,put
18045,0.032357,0.467000,get
18046,0.032360,2.820000,get
18047,0.032362,2.168000,put
18048,0.032365,2.883000,get
18049,0.032367,1.108000,get
18050,0.032367,0.384000,get
18051,0.032368,0.264000,get
18052,0.032368,0.477000,get
18053,0.032372,3.941000,put
18054,0.032373,0.481000,get
18055,0.032375,1.814000,put
18056,0.032377,2.006000,put
18057,0.032380,1.882000,put
18058,0.032380,0.491000,get
18059,0.032383,2.699000,get
18060,0.032387,3.545000,put
18061,0.032388,0.227000,get
18062,0.032388,0.395000,get
18063,0.032389,0.351000,get
18064,0.032389,0.198000,get
18065,0.032390,0.344000,get
18066,0.032391,1.171000,get
18067,0.032391,0.360000,get
18068,0.032392,0.425000,get
18069,0.032394,2.073000,put
18070,0.032397,1.990000,put
18071,0.032397,0.225000,get
18072,0.032397,0.195000,get
18073,0.032398,0.648000,get
18074,0.032401,2.447000,put
18075,0.032401,0.217000,get
18076,0.032402,0.195000,get
18077,0.032402,0.367000,get
18078,0.032403,0.202000,get
18079,0.032407,3.803000,get
18080,0.032407,0.374000,get
18081,0.032408,0.437000,get
18082,0.032408,0.201000,get
18083,0.032409,0.386000,get
18084,0.032413,3.563000,put
18085,0.032415,2.085000,put
18086,0.032416,0.532000,get
18087,0.032416,0.222000,get
18088,0.032417,0.481000,get
18089,0.032417,0.314000,get
18090,0.032418,0.250000,get
18091,0.032418,0.196000,get
18092,0.032419,0.402000,get
18093,0.032421,2.018000,put
18094,0.032422,0.213000,get
18095,0.032422,0.341000,get
18096,0.032428,0.215000,get
18097,0.032428,0.199000,get
18098,0.032430,1.949000,put
18099,0.032431,0.261000,get
18100,0.032435,3.559000,put
18101,0.032435,0.527000,get
18102,0.032438,1.901000,put
18103,0.032438,0.511000,get
18104,0.032439,0.470000,get
18105,0.032439,0.197000,get
18106,0.032440,0.515000,get
18107,0.032442,1.902000,put
18108,0.032443,0.216000,get
18109,0.032443,0.442000,get
18110,0.032444,0.857000,get
18111,0.032445,0.200000,get
18112,0.032445,0.379000,get
18113,0.032446,0.417000,get
18114,0.032446,0.362000,get
18115,0.032449,2.131000,put
18116,0.032449,0.443000,get
18117,0.032450,0.363000,get
18118,0.032451,0.430000,get
18119,0.032451,0.676000,get
18120,0.032452,0.360000,get
18121,0.032452,0.256000,get
18122,0.032453,0.202000,get
18123,0.032453,0.365000,get
18124,0.032466,12.658000,put
18125,0.032468,1.910000,put
18126,0.032471,1.985000,put
18127,0.032472,1.109000,get
18128,0.032473,0.657000,get
18129,0.032473,0.211000,get
18130,0.032474,0.881000,get
18131,0.032476,1.810000,put
18132,0.032478,1.787000,get
18133,0.032479,0.437000,get
18134,0.032480,0.888000,get
18135,0.032483,2.945000,get
18136,0.032484,0.211000,get
18137,0.032484,0.412000,get
18138,0.032488,3.612000,put
18139,0.032491,2.121000,put
18140,0.032493,1.927000,put
18141,0.032493,0.216000,get
18142,0.032494,0.197000,get
18143,0.032494,0.509000,get
18144,0.032495,0.478000,get
18145,0.032495,0.271000,get
18146,0.032500,4.165000,put
18147,0.032500,0.488000,get
18148,0.032501,0.357000,get
18149,0.032502,0.528000,get
18150,0.032502,0.435000,get
18151,0.032503,0.497000,get
18152,0.032505,2.069000,put
18153,0.032506,0.406000,get
18154,0.032508,1.845000,put
18155,0.032509,0.245000,get
18156,0.032509,0.586000,get
18157,0.032510,0.448000,get
18158,0.032512,2.033000,put
18159,0.032513,0.407000,get
18160,0.032515,2.023000,get
18161,0.032516,0.225000,get
18162,0.032520,3.823000,put
18163,0.032521,1.395000,get
18164,0.032522,0.413000,get
18165,0.032523,0.678000,get
18166,0.032525,1.567000,get
18167,0.032527,2.018000,put
18168,0.032527,0.422000,get
18169,0.032528,0.445000,get
18170,0.032529,0.410000,get
18171,0.032529,0.352000,get
18172,0.032530,0.815000,get
18173,0.032533,2.398000,get
18174,0.032535,2.202000,get
18175,0.032536,0.224000,get
18176,0.032536,0.206000,get
18177,0.032537,0.398000,get
18178,0.032540,2.359000,put
18179,0.032540,0.580000,get
18180,0.032541,0.559000,get
18181,0.032542,0.211000,get
18182,0.032544,2.336000,put
18183,0.032545,0.464000,get
18184,0.032548,2.787000,get
18185,0.032548,0.437000,get
18186,0.032549,0.213000,get
18187,0.032549,0.204000,get
18188,0.032550,0.495000,get
18189,0.032550,0.338000,get
18190,0.032553,2.594000,get
18191,0.032559,4.964000,put
18192,0.032561,1.923000,put
18193,0.032561,0.228000,get
18194,0.032562,0.479000,get
18195,0.032562,0.334000,get
18196,0.032563,0.383000,get
18197,0.032565,1.828000,put
18198,0.032566,0.402000,get
18199,0.032566,0.378000,get
18200,0.032570,3.580000,get
18201,0.032571,0.454000,get
18202,0.032571,0.443000,get
18203,0.032572,0.385000,get
18204,0.032574,1.987000,put
18205,0.032579,4.307000,put
18206,0.032579,0.238000,get
18207,0.032580,0.376000,get
18208,0.032580,0.390000,get
18209,0.032583,1.938000,get
18210,0.032583,0.219000,get
18211,0.032584,0.379000,get
18212,0.032585,0.790000,get
18213,0.032585,0.370000,get
18214,0.032587,1.974000,put
18215,0.032590,2.090000,put
18216,0.032590,0.500000,get
18217,0.032591,0.500000,get
18218,0.032593,1.950000,put
18219,0.032594,0.525000,get
18220,0.032594,0.207000,get
18221,0.032595,0.688000,get
18222,0.032596,0.211000,get
18223,0.032596,0.421000,get
18224,0.032597,0.207000,get
18225,0.032597,0.202000,get
18226,0.032598,0.424000,get
18227,0.032602,4.188000,put
18228,0.032604,2.005000,put
18229,0.032605,0.443000,get
18230,0.032606,0.254000,get
18231,0.032606,0.414000,get
18232,0.032607,0.204000,get
18233,0.032607,0.411000,get
18234,0.032608,0.475000,get
18235,0.032608,0.390000,get
18236,0.032611,1.908000,put
18237,0.032613,1.815000,put
18238,0.032616,3.150000,get
18239,0.032618,1.394000,get
18240,0.032618,0.425000,get
18241,0.032619,0.400000,get
18242,0.032619,0.367000,get
18243,0.032620,0.201000,get
18244,0.032620,0.196000,get
18245,0.032623,2.464000,get
18246,0.032627,3.784000,put
18247,0.032628,0.468000,get
18248,0.032628,0.571000,get
18249,0.032629,0.739000,get
18250,0.032630,0.474000,get
18251,0.032633,2.162000,put
18252,0.032633,0.406000,get
18253,0.032634,0.470000,get
18254,0.032634,0.264000,get
18255,0.032635,0.456000,get
18256,0.032635,0.206000,get
18257,0.032636,0.198000,get
18258,0.032636,0.390000,get
18259,0.032637,0.354000,get
18260,0.032638,0.418000,get
18261,0.032638,0.265000,get
18262,0.032638,0.220000,get
18263,0.032639,0.339000,get
18264,0.032639,0.199000,get
18265,0.032640,0.453000,get
18266,0.032643,2.910000,get
18267,0.032646,2.270000,put
18268,0.032646,0.431000,get
18269,0.032647,0.430000,get
18270,0.032648,0.402000,get
18271,0.032648,0.393000,get
18272,0.032652,3.659000,put
18273,0.032653,0.505000,get
18274,0.032654,0.469000,get
18275,0.032654,0.632000,get
18276,0.032655,0.460000,get
18277,0.032656,0.440000,get
18278,0.032656,0.420000,get
18279,0.032659,1.939000,put
18280,0.032659,0.485000,get
18281,0.032660,0.647000,get
18282,0.032662,1.853000,put
18283,0.032663,0.226000,get
18284,0.032663,0.516000,get
18285,0.032664,0.422000,get
18286,0.032664,0.202000,get
18287,0.032665,0.464000,get
18288,0.032666,0.402000,get
18289,0.032666,0.401000,get
18290,0.032668,1.916000,put
18291,0.032669,0.222000,get
18292,0.032669,0.391000,get
18293,0.032670,0.196000,get
18294,0.032670,0.195000,get
18295,0.032673,2.579000,get
18296,0.032677,3.805000,put
18297,0.032678,0.238000,get
18298,0.032678,0.277000,get
18299,0.032679,0.551000,get
18300,0.032679,0.265000,get
18301,0.032680,0.481000,get
18302,0.032681,0.285000,get
18303,0.032683,1.849000,put
18304,0.032683,0.398000,get
18305,0.032684,0.276000,get
18306,0.032686,1.861000,put
18307,0.032687,1.009000,get
18308,0.032687,0.206000,get
18309,0.032690,2.411000,put
18310,0.032691,0.423000,get
18311,0.032691,0.427000,get
18312,0.032692,0.389000,get
18313,0.032695,2.686000,get
18314,0.032695,0.375000,get
18315,0.032696,0.210000,get
18316,0.032698,2.418000,get
18317,0.032702,3.655000,put
18318,0.032703,0.426000,get
18319,0.032704,0.485000,get
18320,0.032704,0.497000,get
18321,0.032705,0.203000,get
18322,0.032705,0.378000,get
18323,0.032706,0.203000,get
18324,0.032706,0.323000,get
18325,0.032707,0.399000,get
18326,0.032709,2.116000,put
18327,0.032710,0.218000,get
18328,0.032710,0.193000,get
18329,0.032710,0.341000,get
18330,0.032711,0.494000,get
18331,0.032712,0.422000,get
18332,0.032712,0.461000,get
18333,0.032713,0.306000,get
18334,0.032714,1.102000,get
18335,0.032715,0.277000,get
18336,0.032717,1.760000,put
18337,0.032717,0.413000,get
18338,0.032718,0.453000,get
18339,0.032719,0.365000,get
18340,0.032719,0.482000,get
18341,0.032720,0.418000,get
18342,0.032720,0.222000,get
18343,0.032721,0.194000,get
18344,0.032723,1.957000,put
18345,0.032723,0.467000,get
18346,0.032724,0.325000,get
18347,0.032728,3.279000,put
18348,0.032728,0.506000,get
18349,0.032729,0.437000,get
18350,0.032732,2.805000,get
18351,0.032732,0.213000,get
18352,0.032733,0.477000,get
18353,0.032735,1.809000,put
18354,0.032737,1.783000,put
18355,0.032737,0.215000,get
18356,0.032738,0.478000,get
18357,0.032739,0.407000,get
18358,0.032740,1.099000,get
18359,0.032740,0.205000,get
18360,0.032741,0.372000,get
18361,0.032741,0.200000,get
18362,0.032744,2.086000,put
18363,0.032744,0.223000,get
18364,0.032745,0.436000,get
18365,0.032745,0.385000,get
18366,0.032746,0.236000,get
18367,0.032746,0.402000,get
18368,0.032747,0.270000,get
18369,0.032747,0.414000,get
18370,0.032748,0.470000,get
18371,0.032748,0.207000,get
18372,0.032753,3.893000,put
18373,0.032755,2.245000,get
18374,0.032756,0.401000,get
18375,0.032756,0.442000,get
18376,0.032757,0.473000,get
18377,0.032758,0.449000,get
18378,0.032758,0.457000,get
18379,0.032759,0.436000,get
18380,0.032759,0.206000,get
18381,0.032760,0.361000,get
18382,0.032760,0.212000,get
18383,0.032763,2.035000,put
18384,0.032763,0.401000,get
18385,0.032765,1.883000,put
18386,0.032767,1.730000,put
18387,0.032771,3.405000,put
18388,0.032773,1.809000,put
18389,0.032775,1.977000,put
18390,0.032775,0.243000,get
18391,0.032776,0.197000,get
18392,0.032776,0.453000,get
18393,0.032780,3.712000,put
18394,0.032781,0.234000,get
18395,0.032782,0.675000,get
18396,0.032782,0.389000,get
18397,0.032783,0.208000,get
18398,0.032783,0.473000,get
18399,0.032787,3.208000,get
18400,0.032787,0.398000,get
18401,0.032788,0.458000,get
18402,0.032789,0.474000,get
18403,0.032789,0.269000,get
18404,0.032790,0.472000,get
18405,0.032790,0.260000,get
18406,0.032791,0.394000,get
18407,0.032795,3.610000,get
18408,0.032801,0.397000,get
18409,0.032801,0.296000,get
18410,0.032803,1.855000,get
18411,0.032806,2.188000,put
18412,0.032806,0.224000,get
18413,0.032807,0.410000,get
18414,0.032807,0.395000,get
18415,0.032808,0.696000,get
18416,0.032810,1.795000,put
18417,0.032812,1.959000,put
18418,0.032813,0.410000,get
18419,0.032814,0.447000,get
18420,0.032815,1.090000,get
18421,0.032815,0.219000,get
18422,0.032816,0.277000,get
18423,0.032816,0.298000,get
18424,0.032817,0.213000,get
18425,0.032817,0.287000,get
18426,0.032819,1.688000,get
18427,0.032820,0.455000,get
18428,0.032820,0.213000,get
18429,0.032821,0.207000,get
18430,0.032821,0.372000,get
18431,0.032824,2.867000,get
18432,0.032825,0.510000,get
18433,0.032825,0.219000,get
18434,0.032826,0.203000,get
18435,0.032826,0.392000,get
18436,0.032830,3.022000,get
18437,0.032833,2.545000,get
18438,0.032833,0.375000,get
18439,0.032834,0.272000,get
18440,0.032838,4.161000,put
18441,0.032842,3.855000,get
18442,0.032845,2.390000,put
18443,0.032845,0.233000,get
18444,0.032847,1.830000,get
18445,0.032848,0.222000,get
18446,0.032850,2.187000,put
18447,0.032851,0.447000,get
18448,0.032852,0.453000,get
18449,0.032852,0.329000,get
18450,0.032853,0.401000,get
18451,0.032854,1.550000,get
18452,0.032855,0.242000,get
18453,0.032857,2.152000,get
18454,0.032858,0.367000,get
18455,0.032860,2.251000,put
18456,0.032861,0.455000,get
18457,0.032862,0.366000,get
18458,0.032866,4.460000,put
18459,0.032867,0.244000,get
18460,0.032867,0.356000,get
18461,0.032868,0.352000,get
18462,0.032869,0.850000,get
18463,0.032870,0.496000,get
18464,0.032870,0.503000,get
18465,0.032871,0.411000,get
18466,0.032872,0.410000,get
18467,0.032872,0.458000,get
18468,0.032874,1.979000,put
18469,0.032875,0.385000,get
18470,0.032876,0.463000,get
18471,0.032876,0.476000,get
18472,0.032878,0.953000,get
18473,0.032880,1.954000,put
18474,0.032881,0.531000,get
18475,0.032883,1.816000,put
18476,0.032883,0.547000,get
18477,0.032884,0.459000,get
18478,0.032885,0.429000,get
18479,0.032885,0.376000,get
18480,0.032886,0.207000,get
18481,0.032890,4.478000,put
18482,0.032891,0.229000,get
18483,0.032893,2.043000,get
18484,0.032894,0.376000,get
18485,0.032894,0.432000,get
18486,0.032895,0.357000,get
18487,0.032897,2.286000,get
18488,0.032900,2.059000,put
18489,0.032900,0.317000,get
18490,0.032903,2.186000,put
18491,0.032903,0.446000,get
18492,0.032904,0.213000,get
18493,0.032905,1.071000,get
18494,0.032907,1.682000,get
18495,0.032907,0.387000,get
18496,0.032908,0.666000,get
18497,0.032909,0.418000,get
18498,0.032910,0.515000,get
18499,0.032911,0.680000,get
18500,0.032911,0.485000,get
18501,0.032913,1.230000,get
18502,0.032913,0.372000,get
18503,0.032914,0.273000,get
18504,0.032914,0.227000,get
18505,0.032915,0.427000,get
18506,0.032917,2.108000,get
18507,0.032920,2.298000,put
18508,0.032920,0.222000,get
18509,0.032921,0.195000,get
18510,0.032924,3.198000,get
18511,0.032925,0.439000,get
18512,0.032929,3.983000,put
18513,0.032930,0.319000,get
18514,0.032930,0.494000,get
18515,0.032931,0.367000,get
18516,0.032932,0.517000,get
18517,0.032934,1.731000,get
18518,0.032934,0.209000,get
18519,0.032936,2.212000,put
18520,0.032940,3.452000,get
18521,0.032941,0.216000,get
18522,0.032944,2.930000,get
18523,0.032944,0.397000,get
18524,0.032945,0.206000,get
18525,0.032945,0.201000,get
18526,0.032946,0.341000,get
18527,0.032946,0.354000,get
18528,0.032947,0.201000,get
18529,0.032947,0.398000,get
18530,0.032948,0.271000,get
18531,0.032948,0.287000,get
18532,0.032949,0.545000,get
18533,0.032951,2.047000,get
18534,0.032953,1.790000,put
18535,0.032954,0.518000,get
18536,0.032954,0.198000,get
18537,0.032955,0.444000,get
18538,0.032956,0.329000,get
18539,0.032956,0.482000,get
18540,0.032957,0.440000,get
18541,0.032959,2.104000,put
18542,0.032960,0.401000,get
18543,0.032960,0.212000,get
18544,0.032964,3.268000,get
18545,0.032965,0.412000,get
18546,0.032965,0.255000,get
18547,0.032966,0.407000,get
18548,0.032967,0.667000,get
18549,0.032967,0.213000,get
18550,0.032968,0.527000,get
18551,0.032968,0.489000,get
18552,0.032973,4.347000,put
18553,0.032974,0.484000,get
18554,0.032976,1.910000,put
18555,0.032976,0.227000,get
18556,0.032977,0.431000,get
18557,0.032979,2.038000,get
18558,0.032980,0.313000,get
18559,0.032980,0.373000,get
18560,0.032981,0.212000,get
18561,0.032981,0.363000,get
18562,0.032982,0.281000,get
18563,0.032982,0.506000,get
18564,0.032983,0.413000,get
18565,0.032983,0.204000,get
18566,0.032984,0.203000,get
18567,0.032984,0.346000,get
18568,0.032986,1.858000,put
18569,0.032990,2.834000,get
18570,0.032990,0.606000,get
18571,0.032991,0.485000,get
18572,0.032992,0.346000,get
18573,0.032992,0.520000,get
18574,0.032993,0.497000,get
18575,0.032994,0.319000,get
18576,0.032994,0.209000,get
18577,0.032994,0.375000,get
18578,0.032995,0.202000,get
18579,0.032995,0.350000,get
18580,0.032997,1.327000,get
18581,0.032999,2.051000,put
18582,0.033003,3.580000,put
18583,0.033004,0.482000,get
18584,0.033006,1.806000,put
18585,0.033006,0.452000,get
18586,0.033007,0.384000,get
18587,0.033008,0.352000,get
18588,0.033009,1.037000,get
18589,0.033009,0.205000,get
18590,0.033011,2.075000,put
18591,0.033013,1.634000,get
18592,0.033014,0.442000,get
18593,0.033018,3.572000,put
18594,0.033019,0.610000,get
18595,0.033019,0.389000,get
18596,0.033020,0.423000,get
18597,0.033022,2.248000,put
18598,0.033023,0.356000,get
18599,0.033025,1.959000,put
18600,0.033026,0.419000,get
18601,0.033026,0.209000,get
18602,0.033027,0.336000,get
18603,0.033027,0.354000,get
18604,0.033028,0.202000,get
18605,0.033028,0.200000,get
18606,0.033028,0.199000,get
18607,0.033029,0.645000,get
18608,0.033029,0.199000,get
18609,0.033030,0.259000,get
18610,0.033031,0.471000,get
18611,0.033031,0.223000,get
18612,0.033032,0.464000,get
18613,0.033032,0.410000,get
18614,0.033034,1.772000,put
18615,0.033038,4.041000,put
18616,0.033039,0.243000,get
18617,0.033039,0.307000,get
18618,0.033042,2.178000,put
18619,0.033044,1.988000,put
18620,0.033045,0.968000,get
18621,0.033048,1.935000,get
18622,0.033048,0.213000,get
18623,0.033048,0.200000,get
18624,0.033049,0.204000,get
18625,0.033049,0.366000,get
18626,0.033050,0.513000,get
18627,0.033052,1.843000,get
18628,0.033053,0.438000,get
18629,0.033055,2.097000,put
18630,0.033056,0.404000,get
18631,0.033056,0.477000,get
18632,0.033057,0.280000,get
18633,0.033057,0.209000,get
18634,0.033061,4.075000,put
18635,0.033062,0.442000,get
18636,0.033063,0.386000,get
18637,0.033063,0.380000,get
18638,0.033064,0.347000,get
18639,0.033065,0.842000,get
18640,0.033067,2.247000,get
18641,0.033070,2.072000,put
18642,0.033070,0.229000,get
18643,0.033071,0.374000,get
18644,0.033073,1.985000,put
18645,0.033073,0.220000,get
18646,0.033074,0.677000,get
18647,0.033075,0.375000,get
18648,0.033075,0.350000,get
18649,0.033077,1.900000,put
18650,0.033081,3.896000,put
18651,0.033082,0.467000,get
18652,0.033084,1.946000,put
18653,0.033087,1.948000,put
18654,0.033087,0.358000,get
18655,0.033088,0.323000,get
18656,0.033088,0.328000,get
18657,0.033088,0.196000,get
18658,0.033091,1.900000,put
18659,0.033091,0.265000,get
18660,0.033092,0.486000,get
18661,0.033092,0.353000,get
18662,0.033093,0.198000,get
18663,0.033093,0.197000,get
18664,0.033093,0.198000,get
18665,0.033094,0.331000,get
18666,0.033098,3.668000,put
18667,0.033100,2.060000,put
18668,0.033101,0.490000,get
18669,0.033101,0.266000,get
18670,0.033102,0.207000,get
18671,0.033102,0.338000,get
18672,0.033105,2.097000,put
18673,0.033107,1.813000,get
18674,0.033107,0.211000,get
18675,0.033108,0.356000,get
18676,0.033108,0.321000,get
18677,0.033109,0.200000,get
18678,0.033110,1.625000,get
18679,0.033111,0.210000,get
18680,0.033112,0.552000,get
18681,0.033113,1.037000,get
18682,0.033114,0.491000,get
18683,0.033114,0.312000,get
18684,0.033114,0.200000,get
18685,0.033115,0.444000,get
18686,0.033117,1.207000,get
18687,0.033117,0.615000,get
18688,0.033119,1.793000,get
18689,0.033120,0.478000,get
18690,0.033120,0.205000,get
18691,0.033121,0.340000,get
18692,0.033121,0.196000,get
18693,0.033122,0.427000,get
18694,0.033123,0.359000,get
18695,0.033123,0.249000,get
18696,0.033125,2.085000,get
18697,0.033140,14.326000,put
18698,0.033140,0.337000,get
18699,0.033141,0.423000,get
18700,0.033145,3.709000,put
18701,0.033147,1.591000,get
18702,0.033148,0.738000,get
18703,0.033148,0.386000,get
18704,0.033149,0.205000,get
18705,0.033149,0.484000,get
18706,0.033150,0.485000,get
18707,0.033151,0.596000,get
18708,0.033153,1.956000,get
18709,0.033155,1.397000,get
18710,0.033157,2.106000,put
18711,0.033158,0.502000,get
18712,0.033159,0.474000,get
18713,0.033163,3.742000,put
18714,0.033167,3.877000,put
18715,0.033170,2.787000,get
18716,0.033172,2.131000,put
18717,0.033173,0.378000,get
18718,0.033174,0.578000,get
18719,0.033175,0.779000,get
18720,0.033186,0.395000,get
18721,0.033187,0.536000,get
18722,0.033187,0.201000,get
18723,0.033191,3.063000,get
18724,0.033193,1.702000,get
18725,0.033193,0.271000,get
18726,0.033194,0.445000,get
18727,0.033195,1.136000,get
18728,0.033196,0.514000,get
18729,0.033197,0.530000,get
18730,0.033200,3.054000,put
18731,0.033200,0.215000,get
18732,0.033201,0.453000,get
18733,0.033201,0.198000,get
18734,0.033204,2.026000,put
18735,0.033206,2.427000,get
18736,0.033207,0.205000,get
18737,0.033207,0.193000,get
18738,0.033208,0.504000,get
18739,0.033208,0.340000,get
18740,0.033209,0.371000,get
18741,0.033211,1.976000,get
18742,0.033212,0.334000,get
18743,0.033212,0.319000,get
18744,0.033233,20.948000,put
18745,0.033236,2.662000,get
18746,0.033237,0.728000,get
18747,0.033238,0.446000,get
18748,0.033238,0.508000,get
18749,0.033239,0.365000,get
18750,0.033240,0.336000,get
18751,0.033240,0.502000,get
18752,0.033243,2.205000,put
18753,0.033243,0.230000,get
18754,0.033244,0.516000,get
18755,0.033244,0.197000,get
18756,0.033245,0.195000,get
18757,0.033248,3.347000,get
18758,0.033249,0.380000,get
18759,0.033250,0.343000,get
18760,0.033250,0.445000,get
18761,0.033252,1.942000,put
18762,0.033253,0.316000,get
18763,0.033254,0.516000,get
18764,0.033272,18.113000,put
18765,0.033272,0.228000,get
18766,0.033277,4.102000,put
18767,0.033277,0.231000,get
18768,0.033279,1.752000,put
18769,0.033280,0.520000,get
18770,0.033282,1.826000,get
18771,0.033283,0.513000,get
18772,0.033283,0.450000,get
18773,0.033284,0.361000,get
18774,0.033287,2.451000,put
18775,0.033288,0.703000,get
18776,0.033288,0.392000,get
18777,0.033289,0.302000,get
18778,0.033289,0.261000,get
18779,0.033290,0.454000,get
18780,0.033290,0.475000,get
18781,0.033293,2.316000,put
18782,0.033294,0.470000,get
18783,0.033296,1.670000,get
18784,0.033296,0.295000,get
18785,0.033297,0.450000,get
18786,0.033297,0.420000,get
18787,0.033302,4.261000,put
18788,0.033303,0.408000,get
18789,0.033305,2.377000,put
18790,0.033308,2.417000,put
18791,0.033308,0.290000,get
18792,0.033309,0.256000,get
18793,0.033309,0.206000,get
18794,0.033312,2.146000,put
18795,0.033312,0.436000,get
18796,0.033313,0.404000,get
18797,0.033313,0.519000,get
18798,0.033314,0.204000,get
18799,0.033314,0.199000,get
18800,0.033319,4.133000,put
18801,0.033320,1.114000,get
18802,0.033322,2.084000,put
18803,0.033323,0.224000,get
18804,0.033323,0.431000,get
18805,0.033327,3.536000,get
18806,0.033328,0.478000,get
18807,0.033328,0.211000,get
18808,0.033329,0.675000,get
18809,0.033330,0.865000,get
18810,0.033331,0.465000,get
18811,0.033331,0.203000,get
18812,0.033334,2.421000,put
18813,0.033337,2.682000,get
18814,0.033339,1.953000,put
18815,0.033340,0.385000,get
18816,0.033340,0.417000,get
18817,0.033344,3.634000,put
18818,0.033346,1.960000,put
18819,0.033347,0.232000,get
18820,0.033349,2.096000,put
18821,0.033350,0.448000,get
18822,0.033350,0.339000,get
18823,0.033352,1.027000,get
18824,0.033352,0.488000,get
18825,0.033353,0.517000,get
18826,0.033353,0.205000,get
18827,0.033356,2.324000,get
18828,0.033360,4.055000,put
18829,0.033361,0.486000,get
18830,0.033363,1.777000,put
18831,0.033365,2.074000,put
18832,0.033368,2.239000,put
18833,0.033368,0.402000,get
18834,0.033369,0.202000,get
18835,0.033369,0.373000,get
18836,0.033370,0.199000,get
18837,0.033370,0.371000,get
18838,0.033376,5.223000,put
18839,0.033376,0.314000,get
18840,0.033377,0.364000,get
18841,0.033379,2.348000,put
18842,0.033382,2.026000,get
18843,0.033382,0.257000,get
18844,0.033383,0.498000,get
18845,0.033385,1.776000,put
18846,0.033387,2.045000,put
18847,0.033391,3.901000,put
18848,0.033392,0.524000,get
18849,0.033392,0.229000,get
18850,0.033393,0.444000,get
18851,0.033397,3.080000,get
18852,0.033397,0.214000,get
18853,0.033398,0.451000,get
18854,0.033400,1.606000,get
18855,0.033400,0.219000,get
18856,0.033400,0.202000,get
18857,0.033403,2.752000,get
18858,0.033404,0.221000,get
18859,0.033404,0.472000,get
18860,0.033405,0.202000,get
18861,0.033405,0.199000,get
18862,0.033409,3.476000,get
18863,0.033410,0.400000,get
18864,0.033410,0.451000,get
18865,0.033414,3.022000,get
18866,0.033414,0.302000,get
18867,0.033415,0.270000,get
18868,0.033415,0.508000,get
18869,0.033418,2.154000,put
18870,0.033418,0.448000,get
18871,0.033419,0.835000,get
18872,0.033420,0.383000,get
18873,0.033420,0.206000,get
18874,0.033421,0.529000,get
18875,0.033422,0.439000,get
18876,0.033422,0.358000,get
18877,0.033423,0.504000,get
18878,0.033423,0.204000,get
18879,0.033426,2.244000,put
18880,0.033427,0.440000,get
18881,0.033427,0.201000,get
18882,0.033430,2.287000,put
18883,0.033430,0.365000,get
18884,0.033430,0.206000,get
18885,0.033434,3.639000,put
18886,0.033435,0.568000,get
18887,0.033437,1.905000,get
18888,0.033438,0.214000,get
18889,0.033440,2.018000,put
18890,0.033442,1.865000,put
18891,0.033444,1.938000,put
18892,0.033445,0.521000,get
18893,0.033446,0.566000,get
18894,0.033446,0.441000,get
18895,0.033447,0.214000,get
18896,0.033447,0.206000,get
18897,0.033449,1.660000,get
18898,0.033450,0.517000,get
18899,0.033450,0.384000,get
18900,0.033451,0.533000,get
18901,0.033452,0.382000,get
18902,0.033454,1.885000,get
18903,0.033454,0.213000,get
18904,0.033458,3.967000,put
18905,0.033459,0.326000,get
18906,0.033459,0.199000,get
18907,0.033462,2.341000,get
18908,0.033464,2.041000,put
18909,0.033465,0.215000,get
18910,0.033468,3.339000,get
18911,0.033469,0.560000,get
18912,0.033471,1.885000,put
18913,0.033473,1.979000,put
18914,0.033474,0.212000,get
18915,0.033478,4.159000,put
18916,0.033480,1.979000,put
18917,0.033481,0.392000,get
18918,0.033482,0.432000,get
18919,0.033484,2.049000,put
18920,0.033485,0.477000,get
18921,0.033485,0.205000,get
18922,0.033486,0.599000,get
18923,0.033486,0.378000,get
18924,0.033487,0.416000,get
18925,0.033487,0.204000,get
18926,0.033490,1.926000,put
18927,0.033490,0.232000,get
18928,0.033492,2.044000,get
18929,0.033493,0.506000,get
18930,0.033494,0.440000,get
18931,0.033495,0.850000,get
18932,0.033499,4.270000,get
18933,0.033504,3.980000,put
18934,0.033504,0.536000,get
18935,0.033505,0.785000,get
18936,0.033506,0.553000,get
18937,0.033508,1.356000,get
18938,0.033509,0.588000,get
18939,0.033509,0.381000,get
18940,0.033512,2.477000,get
18941,0.033513,0.514000,get
18942,0.033516,2.730000,get
18943,0.033516,0.507000,get
18944,0.033517,0.655000,get
18945,0.033520,2.099000,put
18946,0.033520,0.393000,get
18947,0.033521,0.291000,get
18948,0.033522,0.552000,get
18949,0.033522,0.336000,get
18950,0.033524,1.985000,put
18951,0.033525,0.213000,get
18952,0.033529,3.883000,put
18953,0.033529,0.452000,get
18954,0.033530,0.452000,get
18955,0.033532,2.043000,put
18956,0.033533,0.609000,get
18957,0.033534,0.219000,get
18958,0.033534,0.385000,get
18959,0.033536,1.918000,put
18960,0.033537,0.545000,get
18961,0.033539,1.933000,get
18962,0.033541,1.746000,get
18963,0.033542,0.385000,get
18964,0.033542,0.211000,get
18965,0.033543,0.205000,get
18966,0.033543,0.484000,get
18967,0.033544,0.205000,get
18968,0.033546,1.846000,put
18969,0.033549,2.708000,get
18970,0.033551,2.028000,get
18971,0.033552,0.445000,get
18972,0.033554,2.633000,get
18973,0.033559,3.908000,put
18974,0.033559,0.488000,get
18975,0.033560,0.371000,get
18976,0.033561,0.349000,get
18977,0.033561,0.213000,get
18978,0.033563,2.164000,put
18979,0.033564,0.338000,get
18980,0.033566,2.058000,put
18981,0.033568,1.064000,get
18982,0.033568,0.481000,get
18983,0.033569,0.237000,get
18984,0.033569,0.482000,get
18985,0.033570,0.417000,get
18986,0.033572,2.145000,put
18987,0.033574,1.224000,get
18988,0.033574,0.474000,get
18989,0.033577,1.837000,get
18990,0.033577,0.279000,get
18991,0.033581,3.913000,put
18992,0.033584,2.062000,get
18993,0.033584,0.222000,get
18994,0.033586,1.882000,put
18995,0.033588,2.005000,put
18996,0.033589,0.601000,get
18997,0.033590,0.492000,get
18998,0.033591,0.413000,get
18999,0.033593,1.957000,put
19000,0.033597,3.697000,put
19001,0.033599,2.533000,get
19002,0.033602,1.931000,put
19003,0.033602,0.417000,get
19004,0.033603,0.209000,get
19005,0.033603,0.199000,get
19006,0.033604,0.489000,get
19007,0.033605,1.090000,get
19008,0.033605,0.211000,get
19009,0.033608,2.135000,put
19010,0.033608,0.344000,get
19011,0.033609,0.282000,get
19012,0.033609,0.211000,get
19013,0.033610,0.297000,get
19014,0.033612,2.105000,put
19015,0.033616,3.545000,put
19016,0.033616,0.412000,get
19017,0.033619,1.755000,get
19018,0.033619,0.478000,get
19019,0.033621,1.771000,get
19020,0.033624,2.017000,put
19021,0.033626,1.869000,put
19022,0.033626,0.225000,get
19023,0.033627,0.634000,get
19024,0.033629,1.758000,put
19025,0.033630,0.809000,get
19026,0.033632,1.814000,get
19027,0.033636,3.667000,put
19028,0.033639,2.937000,get
19029,0.033640,0.221000,get
19030,0.033640,0.200000,get
19031,0.033641,0.475000,get
19032,0.033646,0.227000,get
19033,0.033647,0.203000,get
19034,0.033647,0.573000,get
19035,0.033650,2.244000,put
19036,0.033652,1.813000,put
19037,0.033653,0.432000,get
19038,0.033653,0.440000,get
19039,0.033654,0.201000,get
19040,0.033654,0.408000,get
19041,0.033655,0.505000,get
19042,0.033656,0.438000,get
19043,0.033656,0.224000,get
19044,0.033660,3.705000,put
19045,0.033662,2.118000,put
19046,0.033663,0.405000,get
19047,0.033663,0.210000,get
19048,0.033664,0.420000,get
19049,0.033664,0.203000,get
19050,0.033667,2.107000,put
19051,0.033667,0.417000,get
19052,0.033668,0.275000,get
19053,0.033669,0.548000,get
19054,0.033669,0.386000,get
19055,0.033670,0.385000,get
19056,0.033673,3.190000,get
19057,0.033674,0.214000,get
19058,0.033676,1.988000,put
19059,0.033676,0.221000,get
19060,0.033682,5.083000,put
19061,0.033684,1.763000,put
19062,0.033685,0.745000,get
19063,0.033685,0.201000,get
19064,0.033686,0.378000,get
19065,0.033688,2.317000,put
19066,0.033689,0.337000,get
19067,0.033689,0.433000,get
19068,0.033690,0.377000,get
19069,0.033691,0.408000,get
19070,0.033691,0.211000,get
19071,0.033694,2.371000,put
19072,0.033694,0.524000,get
19073,0.033695,0.209000,get
19074,0.033699,3.754000,put
19075,0.033699,0.296000,get
19076,0.033700,0.348000,get
19077,0.033702,1.897000,put
19078,0.033704,1.818000,put
19079,0.033705,0.726000,get
19080,0.033705,0.470000,get
19081,0.033709,3.123000,get
19082,0.033712,2.750000,get
19083,0.033713,0.665000,get
19084,0.033713,0.211000,get
19085,0.033714,0.378000,get
19086,0.033714,0.200000,get
19087,0.033715,0.563000,get
19088,0.033715,0.354000,get
19089,0.033716,0.471000,get
19090,0.033717,0.338000,get
19091,0.033717,0.206000,get
19092,0.033718,0.456000,get
19093,0.033718,0.368000,get
19094,0.033719,0.554000,get
19095,0.033721,1.825000,get
19096,0.033722,0.655000,get
19097,0.033723,0.361000,get
19098,0.033723,0.207000,get
19099,0.033725,2.216000,get
19100,0.033726,0.380000,get
19101,0.033728,2.223000,put
19102,0.033733,4.548000,put
19103,0.033736,2.907000,get
19104,0.033739,2.158000,put
19105,0.033740,0.533000,get
19106,0.033742,1.870000,put
19107,0.033744,1.836000,put
19108,0.033744,0.439000,get
19109,0.033748,3.892000,put
19110,0.033749,0.393000,get
19111,0.033750,0.209000,get
19112,0.033750,0.333000,get
19113,0.033750,0.216000,get
19114,0.033751,0.463000,get
19115,0.033752,0.575000,get
19116,0.033753,0.380000,get
19117,0.033753,0.201000,get
19118,0.033753,0.353000,get
19119,0.033755,1.079000,get
19120,0.033755,0.439000,get
19121,0.033758,2.170000,put
19122,0.033760,2.156000,put
19123,0.033761,0.385000,get
19124,0.033763,2.271000,get
19125,0.033767,3.632000,get
19126,0.033768,0.219000,get
19127,0.033768,0.205000,get
19128,0.033769,0.514000,get
19129,0.033770,0.633000,get
19130,0.033772,1.787000,get
19131,0.033772,0.297000,get
19132,0.033773,0.209000,get
19133,0.033773,0.202000,get
19134,0.033774,0.373000,get
19135,0.033774,0.199000,get
19136,0.033774,0.204000,get
19137,0.033775,0.206000,get
19138,0.033775,0.471000,get
19139,0.033777,1.856000,put
19140,0.033778,0.563000,get
19141,0.033782,3.355000,put
19142,0.033783,0.524000,get
19143,0.033783,0.433000,get
19144,0.033786,2.039000,get
19145,0.033788,2.537000,get
19146,0.033789,0.485000,get
19147,0.033790,0.515000,get
19148,0.033791,0.483000,get
19149,0.033791,0.539000,get
19150,0.033792,0.655000,get
19151,0.033793,0.335000,get
19152,0.033793,0.466000,get
19153,0.033795,1.496000,get
19154,0.033796,0.489000,get
19155,0.033796,0.505000,get
19156,0.033799,2.235000,put
19157,0.033799,0.353000,get
19158,0.033800,0.470000,get
19159,0.033801,0.214000,get
19160,0.033803,2.224000,get
19161,0.033804,0.472000,get
19162,0.033804,0.209000,get
19163,0.033805,0.367000,get
19164,0.033805,0.353000,get
19165,0.033807,1.886000,put
19166,0.033808,0.482000,get
19167,0.033809,0.355000,get
19168,0.033809,0.403000,get
19169,0.033810,0.353000,get
19170,0.033810,0.203000,get
19171,0.033811,0.200000,get
19172,0.033811,0.449000,get
19173,0.033812,0.376000,get
19174,0.033812,0.199000,get
19175,0.033813,0.361000,get
19176,0.033815,2.505000,get
19177,0.033816,0.290000,get
19178,0.033816,0.357000,get
19179,0.033817,0.204000,get
19180,0.033821,3.746000,put
19181,0.033822,0.477000,get
19182,0.033822,0.205000,get
19183,0.033824,2.156000,put
19184,0.033827,2.025000,get
19185,0.033827,0.499000,get
19186,0.033828,0.203000,get
19187,0.033828,0.524000,get
19188,0.033829,0.432000,get
19189,0.033830,0.657000,get
19190,0.033830,0.406000,get
19191,0.033831,0.201000,get
19192,0.033832,1.013000,get
19193,0.033834,1.223000,get
19194,0.033834,0.470000,get
19195,0.033835,0.480000,get
19196,0.033836,0.460000,get
19197,0.033836,0.481000,get
19198,0.033839,2.064000,put
19199,0.033839,0.218000,get
19200,0.033841,1.917000,put
19201,0.033845,3.402000,put
19202,0.033847,1.822000,put
19203,0.033848,0.468000,get
19204,0.033850,2.061000,put
19205,0.033851,0.466000,get
19206,0.033851,0.215000,get
19207,0.033853,2.000000,put
19208,0.033855,1.010000,get
19209,0.033859,3.905000,put
19210,0.033859,0.236000,get
19211,0.033863,3.451000,get
19212,0.033864,1.121000,get
19213,0.033865,0.215000,get
19214,0.033865,0.462000,get
19215,0.033866,0.222000,get
19216,0.033866,0.504000,get
19217,0.033868,0.996000,get
19218,0.033870,2.188000,put
19219,0.033871,0.359000,get
19220,0.033871,0.211000,get
19221,0.033871,0.209000,get
19222,0.033873,1.699000,get
19223,0.033874,0.544000,get
19224,0.033877,2.339000,put
19225,0.033877,0.484000,get
19226,0.033880,2.507000,get
19227,0.033881,0.583000,get
19228,0.033882,0.397000,get
19229,0.033882,0.215000,get
19230,0.033883,0.771000,get
19231,0.033884,0.579000,get
19232,0.033885,1.238000,get
19233,0.033886,0.214000,get
19234,0.033886,0.549000,get
19235,0.033887,0.825000,get
19236,0.033888,0.206000,get
19237,0.033890,2.047000,put
19238,0.033891,0.225000,get
19239,0.033891,0.459000,get
19240,0.033892,0.350000,get
19241,0.033892,0.492000,get
19242,0.033894,1.038000,get
19243,0.033898,3.757000,put
19244,0.033900,2.071000,put
19245,0.033903,2.778000,get
19246,0.033904,0.382000,get
19247,0.033906,1.871000,get
19248,0.033906,0.362000,get
19249,0.033907,0.498000,get
19250,0.033908,0.347000,get
19251,0.033908,0.469000,get
19252,0.033910,1.958000,put
19253,0.033913,2.028000,put
19254,0.033917,4.013000,put
19255,0.033918,0.497000,get
19256,0.033919,0.674000,get
19257,0.033921,1.909000,get
19258,0.033921,0.217000,get
19259,0.033921,0.210000,get
19260,0.033922,0.424000,get
19261,0.033923,0.680000,get
19262,0.033924,0.430000,get
19263,0.033924,0.356000,get
19264,0.033925,0.213000,get
19265,0.033927,2.009000,put
19266,0.033928,0.506000,get
19267,0.033928,0.661000,get
19268,0.033930,1.793000,put
19269,0.033932,1.863000,get
19270,0.033933,0.485000,get
19271,0.033934,0.589000,get
19272,0.033935,0.438000,get
19273,0.033935,0.374000,get
19274,0.033936,0.543000,get
19275,0.033936,0.363000,get
19276,0.033937,0.314000,get
19277,0.033938,0.446000,get
19278,0.033938,0.354000,get
19279,0.033939,0.207000,get
19280,0.033941,2.151000,put
19281,0.033944,3.314000,put
19282,0.033945,0.423000,get
19283,0.033946,0.573000,get
19284,0.033948,1.852000,put
19285,0.033950,1.957000,put
19286,0.033951,0.217000,get
19287,0.033953,2.076000,get
19288,0.033955,2.148000,put
19289,0.033956,0.621000,get
19290,0.033957,0.489000,get
19291,0.033959,1.823000,get
19292,0.033960,0.375000,get
19293,0.033960,0.476000,get
19294,0.033964,3.495000,put
19295,0.033966,1.360000,get
19296,0.033966,0.483000,get
19297,0.033967,0.431000,get
19298,0.033967,0.374000,get
19299,0.033970,2.088000,put
19300,0.033970,0.471000,get
19301,0.033971,0.209000,get
19302,0.033971,0.196000,get
19303,0.033972,0.466000,get
19304,0.033974,1.991000,put
19305,0.033975,0.395000,get
19306,0.033978,3.575000,put
19307,0.033981,2.242000,put
19308,0.033982,0.457000,get
19309,0.033982,0.206000,get
19310,0.033983,0.938000,get
19311,0.033984,0.202000,get
19312,0.033985,1.403000,get
19313,0.033987,1.628000,get
19314,0.033989,1.864000,put
19315,0.033990,0.484000,get
19316,0.033990,0.203000,get
19317,0.033991,0.202000,get
19318,0.033991,0.361000,get
19319,0.033992,0.781000,get
19320,0.033993,0.343000,get
19321,0.033993,0.479000,get
19322,0.033994,0.412000,get
19323,0.033995,0.371000,get
19324,0.033995,0.434000,get
19325,0.033996,0.388000,get
19326,0.033996,0.413000,get
19327,0.033997,0.203000,get
19328,0.033998,0.637000,get
19329,0.033998,0.329000,get
19330,0.034001,2.302000,put
19331,0.034001,0.366000,get
19332,0.034002,0.542000,get
19333,0.034004,1.220000,get
19334,0.034005,0.650000,get
19335,0.034005,0.499000,get
19336,0.034008,2.106000,get
19337,0.034009,0.919000,get
19338,0.034010,1.283000,get
19339,0.034011,0.338000,get
19340,0.034011,0.211000,get
19341,0.034015,3.772000,put
19342,0.034018,2.177000,get
19343,0.034018,0.554000,get
19344,0.034024,0.474000,get
19345,0.034025,0.309000,get
19346,0.034025,0.355000,get
19347,0.034025,0.205000,get
19348,0.034026,0.480000,get
19349,0.034027,0.481000,get
19350,0.034030,2.830000,get
19351,0.034032,2.250000,get
19352,0.034035,2.153000,put
19353,0.034036,0.861000,get
19354,0.034037,0.461000,get
19355,0.034039,1.801000,put
19356,0.034041,1.905000,put
19357,0.034045,3.549000,put
19358,0.034045,0.543000,get
19359,0.034046,0.486000,get
19360,0.034047,0.343000,get
19361,0.034047,0.353000,get
19362,0.034048,0.388000,get
19363,0.034048,0.452000,get
19364,0.034049,0.405000,get
19365,0.034051,2.049000,put
19366,0.034052,0.345000,get
19367,0.034055,2.462000,get
19368,0.034055,0.472000,get
19369,0.034056,0.412000,get
19370,0.034056,0.204000,get
19371,0.034059,2.414000,get
19372,0.034062,2.717000,get
19373,0.034063,0.524000,get
19374,0.034063,0.206000,get
19375,0.034064,0.349000,get
19376,0.034064,0.199000,get
19377,0.034064,0.197000,get
19378,0.034065,0.457000,get
19379,0.034066,0.379000,get
19380,0.034066,0.368000,get
19381,0.034069,2.661000,get
19382,0.034070,0.592000,get
19383,0.034072,1.985000,put
19384,0.034073,0.518000,get
19385,0.034074,0.392000,get
19386,0.034074,0.442000,get
19387,0.034075,0.764000,get
19388,0.034076,0.585000,get
19389,0.034077,0.438000,get
19390,0.034077,0.478000,get
19391,0.034080,2.033000,put
19392,0.034080,0.387000,get
19393,0.034081,0.435000,get
19394,0.034082,0.388000,get
19395,0.034082,0.478000,get
19396,0.034086,3.825000,put
19397,0.034088,2.002000,put
19398,0.034089,0.500000,get
19399,0.034090,0.423000,get
19400,0.034090,0.361000,get
19401,0.034092,0.871000,get
19402,0.034092,0.373000,get
19403,0.034093,0.382000,get
19404,0.034093,0.412000,get
19405,0.034094,0.501000,get
19406,0.034096,1.646000,get
19407,0.034096,0.215000,get
19408,0.034097,0.563000,get
19409,0.034098,0.460000,get
19410,0.034102,4.188000,get
19411,0.034104,1.170000,get
19412,0.034104,0.516000,get
19413,0.034106,1.919000,put
19414,0.034107,0.206000,get
19415,0.034111,3.522000,get
19416,0.034111,0.219000,get
19417,0.034112,0.341000,get
19418,0.034112,0.452000,get
19419,0.034113,0.436000,get
19420,0.034113,0.386000,get
19421,0.034114,0.661000,get
19422,0.034116,1.838000,put
19423,0.034120,3.056000,get
19424,0.034120,0.329000,get
19425,0.034121,0.303000,get
19426,0.034121,0.465000,get
19427,0.034134,12.513000,put
19428,0.034135,0.422000,get
19429,0.034135,0.199000,get
19430,0.034136,0.673000,get
19431,0.034138,2.079000,put
19432,0.034139,0.311000,get
19433,0.034141,2.015000,put
19434,0.034142,0.398000,get
19435,0.034142,0.419000,get
19436,0.034143,0.432000,get
19437,0.034143,0.278000,get
19438,0.034144,0.215000,get
19439,0.034144,0.216000,get
19440,0.034145,0.321000,get
19441,0.034145,0.264000,get
19442,0.034146,0.204000,get
19443,0.034148,2.211000,put
19444,0.034149,0.530000,get
19445,0.034151,1.569000,get
19446,0.034151,0.214000,get
19447,0.034156,4.585000,put
19448,0.034157,0.522000,get
19449,0.034160,3.042000,get
19450,0.034162,2.117000,put
19451,0.034163,0.228000,get
19452,0.034163,0.374000,get
19453,0.034164,0.206000,get
19454,0.034166,2.032000,put
19455,0.034170,3.946000,put
19456,0.034172,1.977000,get
19457,0.034173,0.438000,get
19458,0.034174,0.514000,get
19459,0.034176,2.130000,get
19460,0.034177,0.421000,get
19461,0.034179,1.787000,put
19462,0.034179,0.405000,get
19463,0.034180,0.410000,get
19464,0.034182,1.774000,put
19465,0.034184,1.900000,put
19466,0.034185,0.223000,get
19467,0.034185,0.551000,get
19468,0.034186,0.480000,get
19469,0.034190,3.927000,put
19470,0.034192,1.935000,put
19471,0.034193,0.397000,get
19472,0.034193,0.201000,get
19473,0.034194,0.431000,get
19474,0.034195,0.326000,get
19475,0.034195,0.387000,get
19476,0.034196,0.489000,get
19477,0.034199,2.366000,put
19478,0.034199,0.408000,get
19479,0.034200,0.343000,get
19480,0.034202,2.005000,put
19481,0.034202,0.225000,get
19482,0.034203,0.604000,get
19483,0.034204,0.580000,get
19484,0.034208,3.622000,put
19485,0.034210,1.944000,put
19486,0.034210,0.381000,get
19487,0.034211,0.340000,get
19488,0.034214,2.679000,get
19489,0.034215,0.835000,get
19490,0.034216,0.385000,get
19491,0.034216,0.323000,get
19492,0.034217,0.205000,get
19493,0.034217,0.207000,get
19494,0.034219,1.912000,put
19495,0.034220,0.381000,get
19496,0.034220,0.200000,get
19497,0.034221,0.449000,get
19498,0.034221,0.502000,get
19499,0.034223,1.531000,get
19500,0.034225,1.469000,get
19501,0.034225,0.211000,get
19502,0.034226,0.197000,get
19503,0.034226,0.198000,get
19504,0.034227,0.506000,get
19505,0.034227,0.363000,get
19506,0.034230,1.994000,put
19507,0.034230,0.512000,get
19508,0.034234,3.918000,put
19509,0.034237,2.065000,put
19510,0.034237,0.253000,get
19511,0.034238,0.386000,get
19512,0.034238,0.346000,get
19513,0.034239,0.356000,get
19514,0.034241,2.054000,get
19515,0.034242,0.381000,get
19516,0.034242,0.206000,get
19517,0.034243,0.493000,get
19518,0.034243,0.359000,get
19519,0.034244,0.294000,get
19520,0.034246,2.149000,get
19521,0.034247,0.746000,get
19522,0.034249,1.888000,get
19523,0.034250,0.322000,get
19524,0.034250,0.210000,get
19525,0.034252,1.487000,get
19526,0.034253,0.491000,get
19527,0.034253,0.293000,get
19528,0.034255,1.997000,put
19529,0.034256,0.457000,get
19530,0.034257,0.490000,get
19531,0.034259,2.043000,put
19532,0.034260,0.302000,get
19533,0.034261,0.988000,get
19534,0.034262,0.532000,get
19535,0.034262,0.524000,get
19536,0.034263,0.282000,get
19537,0.034266,2.813000,get
19538,0.034266,0.283000,get
19539,0.034267,0.209000,get
19540,0.034267,0.368000,get
19541,0.034268,0.202000,get
19542,0.034272,3.633000,put
19543,0.034272,0.231000,get
19544,0.034273,0.432000,get
19545,0.034273,0.197000,get
19546,0.034275,1.139000,get
19547,0.034277,2.112000,put
19548,0.034278,0.448000,get
19549,0.034278,0.208000,get
19550,0.034280,1.901000,put
19551,0.034281,0.232000,get
19552,0.034281,0.199000,get
19553,0.034282,0.857000,get
19554,0.034284,2.018000,put
19555,0.034288,3.856000,put
19556,0.034289,0.424000,get
19557,0.034289,0.273000,get
19558,0.034292,2.116000,get
19559,0.034292,0.369000,get
19560,0.034293,0.206000,get
19561,0.034293,0.204000,get
19562,0.034294,0.571000,get
19563,0.034295,0.354000,get
19564,0.034297,2.376000,get
19565,0.034298,0.501000,get
19566,0.034299,0.416000,get
19567,0.034299,0.203000,get
19568,0.034301,1.615000,get
19569,0.034301,0.211000,get
19570,0.034302,0.446000,get
19571,0.034304,1.942000,put
19572,0.034305,0.391000,get
19573,0.034307,1.992000,get
19574,0.034307,0.233000,get
19575,0.034310,2.170000,put
19576,0.034314,4.074000,put
19577,0.034315,0.381000,get
19578,0.034316,0.678000,get
19579,0.034318,2.069000,put
19580,0.034319,0.414000,get
19581,0.034319,0.371000,get
19582,0.034321,1.914000,put
19583,0.034322,0.438000,get
19584,0.034323,0.433000,get
19585,0.034323,0.669000,get
19586,0.034324,0.275000,get
19587,0.034324,0.207000,get
19588,0.034325,0.575000,get
19589,0.034327,1.903000,put
19590,0.034328,0.464000,get
19591,0.034332,3.865000,put
19592,0.034332,0.251000,get
19593,0.034334,0.929000,get
19594,0.034336,2.176000,put
19595,0.034338,1.998000,get
19596,0.034339,0.203000,get
19597,0.034339,0.404000,get
19598,0.034342,2.043000,put
19599,0.034344,2.106000,get
19600,0.034344,0.216000,get
19601,0.034347,2.406000,get
19602,0.034348,0.582000,get
19603,0.034348,0.207000,get
19604,0.034349,0.904000,get
19605,0.034352,2.265000,put
19606,0.034356,3.658000,put
19607,0.034356,0.390000,get
19608,0.034358,1.828000,put
19609,0.034359,0.483000,get
19610,0.034360,0.378000,get
19611,0.034362,1.879000,put
19612,0.034364,2.081000,put
19613,0.034368,3.466000,put
19614,0.034368,0.507000,get
19615,0.034369,0.377000,get
19616,0.034369,0.197000,get
19617,0.034370,0.199000,get
19618,0.034370,0.429000,get
19619,0.034371,0.353000,get
19620,0.034372,0.431000,get
19621,0.034372,0.203000,get
19622,0.034372,0.200000,get
19623,0.034373,0.411000,get
19624,0.034374,0.368000,get
19625,0.034377,2.958000,get
19626,0.034379,1.960000,put
19627,0.034381,2.018000,get
19628,0.034382,0.435000,get
19629,0.034384,2.284000,get
19630,0.034385,0.445000,get
19631,0.034388,2.183000,put
19632,0.034388,0.535000,get
19633,0.034389,0.403000,get
19634,0.034389,0.279000,get
19635,0.034390,0.412000,get
19636,0.034391,0.334000,get
19637,0.034392,0.949000,get
19638,0.034392,0.419000,get
19639,0.034393,0.201000,get
19640,0.034393,0.196000,get
19641,0.034395,1.903000,put
19642,0.034396,0.210000,get
19643,0.034398,1.735000,get
19644,0.034398,0.212000,get
19645,0.034401,2.764000,get
19646,0.034402,0.493000,get
19647,0.034402,0.398000,get
19648,0.034403,0.402000,get
19649,0.034404,0.511000,get
19650,0.034404,0.205000,get
19651,0.034406,1.359000,get
19652,0.034406,0.429000,get
19653,0.034407,0.200000,get
19654,0.034407,0.490000,get
19655,0.034408,0.373000,get
19656,0.034414,0.322000,get
19657,0.034414,0.207000,get
19658,0.034415,0.196000,get
19659,0.034419,3.933000,get
19660,0.034420,0.888000,get
19661,0.034420,0.314000,get
19662,0.034421,0.482000,get
19663,0.034422,0.370000,get
19664,0.034423,0.993000,get
19665,0.034424,0.500000,get
19666,0.034424,0.209000,get
19667,0.034426,1.503000,get
19668,0.034430,3.619000,put
19669,0.034430,0.475000,get
19670,0.034433,2.220000,get
19671,0.034435,1.941000,put
19672,0.034435,0.249000,get
19673,0.034438,2.035000,put
19674,0.034438,0.288000,get
19675,0.034439,0.203000,get
19676,0.034439,0.496000,get
19677,0.034440,0.522000,get
19678,0.034443,3.084000,get
19679,0.034444,0.341000,get
19680,0.034446,2.022000,put
19681,0.034447,0.226000,get
19682,0.034451,4.313000,put
19683,0.034452,0.768000,get
19684,0.034454,2.108000,put
19685,0.034455,0.232000,get
19686,0.034455,0.319000,get
19687,0.034458,2.150000,put
19688,0.034458,0.326000,get
19689,0.034459,0.201000,get
19690,0.034459,0.404000,get
19691,0.034460,0.193000,get
19692,0.034460,0.512000,get
19693,0.034475,14.299000,put
19694,0.034476,0.265000,get
19695,0.034476,0.509000,get
19696,0.034477,0.198000,get
19697,0.034477,0.191000,get
19698,0.034478,0.378000,get
19699,0.034478,0.193000,get
19700,0.034478,0.186000,get
19701,0.034479,0.189000,get
19702,0.034479,0.341000,get
19703,0.034483,3.625000,put
19704,0.034484,0.520000,get
19705,0.034484,0.217000,get
19706,0.034487,2.605000,get
19707,0.034488,0.367000,get
19708,0.034488,0.200000,get
19709,0.034488,0.197000,get
19710,0.034489,0.461000,get
19711,0.034492,2.316000,get
19712,0.034494,2.341000,put
19713,0.034496,1.720000,put
19714,0.034497,0.207000,get
19715,0.034497,0.182000,get
19716,0.034497,0.381000,get
19717,0.034499,1.814000,get
19718,0.034500,0.670000,get
19719,0.034501,0.205000,get
19720,0.034502,0.994000,get
19721,0.034506,3.344000,get
19722,0.034506,0.497000,get
19723,0.034509,2.740000,get
19724,0.034512,2.523000,get
19725,0.034515,2.833000,get
19726,0.034519,3.810000,put
19727,0.034520,0.356000,get
19728,0.034521,0.369000,get
19729,0.034522,1.032000,get
19730,0.034522,0.369000,get
19731,0.034525,2.111000,put
19732,0.034525,0.227000,get
19733,0.034526,0.421000,get
19734,0.034527,0.488000,get
19735,0.034529,1.758000,put
19736,0.034531,2.028000,put
19737,0.034531,0.219000,get
19738,0.034533,1.362000,get
19739,0.034538,4.648000,put
19740,0.034540,1.868000,put
19741,0.034542,2.066000,put
19742,0.034543,0.430000,get
19743,0.034544,0.788000,get
19744,0.034546,2.047000,get
19745,0.034547,0.485000,get
19746,0.034547,0.372000,get
19747,0.034548,0.582000,get
19748,0.034550,1.963000,put
19749,0.034551,0.270000,get
19750,0.034551,0.205000,get
19751,0.034552,0.194000,get
19752,0.034552,0.362000,get
19753,0.034553,0.263000,get
19754,0.034553,0.475000,get
19755,0.034554,0.421000,get
19756,0.034554,0.355000,get
19757,0.034555,0.294000,get
19758,0.034555,0.327000,get
19759,0.034556,0.323000,get
19760,0.034557,0.481000,get
19761,0.034557,0.363000,get
19762,0.034559,1.873000,get
19763,0.034563,3.789000,put
19764,0.034565,1.996000,put
19765,0.034566,0.229000,get
19766,0.034568,1.761000,get
19767,0.034570,1.932000,put
19768,0.034572,2.101000,put
19769,0.034574,1.440000,get
19770,0.034578,3.469000,put
19771,0.034579,0.521000,get
19772,0.034579,0.480000,get
19773,0.034580,0.205000,get
19774,0.034584,3.677000,get
19775,0.034584,0.483000,get
19776,0.034585,0.205000,get
19777,0.034587,1.960000,put
19778,0.034588,0.762000,get
19779,0.034588,0.308000,get
19780,0.034592,2.953000,get
19781,0.034592,0.212000,get
19782,0.034594,2.047000,put
19783,0.034595,0.221000,get
19784,0.034595,0.198000,get
19785,0.034596,0.366000,get
19786,0.034596,0.491000,get
19787,0.034597,0.347000,get
19788,0.034598,0.456000,get
19789,0.034601,2.826000,get
19790,0.034601,0.416000,get
19791,0.034602,0.438000,get
19792,0.034602,0.400000,get
19793,0.034604,1.824000,put
19794,0.034606,1.125000,get
19795,0.034610,3.883000,put
19796,0.034610,0.234000,get
19797,0.034611,0.363000,get
19798,0.034612,0.472000,get
19799,0.034612,0.199000,get
19800,0.034612,0.304000,get
19801,0.034616,2.929000,get
19802,0.034616,0.217000,get
19803,0.034617,0.376000,get
19804,0.034617,0.199000,get
19805,0.034617,0.200000,get
19806,0.034620,2.191000,put
19807,0.034622,1.830000,put
19808,0.034624,1.939000,put
19809,0.034625,0.322000,get
19810,0.034626,1.657000,get
19811,0.034630,3.470000,put
19812,0.034633,2.284000,put
19813,0.034646,13.172000,get
19814,0.034647,0.212000,get
19815,0.034647,0.204000,get
19816,0.034648,0.450000,get
19817,0.034648,0.261000,get
19818,0.034648,0.214000,get
19819,0.034649,0.457000,get
19820,0.034650,0.454000,get
19821,0.034650,0.374000,get
19822,0.034651,0.653000,get
19823,0.034652,0.505000,get
19824,0.034652,0.333000,get
19825,0.034653,0.330000,get
19826,0.034653,0.285000,get
19827,0.034654,0.421000,get
19828,0.034655,1.135000,get
19829,0.034656,0.363000,get
19830,0.034656,0.265000,get
19831,0.034657,0.230000,get
19832,0.034658,0.687000,get
19833,0.034660,2.496000,get
19834,0.034663,2.786000,get
19835,0.034664,0.327000,get
19836,0.034666,1.812000,put
19837,0.034667,0.360000,get
19838,0.034668,1.194000,get
19839,0.034671,3.243000,put
19840,0.034672,0.512000,get
19841,0.034674,1.471000,get
19842,0.034674,0.194000,get
19843,0.034675,0.187000,get
19844,0.034675,0.465000,get
19845,0.034677,0.970000,get
19846,0.034678,1.770000,put
19847,0.034679,0.325000,get
19848,0.034680,0.332000,get
19849,0.034680,0.287000,get
19850,0.034681,0.435000,get
19851,0.034681,0.346000,get
19852,0.034682,0.443000,get
19853,0.034682,0.415000,get
19854,0.034685,2.063000,put
19855,0.034687,2.398000,get
19856,0.034690,1.992000,put
19857,0.034692,2.110000,get
19858,0.034692,0.203000,get
19859,0.034693,0.366000,get
19860,0.034696,3.293000,put
19861,0.034697,0.221000,get
19862,0.034697,0.186000,get
19863,0.034699,1.566000,get
19864,0.034699,0.449000,get
19865,0.034700,0.265000,get
19866,0.034701,0.431000,get
19867,0.034701,0.200000,get
19868,0.034702,0.544000,get
19869,0.034702,0.500000,get
19870,0.034703,0.190000,get
19871,0.034703,0.329000,get
19872,0.034704,0.447000,get
19873,0.034704,0.264000,get
19874,0.034706,1.903000,put
19875,0.034708,0.939000,get
19876,0.034708,0.196000,get
19877,0.034709,0.369000,get
19878,0.034709,0.447000,get
19879,0.034711,1.760000,put
19880,0.034715,3.480000,get
19881,0.034715,0.461000,get
19882,0.034716,0.475000,get
19883,0.034717,0.277000,get
19884,0.034717,0.401000,get
19885,0.034718,0.398000,get
19886,0.034719,0.428000,get
19887,0.034719,0.703000,get
19888,0.034722,1.987000,get
19889,0.034722,0.202000,get
19890,0.034723,0.969000,get
19891,0.034724,0.398000,get
19892,0.034724,0.433000,get
19893,0.034725,0.365000,get
19894,0.034727,1.898000,put
19895,0.034730,3.112000,put
19896,0.034731,0.403000,get
19897,0.034733,2.005000,put
19898,0.034734,0.562000,get
19899,0.034734,0.260000,get
19900,0.034736,0.843000,get
19901,0.034738,1.891000,get
19902,0.034738,0.447000,get
19903,0.034740,1.118000,get
19904,0.034740,0.423000,get
19905,0.034743,2.079000,put
19906,0.034743,0.473000,get
19907,0.034744,0.263000,get
19908,0.034745,1.287000,get
19909,0.034747,1.977000,put
19910,0.034748,0.289000,get
19911,0.034752,3.726000,put
19912,0.034752,0.289000,get
19913,0.034754,1.730000,put
19914,0.034755,0.413000,get
19915,0.034758,3.067000,get
19916,0.034759,0.397000,get
19917,0.034759,0.428000,get
19918,0.034762,2.244000,put
19919,0.034763,0.528000,get
19920,0.034764,1.023000,get
19921,0.034766,2.098000,put
19922,0.034770,3.557000,put
19923,0.034772,1.852000,put
19924,0.034773,0.396000,get
19925,0.034775,1.946000,put
19926,0.034777,1.931000,put
19927,0.034780,3.296000,put
19928,0.034781,0.496000,get
19929,0.034783,2.028000,put
19930,0.034784,0.471000,get
19931,0.034803,19.301000,get
19932,0.034804,0.439000,get
19933,0.034805,0.443000,get
19934,0.034805,0.483000,get
19935,0.034806,0.203000,get
19936,0.034808,2.000000,put
19937,0.034809,0.391000,get
19938,0.034810,1.602000,get
19939,0.034814,3.605000,put
19940,0.034815,0.411000,get
19941,0.034817,1.800000,get
19942,0.034819,2.248000,get
19943,0.034820,0.399000,get
19944,0.034821,0.446000,get
19945,0.034821,0.537000,get
19946,0.034822,0.285000,get
19947,0.034823,0.477000,get
19948,0.034823,0.458000,get
19949,0.034824,0.437000,get
19950,0.034824,0.200000,get
19951,0.034825,0.445000,get
19952,0.034827,1.899000,put
19953,0.034827,0.210000,get
19954,0.034830,2.011000,put
19955,0.034832,1.772000,get
19956,0.034835,2.780000,get
19957,0.034835,0.463000,get
19958,0.034837,1.753000,put
19959,0.034838,0.212000,get
19960,0.034840,1.636000,get
19961,0.034844,3.806000,put
19962,0.034845,0.602000,get
19963,0.034845,0.367000,get
19964,0.034846,0.474000,get
19965,0.034846,0.272000,get
19966,0.034847,0.371000,get
19967,0.034847,0.388000,get
19968,0.034853,0.207000,get
19969,0.034854,1.620000,get
19970,0.034857,1.882000,get
19971,0.034859,2.205000,put
19972,0.034859,0.215000,get
19973,0.034862,2.014000,get
19974,0.034864,1.809000,put
19975,0.034864,0.209000,get
19976,0.034865,0.402000,get
19977,0.034865,0.197000,get
19978,0.034866,1.020000,get
19979,0.034867,0.199000,get
19980,0.034869,1.835000,put
19981,0.034869,0.219000,get
19982,0.034870,0.201000,get
19983,0.034870,0.199000,get
19984,0.034870,0.194000,get
19985,0.034871,0.539000,get
19986,0.034872,0.346000,get
19987,0.034872,0.368000,get
19988,0.034873,0.338000,get
19989,0.034877,3.697000,put
19990,0.034877,0.422000,get
19991,0.034878,0.540000,get
19992,0.034881,3.171000,get
19993,0.034882,0.206000,get
19994,0.034884,2.249000,put
19995,0.034885,0.212000,get
19996,0.034885,0.293000,get
19997,0.034887,1.832000,put
19998,0.034889,1.595000,get
19999,0.034890,0.373000,get
