286 0.00019801
3473 0.00019580
4951 0.00019250
3890 0.00019106
7365 0.00018896
6359 0.00018761
4352 0.00018200
7032 0.00018147
7541 0.00018102
3699 0.00018047
4877 0.00017852
3242 0.00017669
6503 0.00017576
4221 0.00017495
7293 0.00017425
2276 0.00017398
1189 0.00017397
1441 0.00017158
1866 0.00017076
8602 0.00017030
5012 0.00017030
2342 0.00017017
4660 0.00016956
7353 0.00016895
1237 0.00016885
257 0.00016884
8036 0.00016871
8314 0.00016871
7633 0.00016861
2797 0.00016847
6901 0.00016775
5303 0.00016753
9602 0.00016749
7451 0.00016742
2289 0.00016717
6579 0.00016646
1522 0.00016645
7833 0.00016617
7036 0.00016596
3916 0.00016591
1312 0.00016572
2026 0.00016529
8754 0.00016513
9559 0.00016483
3279 0.00016477
4384 0.00016474
5553 0.00016464
248 0.00016455
2568 0.00016446
1279 0.00016444
3683 0.00016365
1169 0.00016355
7016 0.00016326
6180 0.00016320
8914 0.00016312
7846 0.00016310
7497 0.00016286
5798 0.00016242
6898 0.00016241
2730 0.00016216
6655 0.00016215
1890 0.00016213
8065 0.00016211
9287 0.00016196
5421 0.00016161
9367 0.00016141
6500 0.00016132
517 0.00016129
8561 0.00016126
4240 0.00016119
5568 0.00016065
3545 0.00016045
8550 0.00016039
200 0.00016029
9747 0.00016000
2645 0.00015976
3145 0.00015972
1490 0.00015963
9043 0.00015949
614 0.00015949
8517 0.00015948
1340 0.00015946
70 0.00015913
1798 0.00015908
7220 0.00015880
348 0.00015880
1042 0.00015853
7854 0.00015781
9910 0.00015780
8278 0.00015779
472 0.00015764
6158 0.00015762
3340 0.00015754
226 0.00015754
6030 0.00015750
1493 0.00015737
8937 0.00015725
9520 0.00015718
3483 0.00015699
2794 0.00015688
5541 0.00015685
3021 0.00015672
9362 0.00015666
6617 0.00015665
7339 0.00015664
5520 0.00015662
4044 0.00015643
5370 0.00015634
2959 0.00015633
494 0.00015630
8274 0.00015625
2158 0.00015617
4529 0.00015617
6427 0.00015609
6157 0.00015599
6389 0.00015599
8530 0.00015574
7874 0.00015564
9024 0.00015562
3704 0.00015546
4461 0.00015546
3574 0.00015539
8311 0.00015538
3611 0.00015527
5168 0.00015523
884 0.00015511
9176 0.00015503
3081 0.00015499
3905 0.00015480
8166 0.00015459
8833 0.00015456
5977 0.00015447
5399 0.00015435
6874 0.00015431
2050 0.00015414
3246 0.00015407
9741 0.00015393
8031 0.00015382
7671 0.00015378
9665 0.00015366
2807 0.00015360
619 0.00015358
1567 0.00015344
3186 0.00015335
4696 0.00015331
8034 0.00015315
5824 0.00015314
1927 0.00015312
33 0.00015304
4413 0.00015301
3788 0.00015248
1134 0.00015247
5896 0.00015238
126 0.00015224
6080 0.00015206
2405 0.00015204
5183 0.00015199
8662 0.00015196
7721 0.00015195
1309 0.00015195
9214 0.00015190
6779 0.00015188
4547 0.00015180
8806 0.00015179
7455 0.00015174
85 0.00015172
5602 0.00015161
3711 0.00015155
175 0.00015151
8481 0.00015150
8318 0.00015145
9808 0.00015144
4890 0.00015128
9948 0.00015124
8946 0.00015123
3253 0.00015122
925 0.00015121
6852 0.00015105
5679 0.00015104
6705 0.00015102
8800 0.00015099
8980 0.00015094
8774 0.00015093
1365 0.00015090
5513 0.00015088
430 0.00015082
7054 0.00015077
2660 0.00015076
3433 0.00015076
2282 0.00015068
4532 0.00015056
9450 0.00015056
2183 0.00015053
1326 0.00015047
2021 0.00015039
2992 0.00015036
8660 0.00015035
6955 0.00015025
7903 0.00015009
2277 0.00015009
3095 0.00015008
9946 0.00015007
2557 0.00015005
1324 0.00015000
9322 0.00014999
9992 0.00014995
7170 0.00014991
2792 0.00014991
2887 0.00014986
7750 0.00014980
1733 0.00014977
3455 0.00014973
2173 0.00014969
9603 0.00014969
394 0.00014962
5635 0.00014960
5905 0.00014960
1196 0.00014955
5287 0.00014954
6709 0.00014953
1614 0.00014949
8624 0.00014946
6279 0.00014935
1706 0.00014922
2304 0.00014916
9669 0.00014915
3436 0.00014905
3619 0.00014903
1205 0.00014900
6637 0.00014899
5 0.00014890
7274 0.00014890
5476 0.00014868
9827 0.00014863
9855 0.00014852
5049 0.00014846
8836 0.00014844
388 0.00014843
3897 0.00014835
6237 0.00014828
4254 0.00014827
8770 0.00014823
7421 0.00014819
8796 0.00014818
8665 0.00014815
9248 0.00014814
848 0.00014814
8204 0.00014813
1813 0.00014811
2885 0.00014802
7582 0.00014796
2527 0.00014795
2510 0.00014794
5091 0.00014792
5108 0.00014790
3077 0.00014787
5940 0.00014785
1103 0.00014783
5134 0.00014778
4192 0.00014777
3734 0.00014771
9175 0.00014768
6913 0.00014768
5853 0.00014767
951 0.00014766
8115 0.00014759
8531 0.00014758
9784 0.00014749
8776 0.00014746
3696 0.00014732
4986 0.00014715
2592 0.00014710
9576 0.00014709
9850 0.00014708
9477 0.00014684
2402 0.00014674
2197 0.00014670
2306 0.00014658
1544 0.00014657
9831 0.00014654
872 0.00014651
6505 0.00014645
9613 0.00014641
7200 0.00014641
6797 0.00014639
7731 0.00014637
8716 0.00014637
2816 0.00014632
5976 0.00014630
7948 0.00014628
846 0.00014626
1725 0.00014620
7775 0.00014617
4487 0.00014614
9767 0.00014612
6419 0.00014606
1020 0.00014605
8768 0.00014596
9971 0.00014592
2617 0.00014591
1107 0.00014586
5887 0.00014580
8644 0.00014579
1314 0.00014577
8843 0.00014570
1069 0.00014567
3760 0.00014566
9515 0.00014565
7340 0.00014560
3792 0.00014559
6656 0.00014556
5076 0.00014553
113 0.00014542
8585 0.00014542
328 0.00014539
4704 0.00014539
3031 0.00014534
2065 0.00014522
8961 0.00014522
579 0.00014517
4371 0.00014517
4116 0.00014516
3772 0.00014515
8453 0.00014508
4290 0.00014507
449 0.00014505
1933 0.00014499
7424 0.00014498
4061 0.00014494
3678 0.00014492
1836 0.00014491
7712 0.00014481
6957 0.00014481
1351 0.00014476
8176 0.00014473
4281 0.00014466
8241 0.00014465
5055 0.00014460
4839 0.00014450
8163 0.00014448
8600 0.00014446
4443 0.00014446
9607 0.00014446
7722 0.00014445
3068 0.00014445
3134 0.00014443
2977 0.00014440
7737 0.00014439
2699 0.00014430
1175 0.00014428
1331 0.00014424
6927 0.00014420
8787 0.00014417
2455 0.00014414
3557 0.00014409
4362 0.00014406
2976 0.00014404
1818 0.00014399
6176 0.00014389
450 0.00014387
4024 0.00014387
7496 0.00014385
6051 0.00014382
1023 0.00014380
7543 0.00014374
6318 0.00014373
5815 0.00014369
2963 0.00014369
2190 0.00014367
5151 0.00014367
5190 0.00014367
8225 0.00014364
8784 0.00014360
3877 0.00014356
2826 0.00014354
8369 0.00014352
9611 0.00014345
7441 0.00014333
8875 0.00014329
386 0.00014328
4812 0.00014322
4454 0.00014317
9431 0.00014310
7829 0.00014309
6627 0.00014302
5642 0.00014300
2347 0.00014296
980 0.00014294
883 0.00014293
2146 0.00014292
8316 0.00014291
119 0.00014286
6573 0.00014285
5448 0.00014285
3010 0.00014280
4573 0.00014273
72 0.00014271
3098 0.00014269
466 0.00014258
6137 0.00014257
9294 0.00014255
8157 0.00014251
9023 0.00014247
3344 0.00014247
9794 0.00014242
6405 0.00014242
7459 0.00014241
1743 0.00014241
2545 0.00014237
7377 0.00014237
8261 0.00014237
8985 0.00014237
5592 0.00014235
9527 0.00014234
6247 0.00014233
9944 0.00014228
8045 0.00014227
8315 0.00014226
669 0.00014225
9739 0.00014221
5390 0.00014217
1413 0.00014214
5660 0.00014213
5570 0.00014207
148 0.00014204
1149 0.00014203
3954 0.00014202
4233 0.00014202
9337 0.00014188
7850 0.00014188
8291 0.00014188
8772 0.00014188
2787 0.00014187
512 0.00014185
4665 0.00014180
5636 0.00014178
2770 0.00014177
2668 0.00014176
7980 0.00014176
8162 0.00014175
755 0.00014172
6416 0.00014169
3985 0.00014164
5933 0.00014160
1299 0.00014150
3399 0.00014149
8810 0.00014148
1965 0.00014146
691 0.00014144
3601 0.00014143
4316 0.00014143
786 0.00014140
3405 0.00014139
3301 0.00014136
9003 0.00014135
1281 0.00014132
6937 0.00014125
3687 0.00014121
5530 0.00014121
1198 0.00014115
1897 0.00014114
3693 0.00014107
361 0.00014104
3476 0.00014104
8921 0.00014101
7001 0.00014095
439 0.00014094
4490 0.00014094
2452 0.00014094
611 0.00014085
6833 0.00014081
9905 0.00014079
7893 0.00014077
4686 0.00014074
1408 0.00014070
8122 0.00014067
7803 0.00014058
4988 0.00014058
5363 0.00014058
2059 0.00014056
5290 0.00014055
7692 0.00014052
2069 0.00014050
4840 0.00014050
3620 0.00014047
2693 0.00014047
9323 0.00014045
2217 0.00014041
2189 0.00014037
7312 0.00014033
7873 0.00014030
9606 0.00014029
3438 0.00014024
5864 0.00014022
3217 0.00014017
3552 0.00014015
1647 0.00014013
4622 0.00014013
6120 0.00014013
3894 0.00014012
2536 0.00014011
9849 0.00014004
2475 0.00014004
9491 0.00014003
2456 0.00013998
6967 0.00013998
2034 0.00013996
4719 0.00013996
7118 0.00013996
1752 0.00013995
9492 0.00013994
7841 0.00013991
8188 0.00013990
4828 0.00013988
7317 0.00013988
358 0.00013985
1565 0.00013980
7521 0.00013978
9915 0.00013978
1130 0.00013978
5648 0.00013977
2094 0.00013977
5482 0.00013973
9111 0.00013970
4099 0.00013965
2084 0.00013961
5641 0.00013961
7057 0.00013959
1080 0.00013958
9535 0.00013954
4434 0.00013951
5962 0.00013950
8231 0.00013949
9194 0.00013948
1788 0.00013945
3821 0.00013942
8830 0.00013941
4884 0.00013937
4012 0.00013933
1126 0.00013928
1123 0.00013927
7332 0.00013923
9820 0.00013921
3675 0.00013912
43 0.00013910
776 0.00013909
1347 0.00013907
4938 0.00013906
1806 0.00013901
9310 0.00013900
3818 0.00013892
8219 0.00013891
5818 0.00013890
9035 0.00013888
4425 0.00013882
3053 0.00013880
523 0.00013878
6766 0.00013878
8751 0.00013878
9732 0.00013875
9586 0.00013874
9223 0.00013872
6734 0.00013868
3879 0.00013867
8747 0.00013865
3945 0.00013863
3461 0.00013862
5730 0.00013858
9438 0.00013855
514 0.00013851
7302 0.00013850
6072 0.00013846
2145 0.00013841
6561 0.00013841
9793 0.00013839
6418 0.00013837
1896 0.00013834
3348 0.00013834
2262 0.00013833
2821 0.00013833
1515 0.00013833
1065 0.00013828
4026 0.00013825
7371 0.00013820
7341 0.00013817
262 0.00013812
6527 0.00013808
952 0.00013808
7835 0.00013807
5879 0.00013806
9016 0.00013802
3565 0.00013802
713 0.00013793
4020 0.00013792
4673 0.00013791
6932 0.00013787
2446 0.00013787
7678 0.00013785
5486 0.00013783
4258 0.00013780
840 0.00013780
499 0.00013778
1371 0.00013776
9903 0.00013775
1789 0.00013771
1598 0.00013770
1642 0.00013769
1214 0.00013767
5739 0.00013767
1716 0.00013767
2270 0.00013764
6143 0.00013764
9836 0.00013763
4568 0.00013763
8410 0.00013763
2330 0.00013762
5925 0.00013762
1105 0.00013760
2565 0.00013759
9047 0.00013754
3000 0.00013754
1891 0.00013750
6113 0.00013749
1294 0.00013748
6012 0.00013748
7428 0.00013747
4516 0.00013745
7532 0.00013737
7571 0.00013734
4523 0.00013729
703 0.00013723
9295 0.00013722
7504 0.00013718
8167 0.00013716
3005 0.00013716
5010 0.00013712
2970 0.00013708
274 0.00013703
3785 0.00013697
8190 0.00013697
995 0.00013695
7117 0.00013695
2842 0.00013694
4010 0.00013691
5112 0.00013690
3373 0.00013690
6430 0.00013689
3449 0.00013688
8859 0.00013688
7415 0.00013687
9988 0.00013685
6079 0.00013685
7595 0.00013685
3505 0.00013682
6895 0.00013682
4143 0.00013682
4900 0.00013681
5217 0.00013678
9446 0.00013677
8106 0.00013677
698 0.00013676
6850 0.00013675
1787 0.00013675
5802 0.00013673
7969 0.00013670
3815 0.00013669
5983 0.00013666
2712 0.00013664
8433 0.00013664
7395 0.00013663
3474 0.00013662
6221 0.00013657
8744 0.00013657
2995 0.00013657
3809 0.00013656
5573 0.00013655
7422 0.00013652
9122 0.00013650
2544 0.00013645
4512 0.00013641
1721 0.00013641
6172 0.00013641
5961 0.00013635
4848 0.00013634
6218 0.00013633
9038 0.00013631
9581 0.00013629
323 0.00013629
4417 0.00013628
1639 0.00013627
3796 0.00013627
8654 0.00013624
6100 0.00013623
9277 0.00013621
8792 0.00013617
1685 0.00013617
8824 0.00013616
9925 0.00013612
5978 0.00013610
1418 0.00013603
9485 0.00013603
3226 0.00013601
5019 0.00013601
3103 0.00013599
1141 0.00013598
5460 0.00013598
7669 0.00013592
3631 0.00013589
448 0.00013588
825 0.00013585
5328 0.00013585
7765 0.00013584
526 0.00013584
991 0.00013582
6178 0.00013578
5624 0.00013575
6993 0.00013575
1715 0.00013574
2233 0.00013572
451 0.00013571
4187 0.00013570
424 0.00013569
112 0.00013567
1876 0.00013565
8262 0.00013565
393 0.00013565
2864 0.00013562
3990 0.00013561
4749 0.00013561
417 0.00013560
335 0.00013559
1330 0.00013556
3074 0.00013551
8279 0.00013549
2605 0.00013541
2905 0.00013534
3813 0.00013533
8642 0.00013532
1723 0.00013531
4107 0.00013530
69 0.00013528
4801 0.00013527
4070 0.00013527
6557 0.00013527
8086 0.00013526
7856 0.00013523
7438 0.00013515
1907 0.00013514
7067 0.00013514
3642 0.00013513
9638 0.00013513
591 0.00013512
5027 0.00013511
8354 0.00013509
3848 0.00013509
1583 0.00013503
4710 0.00013502
8160 0.00013499
1607 0.00013499
5722 0.00013498
6926 0.00013498
3550 0.00013497
7149 0.00013496
9365 0.00013495
7675 0.00013495
4567 0.00013495
1242 0.00013495
3061 0.00013494
3419 0.00013493
3170 0.00013493
6174 0.00013488
2355 0.00013487
2930 0.00013485
6173 0.00013484
806 0.00013483
3331 0.00013482
4744 0.00013479
753 0.00013479
9311 0.00013478
5243 0.00013477
3767 0.00013474
9633 0.00013472
3666 0.00013472
419 0.00013470
2789 0.00013467
1231 0.00013464
2810 0.00013463
1849 0.00013463
907 0.00013462
780 0.00013461
2663 0.00013458
3070 0.00013457
9192 0.00013453
8199 0.00013453
7292 0.00013452
5605 0.00013452
4405 0.00013451
6434 0.00013450
5274 0.00013449
8639 0.00013449
4346 0.00013449
36 0.00013448
5908 0.00013448
381 0.00013447
8855 0.00013444
9152 0.00013440
8790 0.00013437
372 0.00013436
4038 0.00013432
7467 0.00013431
7192 0.00013429
1087 0.00013427
9039 0.00013425
7653 0.00013424
6373 0.00013417
3614 0.00013417
1334 0.00013416
4485 0.00013416
1888 0.00013415
2717 0.00013414
6365 0.00013414
3065 0.00013413
7218 0.00013412
6233 0.00013411
8245 0.00013410
6851 0.00013409
1204 0.00013408
8458 0.00013406
3645 0.00013405
7183 0.00013404
4269 0.00013401
6863 0.00013400
5650 0.00013396
8757 0.00013396
1713 0.00013395
7780 0.00013393
4505 0.00013393
2539 0.00013393
8461 0.00013393
9769 0.00013387
5912 0.00013387
3735 0.00013386
1553 0.00013386
537 0.00013385
9291 0.00013385
4093 0.00013384
7411 0.00013383
4580 0.00013382
1377 0.00013381
3268 0.00013381
9682 0.00013379
6792 0.00013378
5949 0.00013378
9418 0.00013378
3169 0.00013377
1879 0.00013377
52 0.00013374
9548 0.00013374
9783 0.00013371
599 0.00013370
501 0.00013370
9389 0.00013370
3413 0.00013370
8656 0.00013370
7646 0.00013370
1430 0.00013369
51 0.00013369
9524 0.00013368
4 0.00013368
3421 0.00013368
6242 0.00013367
6950 0.00013366
4722 0.00013360
5716 0.00013359
8025 0.00013356
4511 0.00013355
8631 0.00013354
2192 0.00013353
5456 0.00013351
9115 0.00013350
9893 0.00013347
8829 0.00013345
3885 0.00013344
2754 0.00013344
7005 0.00013342
9574 0.00013341
974 0.00013340
441 0.00013336
6067 0.00013336
1010 0.00013336
9965 0.00013335
2996 0.00013335
944 0.00013333
6994 0.00013332
4546 0.00013332
1026 0.00013332
6301 0.00013329
5359 0.00013328
8093 0.00013328
6066 0.00013323
6974 0.00013322
7116 0.00013322
4743 0.00013320
469 0.00013319
4729 0.00013319
9560 0.00013316
5180 0.00013316
6943 0.00013315
716 0.00013315
2248 0.00013314
3313 0.00013310
222 0.00013309
6138 0.00013309
2960 0.00013307
7565 0.00013307
1050 0.00013307
3602 0.00013305
1505 0.00013305
2758 0.00013303
3408 0.00013302
4422 0.00013302
3087 0.00013301
1392 0.00013298
8986 0.00013298
4395 0.00013295
9206 0.00013293
7018 0.00013293
5137 0.00013290
9997 0.00013290
3882 0.00013289
9624 0.00013289
8345 0.00013289
7990 0.00013288
7681 0.00013284
6455 0.00013283
8209 0.00013282
5393 0.00013282
9680 0.00013279
2569 0.00013278
7278 0.00013278
4118 0.00013277
2786 0.00013273
3071 0.00013273
5958 0.00013272
4632 0.00013270
4139 0.00013269
9053 0.00013268
3960 0.00013265
7103 0.00013261
1681 0.00013259
890 0.00013257
928 0.00013256
700 0.00013256
4754 0.00013254
6433 0.00013253
3745 0.00013252
6524 0.00013251
9335 0.00013249
6822 0.00013248
557 0.00013246
8589 0.00013245
4776 0.00013245
9500 0.00013244
9278 0.00013244
6666 0.00013242
9148 0.00013231
9037 0.00013229
9704 0.00013229
482 0.00013227
9048 0.00013226
1985 0.00013223
2010 0.00013222
3860 0.00013222
1606 0.00013221
5381 0.00013221
3721 0.00013220
690 0.00013213
5931 0.00013212
8623 0.00013209
5505 0.00013209
6047 0.00013208
6164 0.00013204
6388 0.00013204
2584 0.00013203
7538 0.00013201
5684 0.00013200
3831 0.00013197
6871 0.00013197
5009 0.00013196
3616 0.00013192
9646 0.00013189
6387 0.00013188
823 0.00013187
4982 0.00013187
7906 0.00013184
1014 0.00013183
1961 0.00013183
47 0.00013182
734 0.00013181
4584 0.00013180
7419 0.00013180
9113 0.00013180
5819 0.00013180
7106 0.00013179
9725 0.00013177
9710 0.00013177
6624 0.00013175
5129 0.00013175
9258 0.00013174
2916 0.00013174
7705 0.00013172
5831 0.00013171
7485 0.00013171
2941 0.00013169
9063 0.00013168
984 0.00013167
9403 0.00013164
5459 0.00013162
8337 0.00013159
5034 0.00013157
8206 0.00013156
427 0.00013154
155 0.00013154
1366 0.00013152
9889 0.00013150
7771 0.00013150
7300 0.00013147
3088 0.00013143
4897 0.00013142
8141 0.00013141
3044 0.00013141
7214 0.00013138
3784 0.00013137
6645 0.00013136
6312 0.00013136
8286 0.00013136
2585 0.00013135
632 0.00013132
505 0.00013130
9449 0.00013130
6033 0.00013129
4543 0.00013125
5894 0.00013124
3826 0.00013124
9945 0.00013122
4430 0.00013118
5284 0.00013118
7088 0.00013116
5374 0.00013116
6873 0.00013115
7573 0.00013114
7821 0.00013113
1148 0.00013109
2315 0.00013109
1120 0.00013109
8975 0.00013108
3862 0.00013108
1266 0.00013108
8491 0.00013108
4497 0.00013105
683 0.00013104
1757 0.00013104
4852 0.00013104
720 0.00013103
4644 0.00013102
3871 0.00013101
9546 0.00013101
1302 0.00013099
3774 0.00013099
8899 0.00013098
5804 0.00013096
9093 0.00013096
2649 0.00013092
6862 0.00013091
9866 0.00013090
5117 0.00013090
6268 0.00013090
7682 0.00013088
5252 0.00013087
762 0.00013087
206 0.00013087
196 0.00013086
6910 0.00013080
111 0.00013078
8362 0.00013076
3965 0.00013072
9536 0.00013071
5330 0.00013070
7709 0.00013069
3967 0.00013068
1867 0.00013068
9229 0.00013067
2395 0.00013064
8412 0.00013063
2625 0.00013063
6865 0.00013061
7602 0.00013058
3535 0.00013058
953 0.00013055
6695 0.00013055
7373 0.00013053
1557 0.00013051
6281 0.00013050
6310 0.00013049
9195 0.00013048
7224 0.00013048
3207 0.00013048
4821 0.00013047
6198 0.00013045
8402 0.00013044
7495 0.00013043
8556 0.00013043
9828 0.00013043
1484 0.00013037
4407 0.00013036
7135 0.00013034
188 0.00013032
2752 0.00013032
6386 0.00013030
4222 0.00013028
836 0.00013027
9532 0.00013026
7359 0.00013024
8305 0.00013024
5787 0.00013022
3027 0.00013022
1785 0.00013022
223 0.00013022
4104 0.00013018
5225 0.00013018
8916 0.00013018
9814 0.00013017
5133 0.00013017
9210 0.00013017
8605 0.00013016
7548 0.00013015
1261 0.00013014
6059 0.00013014
4451 0.00013013
6518 0.00013010
193 0.00013009
2870 0.00013008
4394 0.00013008
5159 0.00013007
9469 0.00013006
2803 0.00013005
3454 0.00013004
6832 0.00013002
4182 0.00013001
5567 0.00013001
1416 0.00013001
6694 0.00013000
7153 0.00012999
4308 0.00012999
2948 0.00012998
3657 0.00012997
9981 0.00012997
5154 0.00012997
8405 0.00012997
9461 0.00012995
829 0.00012995
4151 0.00012994
6529 0.00012989
1860 0.00012988
6961 0.00012988
2017 0.00012984
8848 0.00012984
1311 0.00012982
9046 0.00012980
529 0.00012980
79 0.00012980
142 0.00012980
7343 0.00012979
4509 0.00012979
5708 0.00012979
7064 0.00012978
9873 0.00012978
4326 0.00012976
2473 0.00012976
3973 0.00012975
4786 0.00012974
4879 0.00012968
279 0.00012968
5888 0.00012968
6139 0.00012967
4672 0.00012965
5537 0.00012964
8084 0.00012963
9397 0.00012963
5334 0.00012959
4224 0.00012957
2376 0.00012956
5999 0.00012954
6293 0.00012954
8390 0.00012953
9587 0.00012953
3090 0.00012951
1058 0.00012950
2112 0.00012949
9551 0.00012949
843 0.00012948
5228 0.00012944
9028 0.00012943
6229 0.00012940
2352 0.00012938
22 0.00012938
476 0.00012937
6917 0.00012936
5578 0.00012935
9919 0.00012935
3265 0.00012934
3909 0.00012934
5681 0.00012931
8710 0.00012931
1754 0.00012929
6662 0.00012929
5285 0.00012925
2371 0.00012923
5656 0.00012922
3300 0.00012921
8087 0.00012921
2254 0.00012920
3563 0.00012920
3906 0.00012919
6987 0.00012919
6896 0.00012917
4278 0.00012916
2491 0.00012915
4861 0.00012914
9912 0.00012913
3695 0.00012911
6715 0.00012908
4738 0.00012908
994 0.00012902
8214 0.00012899
5314 0.00012897
1560 0.00012896
8984 0.00012895
7581 0.00012894
9138 0.00012893
3893 0.00012891
6738 0.00012889
9917 0.00012889
7472 0.00012888
5620 0.00012887
5934 0.00012887
5092 0.00012886
3141 0.00012885
6379 0.00012885
5132 0.00012883
8979 0.00012883
1937 0.00012882
9098 0.00012881
2240 0.00012879
8330 0.00012878
5062 0.00012877
613 0.00012876
3029 0.00012874
1043 0.00012873
6836 0.00012870
5545 0.00012868
6378 0.00012868
1396 0.00012867
7119 0.00012866
4169 0.00012866
8006 0.00012865
4834 0.00012865
7285 0.00012864
1033 0.00012864
6582 0.00012863
7514 0.00012862
8044 0.00012860
850 0.00012859
1817 0.00012857
418 0.00012857
1727 0.00012857
7998 0.00012857
3148 0.00012856
3288 0.00012855
1936 0.00012855
58 0.00012854
9507 0.00012854
7967 0.00012854
9285 0.00012852
896 0.00012852
9343 0.00012851
8191 0.00012850
1292 0.00012850
1414 0.00012850
2170 0.00012849
3037 0.00012848
9157 0.00012848
5572 0.00012848
4003 0.00012847
9189 0.00012844
7316 0.00012843
9169 0.00012842
5852 0.00012842
5706 0.00012838
7358 0.00012837
7534 0.00012837
6998 0.00012836
6017 0.00012835
9766 0.00012835
6421 0.00012834
5749 0.00012834
652 0.00012833
4091 0.00012833
8267 0.00012833
8100 0.00012831
4950 0.00012831
1015 0.00012829
5527 0.00012826
1265 0.00012824
2735 0.00012823
5336 0.00012822
6409 0.00012821
8373 0.00012821
8601 0.00012815
4788 0.00012815
4129 0.00012815
9017 0.00012815
5490 0.00012815
1547 0.00012814
1202 0.00012814
8678 0.00012814
8593 0.00012814
3171 0.00012814
1988 0.00012813
3920 0.00012813
5725 0.00012813
1286 0.00012813
2048 0.00012809
6812 0.00012808
6297 0.00012808
7158 0.00012806
310 0.00012805
6245 0.00012803
8738 0.00012801
7095 0.00012799
7226 0.00012799
6482 0.00012798
6350 0.00012798
6676 0.00012793
9022 0.00012792
5562 0.00012788
7299 0.00012788
6925 0.00012787
5943 0.00012787
1217 0.00012783
3782 0.00012783
5628 0.00012782
9333 0.00012774
508 0.00012772
3749 0.00012772
7237 0.00012772
4252 0.00012771
642 0.00012770
6203 0.00012770
9301 0.00012768
5020 0.00012767
6119 0.00012766
8611 0.00012766
1104 0.00012764
7904 0.00012762
6607 0.00012762
2465 0.00012760
5245 0.00012757
1767 0.00012756
3470 0.00012755
1962 0.00012754
2549 0.00012753
2505 0.00012752
2848 0.00012752
8579 0.00012750
988 0.00012750
1188 0.00012749
6611 0.00012748
5700 0.00012748
8620 0.00012748
3597 0.00012747
1862 0.00012746
1200 0.00012745
1975 0.00012743
6020 0.00012742
8187 0.00012742
6651 0.00012738
9872 0.00012736
8731 0.00012735
6475 0.00012734
5356 0.00012733
1532 0.00012733
7730 0.00012732
4480 0.00012731
2286 0.00012731
8911 0.00012731
8965 0.00012731
71 0.00012730
2697 0.00012730
4504 0.00012729
7331 0.00012729
5535 0.00012725
9803 0.00012724
3857 0.00012724
1953 0.00012722
7450 0.00012721
2943 0.00012721
1303 0.00012721
5974 0.00012719
1461 0.00012718
9352 0.00012717
7287 0.00012717
1571 0.00012717
5935 0.00012713
8441 0.00012712
159 0.00012712
3360 0.00012707
4246 0.00012704
3238 0.00012704
914 0.00012703
551 0.00012702
1264 0.00012701
9298 0.00012701
2711 0.00012700
936 0.00012699
9088 0.00012698
4146 0.00012696
7348 0.00012695
187 0.00012693
25 0.00012693
979 0.00012690
1608 0.00012689
186 0.00012688
4276 0.00012688
4166 0.00012687
5898 0.00012687
1177 0.00012687
524 0.00012685
7338 0.00012685
8874 0.00012683
3506 0.00012683
416 0.00012681
1284 0.00012681
6269 0.00012680
6650 0.00012680
9006 0.00012679
2109 0.00012678
2776 0.00012678
6351 0.00012678
1364 0.00012677
3950 0.00012675
9627 0.00012675
6278 0.00012674
9191 0.00012674
1655 0.00012672
4309 0.00012671
6746 0.00012667
3823 0.00012666
735 0.00012665
1216 0.00012665
2032 0.00012663
5583 0.00012662
6751 0.00012660
522 0.00012658
351 0.00012657
4518 0.00012656
2537 0.00012656
9466 0.00012654
4849 0.00012654
2244 0.00012651
217 0.00012650
1410 0.00012649
1067 0.00012648
8594 0.00012647
403 0.00012647
2135 0.00012646
8940 0.00012644
3793 0.00012644
31 0.00012644
9170 0.00012644
4249 0.00012644
8835 0.00012641
4491 0.00012640
2292 0.00012637
6700 0.00012635
2393 0.00012635
0 0.00012632
6884 0.00012631
7476 0.00012631
8416 0.00012629
4114 0.00012628
7673 0.00012628
3504 0.00012628
9105 0.00012627
6031 0.00012627
5080 0.00012627
1618 0.00012627
1654 0.00012625
8912 0.00012624
8741 0.00012623
5041 0.00012623
3106 0.00012621
2822 0.00012620
9437 0.00012619
6541 0.00012618
2762 0.00012617
6284 0.00012617
5710 0.00012616
4338 0.00012616
8313 0.00012614
7680 0.00012613
9336 0.00012612
6140 0.00012612
1168 0.00012612
6458 0.00012610
6940 0.00012609
852 0.00012609
3668 0.00012608
1592 0.00012606
6010 0.00012605
9636 0.00012605
9250 0.00012602
4638 0.00012600
1350 0.00012599
9626 0.00012599
1791 0.00012598
9567 0.00012596
2913 0.00012596
8580 0.00012594
9663 0.00012594
3252 0.00012594
1017 0.00012594
9040 0.00012594
4251 0.00012593
747 0.00012593
2566 0.00012592
565 0.00012590
2669 0.00012589
7647 0.00012589
377 0.00012588
5799 0.00012588
1749 0.00012587
8335 0.00012585
7851 0.00012585
9276 0.00012584
7922 0.00012581
6403 0.00012580
3439 0.00012578
3828 0.00012578
8935 0.00012574
2646 0.00012574
1142 0.00012573
1296 0.00012567
880 0.00012565
2431 0.00012562
3377 0.00012561
164 0.00012560
6182 0.00012560
296 0.00012560
9601 0.00012559
4705 0.00012558
3979 0.00012558
9 0.00012554
545 0.00012554
9196 0.00012553
9121 0.00012552
6459 0.00012551
7863 0.00012551
3578 0.00012549
7020 0.00012549
2149 0.00012548
6191 0.00012546
7549 0.00012546
9225 0.00012544
6538 0.00012543
1521 0.00012543
2382 0.00012540
5364 0.00012539
7621 0.00012539
8570 0.00012539
3520 0.00012539
7225 0.00012538
4293 0.00012536
340 0.00012535
4535 0.00012534
2768 0.00012534
7337 0.00012534
2515 0.00012533
6885 0.00012533
3926 0.00012531
5847 0.00012531
2498 0.00012530
3635 0.00012527
2525 0.00012527
345 0.00012527
9942 0.00012526
8976 0.00012526
3773 0.00012525
77 0.00012522
5128 0.00012522
1831 0.00012521
6042 0.00012521
8426 0.00012521
8735 0.00012521
3055 0.00012519
5525 0.00012519
7956 0.00012518
8148 0.00012518
7102 0.00012515
3534 0.00012515
8400 0.00012515
9713 0.00012514
1005 0.00012511
8462 0.00012511
3220 0.00012511
7047 0.00012511
892 0.00012510
89 0.00012510
4195 0.00012510
9987 0.00012509
8293 0.00012508
4317 0.00012508
8083 0.00012508
8963 0.00012507
3125 0.00012506
1898 0.00012504
7784 0.00012504
1772 0.00012503
664 0.00012503
3528 0.00012502
9980 0.00012501
5499 0.00012501
2564 0.00012500
1137 0.00012500
805 0.00012500
5979 0.00012499
7326 0.00012499
8499 0.00012499
1994 0.00012499
3609 0.00012496
6577 0.00012496
6450 0.00012496
5715 0.00012496
2001 0.00012496
2925 0.00012496
6864 0.00012495
8676 0.00012494
6401 0.00012493
3865 0.00012492
1554 0.00012491
7953 0.00012490
2450 0.00012490
9435 0.00012489
4917 0.00012488
6274 0.00012488
8719 0.00012486
3989 0.00012485
5042 0.00012485
6460 0.00012484
3229 0.00012483
1980 0.00012482
7043 0.00012481
2580 0.00012480
3988 0.00012479
1250 0.00012479
7069 0.00012478
60 0.00012478
3270 0.00012478
3935 0.00012478
2202 0.00012478
9662 0.00012477
2487 0.00012474
7389 0.00012473
4112 0.00012473
2047 0.00012472
1603 0.00012471
4496 0.00012470
5971 0.00012470
3085 0.00012469
842 0.00012467
5834 0.00012466
2148 0.00012466
110 0.00012465
5753 0.00012459
6747 0.00012459
2635 0.00012458
917 0.00012458
1212 0.00012457
6868 0.00012456
7163 0.00012455
8944 0.00012454
5506 0.00012453
9699 0.00012453
3200 0.00012452
4488 0.00012452
633 0.00012452
3811 0.00012450
6824 0.00012450
4427 0.00012449
3639 0.00012449
3046 0.00012448
9795 0.00012448
4685 0.00012447
7656 0.00012446
7213 0.00012446
3819 0.00012446
4746 0.00012445
8259 0.00012445
7779 0.00012445
8165 0.00012442
1247 0.00012442
9770 0.00012440
597 0.00012438
5963 0.00012438
2879 0.00012437
869 0.00012436
6835 0.00012436
2577 0.00012436
7416 0.00012435
3690 0.00012434
6494 0.00012434
6915 0.00012433
1760 0.00012433
1387 0.00012433
9736 0.00012432
4908 0.00012432
7501 0.00012432
3489 0.00012431
8437 0.00012430
9374 0.00012430
1990 0.00012430
1700 0.00012429
3043 0.00012428
6714 0.00012427
3001 0.00012426
6497 0.00012424
2915 0.00012424
9425 0.00012424
8384 0.00012424
3928 0.00012423
4699 0.00012423
4013 0.00012423
5379 0.00012423
8082 0.00012423
5621 0.00012420
5113 0.00012420
2784 0.00012418
2586 0.00012417
8418 0.00012416
653 0.00012415
7814 0.00012414
575 0.00012414
1874 0.00012414
543 0.00012414
4211 0.00012413
3652 0.00012413
8091 0.00012412
8723 0.00012411
5302 0.00012411
3539 0.00012407
5473 0.00012406
6110 0.00012405
3758 0.00012405
9398 0.00012404
73 0.00012404
6660 0.00012401
2721 0.00012398
2499 0.00012396
4921 0.00012396
109 0.00012395
1426 0.00012395
139 0.00012393
9146 0.00012389
4794 0.00012387
3672 0.00012385
9338 0.00012385
4438 0.00012385
8119 0.00012384
4569 0.00012384
1599 0.00012383
4237 0.00012383
5792 0.00012383
1679 0.00012381
3336 0.00012380
6728 0.00012380
4189 0.00012380
528 0.00012379
5394 0.00012379
5510 0.00012377
7617 0.00012377
4712 0.00012375
1566 0.00012375
5794 0.00012373
616 0.00012372
7333 0.00012372
7658 0.00012371
6578 0.00012371
9594 0.00012370
8823 0.00012370
2837 0.00012368
1765 0.00012367
9504 0.00012366
513 0.00012366
8385 0.00012365
234 0.00012363
7099 0.00012363
1178 0.00012362
1397 0.00012362
295 0.00012362
7972 0.00012361
208 0.00012360
6400 0.00012360
908 0.00012359
950 0.00012358
7344 0.00012356
4625 0.00012355
5360 0.00012355
8090 0.00012354
7518 0.00012354
42 0.00012354
2279 0.00012352
5127 0.00012352
5617 0.00012351
7526 0.00012351
6144 0.00012350
9036 0.00012350
3363 0.00012350
5075 0.00012349
7728 0.00012348
3293 0.00012346
2714 0.00012345
692 0.00012342
5084 0.00012341
4960 0.00012341
8573 0.00012340
8762 0.00012340
7630 0.00012339
6315 0.00012339
5045 0.00012337
6877 0.00012337
8609 0.00012336
3533 0.00012335
7185 0.00012334
5709 0.00012333
5670 0.00012332
7308 0.00012331
341 0.00012327
8243 0.00012327
7232 0.00012326
4046 0.00012326
3503 0.00012325
1971 0.00012325
7762 0.00012324
2575 0.00012323
6316 0.00012323
1344 0.00012321
3679 0.00012321
1497 0.00012318
9721 0.00012317
5194 0.00012317
8840 0.00012317
5827 0.00012315
9283 0.00012315
6363 0.00012314
5774 0.00012313
9422 0.00012309
8101 0.00012309
3396 0.00012309
771 0.00012307
7826 0.00012305
6796 0.00012304
1481 0.00012303
9026 0.00012302
228 0.00012302
5884 0.00012302
2400 0.00012301
7070 0.00012301
9008 0.00012300
3737 0.00012299
7661 0.00012296
684 0.00012294
5992 0.00012292
2882 0.00012291
2824 0.00012291
8514 0.00012291
628 0.00012289
1108 0.00012287
2319 0.00012287
4733 0.00012285
7417 0.00012284
1034 0.00012283
5695 0.00012283
4976 0.00012281
2883 0.00012281
2931 0.00012281
3875 0.00012280
4711 0.00012277
9429 0.00012276
9506 0.00012275
6580 0.00012274
8194 0.00012274
7291 0.00012273
1995 0.00012272
498 0.00012271
1388 0.00012270
9251 0.00012270
5625 0.00012270
9394 0.00012270
2216 0.00012270
371 0.00012268
2595 0.00012268
4846 0.00012268
7433 0.00012268
7895 0.00012268
8671 0.00012267
96 0.00012266
76 0.00012266
7522 0.00012265
6188 0.00012265
8592 0.00012265
2080 0.00012264
8565 0.00012262
9906 0.00012261
4841 0.00012261
9187 0.00012261
3139 0.00012260
8972 0.00012259
2939 0.00012258
6248 0.00012258
1928 0.00012258
8098 0.00012256
6846 0.00012255
658 0.00012255
2563 0.00012255
6177 0.00012254
5699 0.00012254
7207 0.00012253
7004 0.00012253
1028 0.00012252
8789 0.00012252
3822 0.00012250
9860 0.00012250
4433 0.00012249
6840 0.00012248
7632 0.00012248
246 0.00012247
3816 0.00012246
8942 0.00012246
3484 0.00012246
9119 0.00012244
39 0.00012244
8113 0.00012244
7132 0.00012243
1433 0.00012242
6756 0.00012242
6467 0.00012241
2741 0.00012241
8406 0.00012240
5748 0.00012239
9380 0.00012239
8287 0.00012239
1542 0.00012238
1151 0.00012237
8729 0.00012237
2772 0.00012235
6782 0.00012235
3525 0.00012234
3922 0.00012234
6621 0.00012231
1335 0.00012231
8900 0.00012230
8357 0.00012230
2615 0.00012228
4946 0.00012228
4288 0.00012228
3570 0.00012227
2307 0.00012227
4530 0.00012227
5211 0.00012226
9264 0.00012225
1800 0.00012223
9136 0.00012222
5503 0.00012222
1825 0.00012222
7917 0.00012222
3121 0.00012221
6861 0.00012221
9351 0.00012220
3346 0.00012220
7474 0.00012220
3603 0.00012219
6019 0.00012219
4592 0.00012219
2648 0.00012218
6491 0.00012217
1011 0.00012215
1645 0.00012215
8699 0.00012215
1683 0.00012214
9511 0.00012214
1184 0.00012214
8428 0.00012214
9819 0.00012214
6027 0.00012214
7284 0.00012214
3045 0.00012212
6982 0.00012211
955 0.00012211
819 0.00012211
1905 0.00012210
7384 0.00012209
1587 0.00012207
9697 0.00012207
8939 0.00012206
5071 0.00012205
149 0.00012205
5144 0.00012204
4652 0.00012203
8158 0.00012202
8910 0.00012202
3981 0.00012202
7713 0.00012201
8696 0.00012201
7059 0.00012201
1868 0.00012201
8192 0.00012201
4807 0.00012200
7622 0.00012200
8882 0.00012199
956 0.00012199
6448 0.00012198
5993 0.00012194
1619 0.00012193
6209 0.00012190
5539 0.00012190
9909 0.00012187
6195 0.00012186
9604 0.00012186
3490 0.00012186
9108 0.00012185
4188 0.00012185
9020 0.00012183
7442 0.00012183
3154 0.00012182
56 0.00012182
8532 0.00012180
7019 0.00012179
2924 0.00012177
1046 0.00012177
7187 0.00012177
3427 0.00012176
3382 0.00012176
5065 0.00012176
442 0.00012175
8689 0.00012173
7048 0.00012173
8503 0.00012172
6849 0.00012172
2398 0.00012171
2477 0.00012171
2413 0.00012171
5707 0.00012170
6036 0.00012170
5780 0.00012169
8640 0.00012169
7878 0.00012169
6502 0.00012168
4379 0.00012168
5723 0.00012168
8171 0.00012167
6744 0.00012167
9792 0.00012166
4083 0.00012164
267 0.00012164
7141 0.00012163
6352 0.00012163
4725 0.00012161
7294 0.00012159
927 0.00012158
8891 0.00012158
9498 0.00012158
9833 0.00012156
7191 0.00012156
2228 0.00012155
183 0.00012154
5047 0.00012154
485 0.00012153
9753 0.00012152
3385 0.00012152
8420 0.00012151
2503 0.00012150
1926 0.00012150
8252 0.00012150
5810 0.00012150
6893 0.00012150
100 0.00012150
445 0.00012149
9933 0.00012147
1889 0.00012146
5307 0.00012145
5685 0.00012145
8343 0.00012143
5282 0.00012143
233 0.00012143
9089 0.00012142
2733 0.00012140
5745 0.00012140
6493 0.00012139
873 0.00012138
4835 0.00012138
4994 0.00012138
5216 0.00012137
2909 0.00012136
8993 0.00012135
4155 0.00012134
2035 0.00012134
3541 0.00012134
6567 0.00012133
5734 0.00012133
2072 0.00012133
5278 0.00012132
4381 0.00012126
3280 0.00012126
5105 0.00012124
6107 0.00012122
6261 0.00012121
7279 0.00012120
8749 0.00012119
4424 0.00012117
9371 0.00012116
8346 0.00012113
8746 0.00012112
4230 0.00012109
6425 0.00012108
5464 0.00012108
2732 0.00012107
760 0.00012105
9415 0.00012105
3456 0.00012105
7639 0.00012104
6098 0.00012104
5255 0.00012103
306 0.00012103
615 0.00012102
8229 0.00012102
9958 0.00012102
978 0.00012100
2333 0.00012100
2869 0.00012097
9208 0.00012096
2358 0.00012096
3567 0.00012096
2944 0.00012095
8826 0.00012094
6111 0.00012093
5671 0.00012093
6708 0.00012092
3842 0.00012090
201 0.00012090
2154 0.00012090
9456 0.00012089
7897 0.00012088
2572 0.00012087
7572 0.00012085
1678 0.00012085
7569 0.00012084
8732 0.00012081
6590 0.00012080
5927 0.00012078
617 0.00012078
1483 0.00012077
9977 0.00012077
255 0.00012077
2702 0.00012076
2716 0.00012075
4356 0.00012074
894 0.00012073
5655 0.00012071
9999 0.00012067
8724 0.00012066
7815 0.00012065
5893 0.00012064
3452 0.00012064
7435 0.00012064
7734 0.00012062
7029 0.00012062
8444 0.00012061
7026 0.00012060
5726 0.00012060
5823 0.00012059
218 0.00012058
9091 0.00012057
4000 0.00012057
284 0.00012057
9221 0.00012056
8737 0.00012055
88 0.00012053
8371 0.00012052
6587 0.00012052
9720 0.00012052
2159 0.00012048
1764 0.00012048
3208 0.00012047
2547 0.00012044
5468 0.00012043
8372 0.00012042
647 0.00012042
767 0.00012041
5948 0.00012040
2128 0.00012039
4766 0.00012036
2195 0.00012035
28 0.00012033
9735 0.00012032
8524 0.00012031
7334 0.00012031
6866 0.00012030
7061 0.00012029
874 0.00012028
8295 0.00012028
5304 0.00012026
2755 0.00012026
8320 0.00012024
7227 0.00012023
5351 0.00012022
5275 0.00012021
103 0.00012021
4790 0.00012020
65 0.00012019
3157 0.00012018
578 0.00012018
8805 0.00012017
480 0.00012017
5345 0.00012016
3062 0.00012016
5472 0.00012016
9004 0.00012014
5922 0.00012014
4165 0.00012014
4520 0.00012012
3765 0.00012012
5552 0.00012011
1899 0.00012011
1488 0.00012010
7916 0.00012010
3274 0.00012007
3153 0.00012007
9687 0.00012006
7137 0.00012004
9347 0.00012004
1978 0.00012004
6152 0.00012003
2766 0.00012003
1628 0.00012003
4643 0.00012002
9829 0.00012002
5475 0.00012002
5048 0.00012001
8664 0.00012001
689 0.00012001
8422 0.00012000
4449 0.00012000
6742 0.00012000
8504 0.00012000
8803 0.00011999
5666 0.00011999
6668 0.00011998
4130 0.00011998
9683 0.00011998
7808 0.00011998
7902 0.00011997
9857 0.00011996
8895 0.00011996
9597 0.00011996
3715 0.00011995
4945 0.00011995
6330 0.00011994
4941 0.00011994
1291 0.00011993
2771 0.00011993
9499 0.00011993
4970 0.00011992
5104 0.00011992
7479 0.00011990
2341 0.00011990
1820 0.00011989
1848 0.00011988
7612 0.00011988
4636 0.00011987
5204 0.00011987
9582 0.00011986
656 0.00011986
4088 0.00011986
9182 0.00011986
7066 0.00011985
1575 0.00011985
8007 0.00011984
6991 0.00011984
3356 0.00011983
7445 0.00011983
5703 0.00011982
5607 0.00011981
5610 0.00011981
6798 0.00011980
5950 0.00011979
3101 0.00011979
8487 0.00011978
2378 0.00011978
7540 0.00011978
6342 0.00011977
5899 0.00011976
4628 0.00011976
4816 0.00011975
7188 0.00011975
6923 0.00011975
1258 0.00011974
211 0.00011973
8076 0.00011973
9160 0.00011973
4448 0.00011973
4386 0.00011970
3089 0.00011969
1694 0.00011969
7081 0.00011968
8242 0.00011967
4513 0.00011966
1336 0.00011966
7493 0.00011965
5609 0.00011965
8856 0.00011965
4373 0.00011964
9852 0.00011963
7732 0.00011962
4593 0.00011962
7468 0.00011961
5078 0.00011959
4607 0.00011958
9521 0.00011958
678 0.00011956
5658 0.00011955
9901 0.00011953
4115 0.00011953
8920 0.00011953
2812 0.00011952
9846 0.00011951
7949 0.00011951
9751 0.00011949
7923 0.00011949
1766 0.00011946
9356 0.00011946
3572 0.00011946
663 0.00011945
214 0.00011945
8591 0.00011945
6857 0.00011944
305 0.00011944
1979 0.00011944
6201 0.00011943
9273 0.00011940
6869 0.00011938
4378 0.00011937
4553 0.00011935
6799 0.00011935
2674 0.00011934
3234 0.00011934
2255 0.00011934
4202 0.00011933
4684 0.00011932
232 0.00011932
5184 0.00011931
5791 0.00011929
1199 0.00011929
926 0.00011929
2482 0.00011928
4623 0.00011928
6530 0.00011928
6038 0.00011926
659 0.00011926
5773 0.00011925
4400 0.00011925
1215 0.00011924
420 0.00011924
435 0.00011923
2778 0.00011922
7869 0.00011922
4178 0.00011921
1127 0.00011919
8026 0.00011918
2871 0.00011917
1257 0.00011916
4691 0.00011916
6349 0.00011915
9952 0.00011915
7704 0.00011914
5439 0.00011913
2724 0.00011912
4697 0.00011912
5172 0.00011911
1092 0.00011911
3320 0.00011910
630 0.00011910
1703 0.00011909
9015 0.00011908
5859 0.00011908
6740 0.00011908
167 0.00011907
2522 0.00011907
5682 0.00011907
7073 0.00011902
8009 0.00011901
9405 0.00011900
1116 0.00011900
4582 0.00011899
5848 0.00011899
7448 0.00011899
673 0.00011899
1621 0.00011897
1139 0.00011897
9529 0.00011896
4880 0.00011896
1442 0.00011896
1439 0.00011896
1272 0.00011893
2866 0.00011892
4514 0.00011891
6842 0.00011890
1869 0.00011889
3924 0.00011889
6108 0.00011889
1976 0.00011889
2457 0.00011888
4601 0.00011887
1827 0.00011887
40 0.00011887
2860 0.00011887
4431 0.00011886
7652 0.00011885
6515 0.00011885
6879 0.00011885
2964 0.00011885
9678 0.00011883
7490 0.00011883
5226 0.00011882
4825 0.00011880
9222 0.00011880
1676 0.00011879
583 0.00011876
8990 0.00011876
1531 0.00011876
8013 0.00011875
534 0.00011875
5286 0.00011874
5342 0.00011873
2956 0.00011873
7444 0.00011873
6495 0.00011873
6408 0.00011871
6610 0.00011870
1180 0.00011870
3230 0.00011870
2179 0.00011868
973 0.00011867
2320 0.00011866
2462 0.00011865
7634 0.00011865
8039 0.00011864
1448 0.00011863
8766 0.00011863
1446 0.00011863
2049 0.00011862
5790 0.00011861
453 0.00011860
3 0.00011860
8615 0.00011859
1362 0.00011859
9288 0.00011857
4265 0.00011857
8548 0.00011857
941 0.00011856
6510 0.00011856
1140 0.00011854
2383 0.00011852
2659 0.00011852
4398 0.00011852
4257 0.00011852
3239 0.00011850
2105 0.00011850
1232 0.00011849
5763 0.00011849
6357 0.00011849
3971 0.00011846
8953 0.00011846
4042 0.00011846
9807 0.00011845
2211 0.00011845
1987 0.00011844
8527 0.00011843
1 0.00011842
156 0.00011842
4124 0.00011840
2150 0.00011839
3082 0.00011839
2594 0.00011838
4403 0.00011838
387 0.00011835
6753 0.00011834
552 0.00011833
4256 0.00011833
1229 0.00011832
1717 0.00011831
9707 0.00011831
7024 0.00011828
6136 0.00011827
6847 0.00011827
7378 0.00011827
7908 0.00011826
4591 0.00011825
8473 0.00011825
6669 0.00011824
293 0.00011824
2039 0.00011823
128 0.00011823
4732 0.00011823
7928 0.00011822
3054 0.00011822
6568 0.00011821
2046 0.00011821
5575 0.00011821
5890 0.00011820
9358 0.00011820
6046 0.00011819
3051 0.00011817
6057 0.00011815
2126 0.00011815
438 0.00011814
7890 0.00011813
1054 0.00011813
8004 0.00011813
675 0.00011812
1861 0.00011812
411 0.00011811
5052 0.00011810
9712 0.00011810
6916 0.00011808
8539 0.00011808
6990 0.00011806
9086 0.00011806
8857 0.00011805
9931 0.00011805
4550 0.00011803
4824 0.00011803
3800 0.00011803
841 0.00011802
3577 0.00011799
1096 0.00011794
9399 0.00011794
4056 0.00011794
5453 0.00011792
9384 0.00011792
7366 0.00011792
3225 0.00011791
2351 0.00011791
4447 0.00011790
4092 0.00011789
3287 0.00011789
4011 0.00011789
2708 0.00011787
7577 0.00011787
9936 0.00011786
4429 0.00011786
3205 0.00011784
4962 0.00011784
1662 0.00011784
4784 0.00011784
157 0.00011783
7804 0.00011783
3524 0.00011783
794 0.00011783
8001 0.00011782
3072 0.00011782
559 0.00011782
3643 0.00011781
5519 0.00011781
425 0.00011781
4180 0.00011781
3615 0.00011781
6829 0.00011779
1412 0.00011778
3383 0.00011778
4748 0.00011778
5523 0.00011778
9259 0.00011778
5603 0.00011777
4305 0.00011777
9552 0.00011776
7388 0.00011772
4171 0.00011771
2641 0.00011771
3342 0.00011770
9156 0.00011769
2063 0.00011768
2053 0.00011767
1838 0.00011767
8367 0.00011767
9685 0.00011766
562 0.00011766
8472 0.00011765
1251 0.00011763
8651 0.00011763
904 0.00011763
5177 0.00011762
9974 0.00011762
7271 0.00011762
4498 0.00011760
7726 0.00011760
4639 0.00011759
8489 0.00011759
5717 0.00011759
8634 0.00011759
7222 0.00011759
7542 0.00011758
9700 0.00011758
5507 0.00011758
7982 0.00011758
679 0.00011756
5973 0.00011755
8110 0.00011753
7531 0.00011752
5643 0.00011751
1921 0.00011749
4372 0.00011749
6827 0.00011749
8073 0.00011747
7413 0.00011747
487 0.00011746
8947 0.00011746
6362 0.00011746
2890 0.00011745
9832 0.00011745
6214 0.00011745
6439 0.00011744
2847 0.00011743
6963 0.00011742
3251 0.00011740
202 0.00011740
3957 0.00011738
2210 0.00011738
9355 0.00011737
8224 0.00011734
7169 0.00011734
9778 0.00011734
9648 0.00011734
9220 0.00011733
9907 0.00011732
6453 0.00011731
4298 0.00011731
2966 0.00011731
6296 0.00011731
9183 0.00011731
2132 0.00011731
5705 0.00011729
8411 0.00011729
7831 0.00011727
5428 0.00011727
5422 0.00011726
3209 0.00011725
1665 0.00011725
4057 0.00011723
5776 0.00011723
3958 0.00011722
7261 0.00011722
3610 0.00011722
2651 0.00011722
2479 0.00011721
8994 0.00011721
8196 0.00011719
8551 0.00011717
2719 0.00011716
9780 0.00011715
9112 0.00011714
4726 0.00011714
8498 0.00011712
7068 0.00011712
8506 0.00011712
7557 0.00011711
7177 0.00011711
8966 0.00011711
8742 0.00011709
5410 0.00011708
205 0.00011708
3547 0.00011707
2288 0.00011706
5508 0.00011705
4122 0.00011705
5156 0.00011704
5438 0.00011704
3166 0.00011703
3297 0.00011703
711 0.00011702
8067 0.00011701
1956 0.00011701
6374 0.00011699
4111 0.00011698
9134 0.00011697
4674 0.00011697
6124 0.00011697
3612 0.00011697
3042 0.00011696
5157 0.00011695
7231 0.00011694
8460 0.00011694
1695 0.00011693
4007 0.00011692
6953 0.00011691
5043 0.00011690
949 0.00011690
2198 0.00011690
7882 0.00011690
981 0.00011688
3514 0.00011688
9540 0.00011687
4594 0.00011687
8353 0.00011686
6052 0.00011685
9956 0.00011685
6255 0.00011685
5130 0.00011683
9733 0.00011683
706 0.00011683
5040 0.00011681
2108 0.00011681
5396 0.00011681
6691 0.00011681
5504 0.00011681
3353 0.00011680
9658 0.00011680
1476 0.00011679
6025 0.00011679
8794 0.00011678
9746 0.00011677
8170 0.00011677
7145 0.00011676
2488 0.00011675
1918 0.00011674
6511 0.00011674
2013 0.00011673
2877 0.00011672
3495 0.00011672
2303 0.00011672
9826 0.00011672
258 0.00011669
6945 0.00011669
1714 0.00011669
8030 0.00011666
5457 0.00011666
3366 0.00011666
2736 0.00011665
3341 0.00011665
6061 0.00011664
7614 0.00011664
1548 0.00011662
750 0.00011661
256 0.00011661
5801 0.00011660
6634 0.00011659
7101 0.00011658
2096 0.00011658
1572 0.00011657
5466 0.00011656
2129 0.00011655
9975 0.00011655
4629 0.00011653
3496 0.00011652
4274 0.00011648
7268 0.00011648
6924 0.00011647
8618 0.00011646
2553 0.00011644
8296 0.00011644
2337 0.00011643
6410 0.00011642
3298 0.00011642
4635 0.00011641
6275 0.00011639
3634 0.00011638
2495 0.00011638
8456 0.00011638
6314 0.00011636
9232 0.00011635
4347 0.00011635
7836 0.00011635
6985 0.00011634
7398 0.00011632
8358 0.00011631
3771 0.00011630
7446 0.00011630
8277 0.00011630
4006 0.00011629
5416 0.00011629
3235 0.00011629
5839 0.00011628
6604 0.00011628
473 0.00011627
5385 0.00011627
1354 0.00011626
7321 0.00011626
6665 0.00011626
7832 0.00011624
618 0.00011624
598 0.00011624
2435 0.00011623
486 0.00011621
8183 0.00011621
6988 0.00011619
8663 0.00011619
7309 0.00011619
6443 0.00011619
7838 0.00011618
906 0.00011618
6200 0.00011618
5362 0.00011615
7075 0.00011615
5000 0.00011613
8290 0.00011613
2390 0.00011612
6286 0.00011612
1041 0.00011612
5687 0.00011609
3682 0.00011609
4334 0.00011608
7376 0.00011607
2162 0.00011606
8576 0.00011606
3978 0.00011606
5786 0.00011605
7860 0.00011604
7900 0.00011604
7592 0.00011604
9442 0.00011603
8480 0.00011602
180 0.00011601
8220 0.00011600
5086 0.00011598
5665 0.00011595
9657 0.00011595
4207 0.00011595
3096 0.00011595
2438 0.00011594
8347 0.00011594
9081 0.00011591
9079 0.00011590
6630 0.00011590
3020 0.00011587
4857 0.00011586
5989 0.00011585
8211 0.00011585
7700 0.00011585
8674 0.00011584
5383 0.00011584
4320 0.00011583
9133 0.00011581
2833 0.00011581
1644 0.00011581
8870 0.00011578
1771 0.00011578
50 0.00011577
9326 0.00011577
8338 0.00011577
7491 0.00011576
6684 0.00011576
1552 0.00011575
294 0.00011575
8474 0.00011575
5975 0.00011574
9530 0.00011574
9280 0.00011574
9516 0.00011572
677 0.00011572
4747 0.00011571
6472 0.00011571
6193 0.00011571
6060 0.00011571
5585 0.00011570
6339 0.00011570
2750 0.00011567
5622 0.00011567
7082 0.00011566
9688 0.00011566
221 0.00011565
6471 0.00011564
7556 0.00011563
7635 0.00011563
8889 0.00011562
4931 0.00011559
7150 0.00011559
1389 0.00011559
7256 0.00011558
9246 0.00011555
7957 0.00011555
7156 0.00011555
4959 0.00011554
1332 0.00011553
114 0.00011553
7901 0.00011552
4916 0.00011552
3984 0.00011550
8740 0.00011550
9463 0.00011550
5970 0.00011550
8820 0.00011549
6519 0.00011548
1912 0.00011548
2237 0.00011546
5413 0.00011546
4216 0.00011545
8885 0.00011544
1425 0.00011543
7720 0.00011543
8324 0.00011542
4678 0.00011541
9123 0.00011540
8519 0.00011539
7986 0.00011539
2621 0.00011539
768 0.00011538
9864 0.00011537
3389 0.00011536
325 0.00011536
2950 0.00011536
5692 0.00011536
5311 0.00011536
8872 0.00011535
5516 0.00011534
2424 0.00011532
3233 0.00011529
3216 0.00011528
1037 0.00011528
4875 0.00011527
3838 0.00011527
6470 0.00011526
2841 0.00011525
437 0.00011525
9929 0.00011525
6817 0.00011524
359 0.00011523
9776 0.00011522
4534 0.00011522
3839 0.00011521
9303 0.00011521
7962 0.00011520
3069 0.00011519
3997 0.00011518
7239 0.00011517
8449 0.00011517
9304 0.00011517
9030 0.00011516
1075 0.00011515
7121 0.00011514
2857 0.00011512
2729 0.00011511
1061 0.00011511
9644 0.00011510
3641 0.00011510
2036 0.00011510
7733 0.00011509
224 0.00011509
2123 0.00011508
4468 0.00011507
7 0.00011507
2266 0.00011506
271 0.00011505
9835 0.00011504
9681 0.00011501
9486 0.00011501
54 0.00011501
6071 0.00011500
5171 0.00011500
4563 0.00011500
3078 0.00011499
5111 0.00011497
8960 0.00011497
7246 0.00011496
5158 0.00011496
7305 0.00011495
571 0.00011495
8936 0.00011495
4616 0.00011493
1957 0.00011493
6698 0.00011492
5766 0.00011492
7033 0.00011491
5250 0.00011491
8094 0.00011491
1145 0.00011491
8750 0.00011490
9149 0.00011489
2629 0.00011489
3605 0.00011489
8288 0.00011487
7174 0.00011487
1400 0.00011486
7597 0.00011486
9159 0.00011485
2372 0.00011485
1652 0.00011484
2442 0.00011483
3420 0.00011482
497 0.00011480
609 0.00011480
2003 0.00011480
5397 0.00011480
654 0.00011479
1022 0.00011477
5478 0.00011477
4780 0.00011475
7825 0.00011474
9247 0.00011474
5563 0.00011474
2666 0.00011474
7727 0.00011472
1356 0.00011472
8680 0.00011470
3850 0.00011469
8795 0.00011469
8423 0.00011469
8546 0.00011469
7011 0.00011468
6170 0.00011468
7947 0.00011466
2328 0.00011466
9379 0.00011466
2965 0.00011465
8107 0.00011465
5324 0.00011464
2952 0.00011464
5813 0.00011464
2781 0.00011464
5454 0.00011464
4559 0.00011464
651 0.00011463
3083 0.00011460
7148 0.00011459
1736 0.00011458
2550 0.00011457
7181 0.00011457
866 0.00011456
8066 0.00011455
9416 0.00011454
6402 0.00011452
5025 0.00011452
8788 0.00011452
260 0.00011451
263 0.00011451
1672 0.00011451
9785 0.00011451
968 0.00011450
8483 0.00011450
1084 0.00011449
5331 0.00011449
626 0.00011448
7515 0.00011446
4736 0.00011446
4571 0.00011445
8095 0.00011445
1908 0.00011445
6870 0.00011444
9790 0.00011444
600 0.00011442
8999 0.00011441
1622 0.00011439
8398 0.00011438
8253 0.00011438
1440 0.00011437
4382 0.00011436
2269 0.00011436
4651 0.00011435
29 0.00011435
1651 0.00011435
3147 0.00011435
1385 0.00011435
2720 0.00011434
9960 0.00011433
4263 0.00011433
2144 0.00011433
9087 0.00011432
1814 0.00011431
5674 0.00011431
3930 0.00011431
8075 0.00011430
9188 0.00011430
9802 0.00011429
7083 0.00011429
3927 0.00011428
3236 0.00011428
601 0.00011427
5619 0.00011426
3012 0.00011426
7320 0.00011424
6413 0.00011424
1176 0.00011423
1191 0.00011422
6631 0.00011421
6592 0.00011421
7594 0.00011419
7693 0.00011419
9923 0.00011419
8226 0.00011418
8179 0.00011417
7915 0.00011417
2862 0.00011415
5174 0.00011415
4458 0.00011413
2297 0.00011413
324 0.00011413
5150 0.00011413
3827 0.00011412
107 0.00011411
8104 0.00011409
8956 0.00011408
1415 0.00011408
3713 0.00011407
8587 0.00011407
4949 0.00011406
8396 0.00011406
4891 0.00011405
9961 0.00011405
9772 0.00011404
3440 0.00011403
7289 0.00011402
5986 0.00011401
2410 0.00011399
8958 0.00011397
4284 0.00011396
8583 0.00011395
7944 0.00011393
7443 0.00011392
1185 0.00011392
5306 0.00011390
2973 0.00011390
3357 0.00011390
8464 0.00011389
3351 0.00011388
662 0.00011388
5566 0.00011388
8518 0.00011387
8783 0.00011387
1464 0.00011386
3463 0.00011385
9432 0.00011385
3884 0.00011384
2657 0.00011384
707 0.00011381
8934 0.00011381
4802 0.00011380
7738 0.00011379
5016 0.00011379
756 0.00011376
4598 0.00011376
3648 0.00011375
2381 0.00011375
3775 0.00011374
7604 0.00011373
8791 0.00011372
7920 0.00011371
6894 0.00011371
4610 0.00011371
2511 0.00011370
3094 0.00011369
877 0.00011369
9930 0.00011369
1612 0.00011369
7010 0.00011368
8088 0.00011367
350 0.00011367
4128 0.00011366
2066 0.00011366
1977 0.00011365
590 0.00011365
558 0.00011365
168 0.00011364
1503 0.00011363
6417 0.00011363
170 0.00011363
1393 0.00011363
6659 0.00011363
7052 0.00011362
9198 0.00011362
7523 0.00011362
3843 0.00011361
6026 0.00011361
6936 0.00011360
5339 0.00011360
7306 0.00011359
83 0.00011359
2006 0.00011358
3576 0.00011358
3751 0.00011358
467 0.00011358
8929 0.00011357
7473 0.00011357
9455 0.00011356
4489 0.00011356
796 0.00011356
1916 0.00011355
6914 0.00011355
2497 0.00011355
5689 0.00011355
1637 0.00011355
588 0.00011354
4871 0.00011353
2529 0.00011353
8 0.00011353
8595 0.00011352
134 0.00011350
9817 0.00011349
3386 0.00011349
7997 0.00011348
2898 0.00011347
592 0.00011346
5125 0.00011346
8849 0.00011346
6716 0.00011344
680 0.00011344
9964 0.00011344
7866 0.00011344
7105 0.00011344
1781 0.00011343
1809 0.00011343
2813 0.00011341
9842 0.00011341
972 0.00011341
603 0.00011341
6878 0.00011340
5317 0.00011339
5727 0.00011339
1158 0.00011338
2081 0.00011338
2945 0.00011338
8486 0.00011337
5924 0.00011337
7078 0.00011337
9186 0.00011336
5704 0.00011334
4234 0.00011333
8652 0.00011333
367 0.00011333
2219 0.00011332
2493 0.00011331
6855 0.00011327
8892 0.00011327
4805 0.00011327
2631 0.00011326
876 0.00011326
3787 0.00011326
7286 0.00011325
280 0.00011325
9475 0.00011325
2619 0.00011324
6553 0.00011324
7210 0.00011323
4618 0.00011322
1407 0.00011322
6415 0.00011320
9786 0.00011319
5079 0.00011318
8763 0.00011318
8297 0.00011317
4072 0.00011317
5916 0.00011316
4408 0.00011315
2562 0.00011315
847 0.00011315
2453 0.00011314
1290 0.00011314
7180 0.00011314
8059 0.00011314
3825 0.00011313
2893 0.00011313
4120 0.00011313
8541 0.00011312
3730 0.00011311
2484 0.00011310
4193 0.00011309
7792 0.00011309
3422 0.00011307
4367 0.00011307
3817 0.00011306
3015 0.00011306
8340 0.00011305
8397 0.00011304
6412 0.00011303
2377 0.00011303
2171 0.00011303
6462 0.00011303
6068 0.00011303
8052 0.00011302
5960 0.00011301
368 0.00011301
9417 0.00011300
9579 0.00011299
8332 0.00011299
3778 0.00011299
9031 0.00011298
241 0.00011298
1533 0.00011297
5767 0.00011297
7770 0.00011297
316 0.00011296
2176 0.00011295
8667 0.00011295
5719 0.00011294
146 0.00011293
6486 0.00011293
3830 0.00011293
9496 0.00011292
1968 0.00011292
4873 0.00011289
5262 0.00011289
1738 0.00011289
2684 0.00011288
8767 0.00011288
6220 0.00011288
2278 0.00011288
5054 0.00011288
9660 0.00011287
1190 0.00011287
5238 0.00011287
468 0.00011286
3621 0.00011285
929 0.00011285
5672 0.00011284
6130 0.00011284
2606 0.00011284
7746 0.00011283
1360 0.00011282
7175 0.00011282
9200 0.00011281
7134 0.00011281
6171 0.00011280
9495 0.00011280
5966 0.00011280
824 0.00011280
3465 0.00011279
1845 0.00011279
3149 0.00011279
384 0.00011278
821 0.00011277
2624 0.00011277
5633 0.00011276
2139 0.00011276
2110 0.00011276
8386 0.00011276
6821 0.00011276
3283 0.00011275
6480 0.00011275
7168 0.00011274
3136 0.00011273
5487 0.00011273
8071 0.00011272
532 0.00011271
6806 0.00011271
6854 0.00011271
8303 0.00011270
9959 0.00011270
311 0.00011269
3820 0.00011269
8590 0.00011269
5842 0.00011269
6911 0.00011267
7382 0.00011267
1620 0.00011266
8350 0.00011266
4770 0.00011265
2419 0.00011265
3067 0.00011265
9106 0.00011263
9619 0.00011262
3093 0.00011260
2345 0.00011260
5403 0.00011259
6978 0.00011259
738 0.00011259
21 0.00011258
333 0.00011257
4560 0.00011257
7748 0.00011256
1811 0.00011256
7304 0.00011256
1093 0.00011256
7204 0.00011255
992 0.00011254
3727 0.00011253
6764 0.00011253
959 0.00011253
2630 0.00011252
7038 0.00011252
1792 0.00011252
57 0.00011251
6711 0.00011251
2060 0.00011251
7798 0.00011250
8598 0.00011250
9052 0.00011248
1794 0.00011247
3441 0.00011246
1002 0.00011246
4203 0.00011245
8542 0.00011244
568 0.00011244
20 0.00011244
8238 0.00011242
8867 0.00011242
3273 0.00011240
8260 0.00011239
3694 0.00011239
4084 0.00011238
9693 0.00011237
9099 0.00011236
4255 0.00011236
9166 0.00011235
3983 0.00011235
1328 0.00011234
7702 0.00011234
9410 0.00011233
5599 0.00011233
4537 0.00011233
2407 0.00011233
3849 0.00011232
6483 0.00011231
695 0.00011230
9058 0.00011230
7763 0.00011230
3947 0.00011228
2012 0.00011228
1964 0.00011228
4035 0.00011227
483 0.00011227
3393 0.00011227
2744 0.00011226
8814 0.00011224
5882 0.00011224
7999 0.00011223
7252 0.00011222
688 0.00011221
6769 0.00011221
3976 0.00011221
2782 0.00011221
5995 0.00011220
8861 0.00011218
304 0.00011217
7242 0.00011217
8269 0.00011214
5405 0.00011213
2707 0.00011210
1884 0.00011210
9696 0.00011210
6971 0.00011209
4507 0.00011209
8050 0.00011209
6186 0.00011206
4889 0.00011205
9641 0.00011204
1559 0.00011204
2910 0.00011204
1518 0.00011203
798 0.00011203
389 0.00011203
8785 0.00011203
6773 0.00011202
4132 0.00011202
4980 0.00011201
1405 0.00011201
641 0.00011199
5251 0.00011199
6514 0.00011199
1579 0.00011199
1201 0.00011197
5120 0.00011197
7946 0.00011197
4633 0.00011197
2343 0.00011197
3859 0.00011194
4423 0.00011194
4105 0.00011193
8981 0.00011193
347 0.00011192
775 0.00011192
6657 0.00011192
9724 0.00011192
3733 0.00011191
4168 0.00011191
4679 0.00011190
1319 0.00011189
2252 0.00011186
329 0.00011186
6788 0.00011185
627 0.00011185
5325 0.00011185
8887 0.00011185
2090 0.00011184
7911 0.00011184
3579 0.00011182
1361 0.00011181
1546 0.00011180
9444 0.00011180
1829 0.00011180
9580 0.00011179
7393 0.00011178
3448 0.00011177
1877 0.00011177
9127 0.00011176
5886 0.00011175
2528 0.00011175
3943 0.00011175
8893 0.00011174
1759 0.00011174
5997 0.00011174
8733 0.00011173
7431 0.00011173
8022 0.00011172
2769 0.00011171
203 0.00011171
9226 0.00011169
1374 0.00011167
8812 0.00011165
6034 0.00011164
6860 0.00011163
2790 0.00011163
3573 0.00011162
5616 0.00011162
1019 0.00011160
9967 0.00011158
3846 0.00011158
8701 0.00011157
1008 0.00011157
2814 0.00011157
2009 0.00011157
4440 0.00011157
2033 0.00011155
7303 0.00011154
7259 0.00011154
4149 0.00011153
3847 0.00011152
1570 0.00011152
6639 0.00011152
577 0.00011152
7506 0.00011152
289 0.00011150
5253 0.00011150
2194 0.00011150
5531 0.00011149
6117 0.00011148
7350 0.00011148
6265 0.00011148
179 0.00011147
7905 0.00011147
6550 0.00011147
3325 0.00011147
511 0.00011146
1239 0.00011146
4218 0.00011146
6710 0.00011146
9428 0.00011145
6784 0.00011145
8909 0.00011145
4074 0.00011145
6536 0.00011144
6085 0.00011144
3033 0.00011144
8284 0.00011143
4772 0.00011142
1671 0.00011142
2836 0.00011141
2845 0.00011140
4392 0.00011139
4645 0.00011138
1166 0.00011136
3446 0.00011135
4330 0.00011134
9452 0.00011134
1086 0.00011132
1161 0.00011132
8234 0.00011132
4731 0.00011132
3292 0.00011132
3736 0.00011132
3469 0.00011131
7499 0.00011130
2872 0.00011129
3402 0.00011128
708 0.00011128
9545 0.00011128
6954 0.00011127
769 0.00011127
5116 0.00011126
4173 0.00011126
6487 0.00011125
8306 0.00011124
1763 0.00011124
3318 0.00011124
5969 0.00011122
9841 0.00011121
3392 0.00011121
3636 0.00011121
210 0.00011121
3410 0.00011120
4477 0.00011120
6258 0.00011119
5611 0.00011119
9531 0.00011119
4227 0.00011118
3401 0.00011118
8375 0.00011116
4967 0.00011116
1210 0.00011114
7488 0.00011113
3507 0.00011112
9570 0.00011112
6159 0.00011111
3586 0.00011108
1153 0.00011108
1131 0.00011107
781 0.00011106
1900 0.00011105
4340 0.00011104
4782 0.00011104
7880 0.00011104
6289 0.00011102
7251 0.00011102
5166 0.00011102
61 0.00011101
2188 0.00011100
8399 0.00011099
1819 0.00011099
6473 0.00011098
4758 0.00011097
3523 0.00011097
2079 0.00011094
4066 0.00011094
3581 0.00011093
7041 0.00011092
9715 0.00011092
8299 0.00011092
6521 0.00011091
4866 0.00011091
1055 0.00011091
7189 0.00011090
9470 0.00011089
5770 0.00011089
9419 0.00011088
4829 0.00011087
10 0.00011087
1325 0.00011086
2642 0.00011085
2271 0.00011084
8452 0.00011083
1748 0.00011083
1524 0.00011081
490 0.00011081
4493 0.00011079
3391 0.00011079
608 0.00011078
2806 0.00011077
5968 0.00011077
976 0.00011076
3977 0.00011076
4445 0.00011075
7701 0.00011075
921 0.00011074
8435 0.00011072
6783 0.00011071
5218 0.00011070
9589 0.00011069
4503 0.00011069
4142 0.00011068
1117 0.00011068
2834 0.00011068
97 0.00011067
931 0.00011067
4297 0.00011066
4826 0.00011066
3390 0.00011065
3100 0.00011064
9779 0.00011063
7892 0.00011062
4759 0.00011061
9799 0.00011061
3057 0.00011059
3881 0.00011059
4876 0.00011058
1062 0.00011057
2106 0.00011057
2542 0.00011056
1395 0.00011056
8725 0.00011056
561 0.00011056
7772 0.00011055
2268 0.00011055
6353 0.00011054
3187 0.00011052
6595 0.00011052
5283 0.00011052
986 0.00011051
3703 0.00011051
8992 0.00011051
4564 0.00011050
7896 0.00011050
1931 0.00011050
9810 0.00011050
9168 0.00011049
5404 0.00011049
2085 0.00011048
408 0.00011048
8414 0.00011048
4608 0.00011047
8628 0.00011047
3437 0.00011047
2908 0.00011047
1301 0.00011046
8079 0.00011046
2354 0.00011046
4646 0.00011046
7668 0.00011045
2466 0.00011045
1999 0.00011044
7379 0.00011043
5140 0.00011043
5376 0.00011041
5645 0.00011041
9116 0.00011040
4885 0.00011039
7502 0.00011039
2533 0.00011039
2773 0.00011039
737 0.00011038
8726 0.00011037
8851 0.00011037
7657 0.00011036
8017 0.00011036
4531 0.00011036
3779 0.00011036
4062 0.00011035
6810 0.00011035
9407 0.00011034
9281 0.00011034
5224 0.00011034
5266 0.00011033
1424 0.00011033
2196 0.00011032
4286 0.00011031
6725 0.00011030
6569 0.00011029
2184 0.00011029
5181 0.00011029
7959 0.00011029
7546 0.00011029
2838 0.00011029
8232 0.00011027
2926 0.00011027
4924 0.00011025
440 0.00011025
2737 0.00011025
8923 0.00011024
6058 0.00011024
6422 0.00011024
266 0.00011024
7951 0.00011023
9406 0.00011023
3466 0.00011023
3198 0.00011022
1854 0.00011022
1920 0.00011022
3375 0.00011021
9443 0.00011019
1122 0.00011019
2757 0.00011019
9271 0.00011018
3271 0.00011018
9083 0.00011018
5167 0.00011018
9162 0.00011018
4604 0.00011018
7834 0.00011017
3025 0.00011017
1501 0.00011017
383 0.00011016
7157 0.00011016
3424 0.00011016
9877 0.00011016
9757 0.00011016
8341 0.00011015
7208 0.00011015
144 0.00011015
6335 0.00011015
9640 0.00011015
9032 0.00011014
4597 0.00011014
2038 0.00011014
6717 0.00011013
589 0.00011012
1001 0.00011012
8988 0.00011009
7736 0.00011009
4019 0.00011009
2672 0.00011008
5663 0.00011008
8070 0.00011006
4542 0.00011005
2077 0.00011004
8873 0.00011003
5149 0.00011003
5067 0.00011003
6356 0.00011002
2366 0.00011002
4481 0.00011001
4649 0.00011001
4552 0.00011001
6620 0.00010999
238 0.00010998
3913 0.00010998
3395 0.00010997
6385 0.00010997
3064 0.00010996
5259 0.00010996
5626 0.00010996
5838 0.00010995
5227 0.00010995
4578 0.00010994
1436 0.00010993
3182 0.00010992
7753 0.00010992
4174 0.00010991
3178 0.00010991
5667 0.00010991
4466 0.00010990
1372 0.00010989
933 0.00010988
2902 0.00010988
2665 0.00010988
7190 0.00010988
9217 0.00010987
5744 0.00010986
9272 0.00010986
2293 0.00010986
8471 0.00010986
1485 0.00010986
2972 0.00010984
9167 0.00010984
2222 0.00010984
8363 0.00010983
4544 0.00010983
3365 0.00010981
1539 0.00010980
3241 0.00010979
5784 0.00010978
3513 0.00010978
9257 0.00010978
8759 0.00010977
5990 0.00010975
407 0.00010975
2016 0.00010973
5148 0.00010973
92 0.00010972
1417 0.00010972
6687 0.00010971
4862 0.00010971
9718 0.00010971
9459 0.00010970
9647 0.00010969
509 0.00010969
2368 0.00010969
4160 0.00010969
8858 0.00010969
7933 0.00010969
3600 0.00010968
1399 0.00010967
2675 0.00010967
4966 0.00010966
4527 0.00010965
6886 0.00010965
989 0.00010964
9094 0.00010964
390 0.00010964
2546 0.00010961
2224 0.00010961
2113 0.00010961
9902 0.00010960
7202 0.00010960
2097 0.00010959
4332 0.00010959
3685 0.00010956
3986 0.00010956
6259 0.00010954
7536 0.00010954
3555 0.00010954
1313 0.00010954
835 0.00010953
7065 0.00010953
5972 0.00010951
8834 0.00010950
2394 0.00010950
3133 0.00010949
5529 0.00010949
117 0.00010949
3349 0.00010949
2817 0.00010949
3840 0.00010948
620 0.00010947
6095 0.00010947
8904 0.00010947
8613 0.00010946
6951 0.00010946
8780 0.00010945
5629 0.00010945
670 0.00010944
8309 0.00010941
9342 0.00010941
1885 0.00010940
6324 0.00010940
9092 0.00010939
5124 0.00010939
3428 0.00010938
7918 0.00010938
2559 0.00010938
5807 0.00010938
7749 0.00010937
1816 0.00010937
15 0.00010937
7615 0.00010934
4051 0.00010934
5737 0.00010933
2125 0.00010931
5883 0.00010931
5661 0.00010930
6000 0.00010930
1590 0.00010930
7533 0.00010929
1844 0.00010929
2332 0.00010929
6099 0.00010928
8500 0.00010928
5777 0.00010928
1480 0.00010927
6021 0.00010926
1638 0.00010926
2688 0.00010925
6612 0.00010922
2700 0.00010922
2951 0.00010921
2138 0.00010921
1317 0.00010921
5122 0.00010921
7740 0.00010920
5721 0.00010920
8798 0.00010919
7747 0.00010919
7879 0.00010918
875 0.00010918
4565 0.00010916
6299 0.00010916
1213 0.00010916
9962 0.00010915
932 0.00010915
797 0.00010915
8879 0.00010914
5162 0.00010914
1474 0.00010912
8137 0.00010911
4932 0.00010910
7600 0.00010910
9874 0.00010910
3886 0.00010910
6572 0.00010909
7077 0.00010909
4436 0.00010909
9621 0.00010908
6970 0.00010908
2220 0.00010907
8431 0.00010906
8773 0.00010905
2623 0.00010905
580 0.00010905
3744 0.00010904
889 0.00010903
5200 0.00010903
2739 0.00010903
3662 0.00010902
4043 0.00010901
8633 0.00010901
2089 0.00010900
4525 0.00010900
1457 0.00010899
2 0.00010898
8208 0.00010897
9592 0.00010897
9468 0.00010896
4783 0.00010896
8866 0.00010896
4117 0.00010895
1308 0.00010895
686 0.00010895
7875 0.00010893
1992 0.00010892
6986 0.00010892
5235 0.00010891
3515 0.00010891
9652 0.00010889
5604 0.00010889
8684 0.00010886
436 0.00010885
5088 0.00010884
479 0.00010884
6276 0.00010883
1143 0.00010883
3939 0.00010882
4933 0.00010881
4179 0.00010881
7406 0.00010880
264 0.00010880
2416 0.00010879
8448 0.00010879
8049 0.00010879
8178 0.00010879
7412 0.00010878
8897 0.00010878
3159 0.00010877
8053 0.00010877
3493 0.00010877
6690 0.00010877
1427 0.00010877
6697 0.00010875
772 0.00010874
9608 0.00010872
312 0.00010871
161 0.00010869
3969 0.00010869
5313 0.00010867
1021 0.00010866
2609 0.00010866
5615 0.00010866
9750 0.00010864
6643 0.00010864
2740 0.00010864
382 0.00010863
16 0.00010862
1998 0.00010862
7912 0.00010861
7480 0.00010861
2620 0.00010860
4034 0.00010860
243 0.00010859
7131 0.00010858
4755 0.00010858
4769 0.00010857
3108 0.00010857
9702 0.00010856
3946 0.00010855
4131 0.00010853
2961 0.00010852
1944 0.00010851
538 0.00010851
9950 0.00010851
2653 0.00010850
8588 0.00010849
3518 0.00010849
4682 0.00010848
1160 0.00010847
3126 0.00010847
356 0.00010846
4416 0.00010846
6223 0.00010845
7781 0.00010845
9634 0.00010845
1663 0.00010844
3975 0.00010844
2284 0.00010843
531 0.00010843
9471 0.00010842
5877 0.00010842
1692 0.00010841
2073 0.00010841
3107 0.00010841
7619 0.00010840
6616 0.00010840
1373 0.00010839
946 0.00010839
6273 0.00010838
9129 0.00010838
1125 0.00010837
3059 0.00010835
216 0.00010835
7696 0.00010834
3592 0.00010834
3016 0.00010833
9596 0.00010833
9743 0.00010832
1707 0.00010831
1745 0.00010831
5930 0.00010830
5348 0.00010830
2147 0.00010830
9583 0.00010830
8304 0.00010829
3458 0.00010829
3471 0.00010829
9401 0.00010829
5841 0.00010829
9348 0.00010827
4528 0.00010823
4926 0.00010823
5556 0.00010822
8622 0.00010821
308 0.00010821
1018 0.00010820
7405 0.00010820
2002 0.00010819
7870 0.00010819
8273 0.00010819
4428 0.00010819
4016 0.00010817
4808 0.00010817
2628 0.00010815
8721 0.00010814
6003 0.00010814
2098 0.00010812
9414 0.00010812
9618 0.00010812
754 0.00010810
7558 0.00010810
3124 0.00010810
587 0.00010809
9317 0.00010809
9986 0.00010808
8134 0.00010807
7651 0.00010807
4993 0.00010807
749 0.00010807
4992 0.00010806
1477 0.00010806
9460 0.00010805
8037 0.00010805
2272 0.00010804
6476 0.00010801
118 0.00010801
5415 0.00010799
5212 0.00010799
7724 0.00010798
5423 0.00010798
4556 0.00010798
3188 0.00010797
2052 0.00010797
553 0.00010796
3543 0.00010796
3593 0.00010794
4668 0.00010794
7843 0.00010793
4640 0.00010792
3129 0.00010792
8424 0.00010792
4262 0.00010791
7979 0.00010791
5980 0.00010790
7072 0.00010790
3324 0.00010789
455 0.00010786
945 0.00010786
3282 0.00010786
4271 0.00010784
8376 0.00010783
2706 0.00010783
9533 0.00010783
4455 0.00010782
5298 0.00010781
4692 0.00010779
5263 0.00010778
6049 0.00010777
7483 0.00010776
8688 0.00010776
2166 0.00010775
5558 0.00010775
9692 0.00010773
564 0.00010773
8078 0.00010772
3316 0.00010771
4039 0.00010770
2804 0.00010769
1967 0.00010768
1458 0.00010768
5612 0.00010765
9622 0.00010765
987 0.00010764
9675 0.00010764
6718 0.00010764
8275 0.00010762
2830 0.00010761
4613 0.00010761
2988 0.00010761
602 0.00010760
3654 0.00010759
2264 0.00010758
1102 0.00010756
7567 0.00010756
6844 0.00010756
199 0.00010756
4123 0.00010756
4210 0.00010755
198 0.00010755
7603 0.00010754
7867 0.00010754
3676 0.00010753
4209 0.00010753
6118 0.00010753
8027 0.00010753
7113 0.00010752
4806 0.00010752
7667 0.00010752
9327 0.00010751
954 0.00010751
5461 0.00010751
132 0.00010751
3747 0.00010750
9411 0.00010750
8401 0.00010750
6251 0.00010746
5664 0.00010745
153 0.00010745
6235 0.00010745
7008 0.00010744
9637 0.00010744
4355 0.00010743
2907 0.00010743
6227 0.00010742
1597 0.00010742
8339 0.00010741
2296 0.00010739
709 0.00010737
9484 0.00010737
7859 0.00010737
8308 0.00010736
4579 0.00010736
4654 0.00010735
3003 0.00010735
3249 0.00010735
9260 0.00010735
1984 0.00010735
828 0.00010734
8479 0.00010733
3118 0.00010732
120 0.00010732
1881 0.00010732
3160 0.00010731
4641 0.00010731
5866 0.00010730
6306 0.00010729
6479 0.00010729
1963 0.00010728
3250 0.00010728
421 0.00010727
9667 0.00010727
7439 0.00010727
1724 0.00010726
4943 0.00010725
1183 0.00010725
4948 0.00010725
6962 0.00010725
2514 0.00010724
2226 0.00010724
5732 0.00010724
1808 0.00010723
9147 0.00010720
7094 0.00010719
2927 0.00010719
5293 0.00010719
2795 0.00010718
5826 0.00010717
6981 0.00010717
5056 0.00010717
152 0.00010716
1287 0.00010716
9768 0.00010715
66 0.00010713
5805 0.00010713
219 0.00010713
6566 0.00010713
6528 0.00010712
6478 0.00010712
136 0.00010709
5355 0.00010709
5577 0.00010709
7050 0.00010708
832 0.00010707
581 0.00010706
5653 0.00010705
4757 0.00010705
3195 0.00010704
971 0.00010703
3243 0.00010703
5310 0.00010702
4850 0.00010701
6451 0.00010701
7403 0.00010700
5550 0.00010698
975 0.00010698
4030 0.00010698
7695 0.00010698
1517 0.00010698
5382 0.00010698
4140 0.00010698
4333 0.00010697
265 0.00010696
8626 0.00010696
1154 0.00010695
1857 0.00010693
5373 0.00010692
2613 0.00010691
7028 0.00010691
7087 0.00010690
7607 0.00010690
9331 0.00010690
8058 0.00010690
158 0.00010689
6889 0.00010688
8682 0.00010688
1602 0.00010688
9458 0.00010686
1218 0.00010686
751 0.00010684
5039 0.00010684
3048 0.00010684
6625 0.00010683
4957 0.00010680
2899 0.00010680
3132 0.00010679
4471 0.00010679
2301 0.00010679
7006 0.00010679
9185 0.00010678
6175 0.00010678
924 0.00010678
5297 0.00010677
426 0.00010677
4464 0.00010676
8808 0.00010676
5066 0.00010675
7886 0.00010675
8451 0.00010674
834 0.00010674
2940 0.00010674
5945 0.00010674
3726 0.00010674
1751 0.00010673
1451 0.00010673
1224 0.00010672
6537 0.00010672
6564 0.00010672
3191 0.00010671
9806 0.00010670
1997 0.00010670
5854 0.00010670
2601 0.00010669
8559 0.00010669
457 0.00010668
3137 0.00010668
6354 0.00010667
8713 0.00010667
5135 0.00010667
8496 0.00010667
1630 0.00010666
6941 0.00010666
6334 0.00010665
1329 0.00010665
5061 0.00010665
4236 0.00010664
282 0.00010663
4901 0.00010663
8074 0.00010663
127 0.00010663
6366 0.00010661
3923 0.00010661
3797 0.00010661
9328 0.00010660
37 0.00010660
3104 0.00010659
2454 0.00010659
1516 0.00010658
1906 0.00010658
5828 0.00010658
1367 0.00010657
4775 0.00010657
6640 0.00010656
9738 0.00010656
572 0.00010656
1996 0.00010656
5197 0.00010655
41 0.00010655
8690 0.00010655
567 0.00010654
3412 0.00010654
6469 0.00010654
2153 0.00010654
2385 0.00010653
4321 0.00010652
8019 0.00010651
854 0.00010648
1512 0.00010648
849 0.00010646
6688 0.00010646
5956 0.00010645
7535 0.00010645
338 0.00010644
9730 0.00010644
9878 0.00010643
6811 0.00010642
2156 0.00010640
5830 0.00010639
6921 0.00010638
865 0.00010638
6920 0.00010636
2460 0.00010636
4981 0.00010634
5483 0.00010634
1438 0.00010633
3180 0.00010632
1550 0.00010629
5907 0.00010629
7290 0.00010629
4892 0.00010629
8847 0.00010628
6899 0.00010628
4753 0.00010627
9395 0.00010625
4922 0.00010625
8839 0.00010624
7852 0.00010622
3328 0.00010621
98 0.00010620
2969 0.00010619
2444 0.00010619
6376 0.00010618
7176 0.00010617
7940 0.00010616
5914 0.00010615
1248 0.00010614
8419 0.00010613
2587 0.00010613
6023 0.00010612
3887 0.00010610
7931 0.00010610
886 0.00010610
7716 0.00010610
8584 0.00010609
2068 0.00010609
5407 0.00010606
1432 0.00010605
4404 0.00010605
5761 0.00010604
5928 0.00010604
9508 0.00010602
6442 0.00010601
9848 0.00010601
9543 0.00010601
1664 0.00010601
1600 0.00010601
2481 0.00010599
276 0.00010598
2971 0.00010598
3112 0.00010596
4126 0.00010596
2638 0.00010595
3445 0.00010595
6506 0.00010595
7124 0.00010592
7447 0.00010591
6390 0.00010590
6757 0.00010590
2955 0.00010589
5081 0.00010588
9705 0.00010587
1640 0.00010587
4838 0.00010586
5772 0.00010586
3658 0.00010584
1775 0.00010584
2820 0.00010584
3720 0.00010583
9812 0.00010583
191 0.00010583
3902 0.00010582
8008 0.00010582
885 0.00010581
1790 0.00010581
5270 0.00010580
3748 0.00010580
2403 0.00010580
5123 0.00010579
5952 0.00010579
8132 0.00010579
6325 0.00010579
5509 0.00010579
2086 0.00010579
6449 0.00010579
4944 0.00010578
9065 0.00010578
7120 0.00010578
5462 0.00010577
3472 0.00010577
3962 0.00010576
4984 0.00010575
8434 0.00010575
8707 0.00010574
6298 0.00010574
1682 0.00010574
8182 0.00010573
4319 0.00010570
2143 0.00010570
6420 0.00010568
516 0.00010568
8761 0.00010568
422 0.00010568
9983 0.00010568
2691 0.00010567
9800 0.00010566
7631 0.00010566
8883 0.00010566
458 0.00010565
9100 0.00010564
1569 0.00010563
5675 0.00010561
5589 0.00010560
9538 0.00010560
6053 0.00010560
5265 0.00010560
7418 0.00010559
8951 0.00010559
7827 0.00010558
1262 0.00010558
2136 0.00010558
8996 0.00010556
34 0.00010556
8156 0.00010555
4923 0.00010555
9117 0.00010552
7327 0.00010552
8404 0.00010552
8455 0.00010551
6197 0.00010551
9095 0.00010550
4295 0.00010549
8781 0.00010549
1753 0.00010548
4437 0.00010548
9949 0.00010548
8193 0.00010548
2011 0.00010548
8695 0.00010546
9329 0.00010546
4418 0.00010545
6280 0.00010545
5095 0.00010545
2900 0.00010545
1582 0.00010545
8348 0.00010545
7810 0.00010545
682 0.00010544
3925 0.00010544
8568 0.00010544
8215 0.00010544
3219 0.00010543
8221 0.00010543
5296 0.00010542
2235 0.00010542
3832 0.00010540
539 0.00010540
5532 0.00010540
1348 0.00010539
24 0.00010538
2828 0.00010537
259 0.00010537
9350 0.00010535
7195 0.00010535
969 0.00010534
5004 0.00010534
59 0.00010533
1193 0.00010533
8159 0.00010533
4774 0.00010532
2231 0.00010532
4343 0.00010532
6831 0.00010531
5470 0.00010531
8108 0.00010530
9441 0.00010529
6724 0.00010529
9882 0.00010529
9758 0.00010529
8378 0.00010528
1121 0.00010528
3361 0.00010527
7107 0.00010527
3889 0.00010527
9231 0.00010527
1468 0.00010527
5215 0.00010527
7223 0.00010526
3006 0.00010526
2298 0.00010524
8331 0.00010524
8099 0.00010522
9891 0.00010522
5315 0.00010522
122 0.00010522
2818 0.00010521
4611 0.00010521
3991 0.00010521
9447 0.00010520
2421 0.00010520
5032 0.00010519
6938 0.00010519
2440 0.00010518
9643 0.00010517
2937 0.00010517
2509 0.00010516
2185 0.00010515
4975 0.00010515
6302 0.00010515
8507 0.00010514
8266 0.00010514
4963 0.00010512
4052 0.00010512
322 0.00010511
3790 0.00010510
6461 0.00010510
3018 0.00010510
4906 0.00010510
1784 0.00010508
7876 0.00010508
3878 0.00010508
6882 0.00010508
9837 0.00010508
693 0.00010507
4058 0.00010507
9373 0.00010507
2793 0.00010506
6928 0.00010505
5662 0.00010505
2701 0.00010504
9213 0.00010504
2683 0.00010504
6517 0.00010503
2686 0.00010503
8711 0.00010502
2178 0.00010502
3707 0.00010501
91 0.00010500
4779 0.00010499
1732 0.00010499
3512 0.00010498
7862 0.00010497
7818 0.00010497
4109 0.00010496
7994 0.00010496
4554 0.00010496
9054 0.00010495
9120 0.00010495
9684 0.00010495
2685 0.00010495
3585 0.00010494
6183 0.00010494
4515 0.00010493
3717 0.00010490
8197 0.00010490
2591 0.00010489
7128 0.00010488
6965 0.00010486
2523 0.00010485
7277 0.00010485
5214 0.00010485
6839 0.00010485
7013 0.00010484
503 0.00010483
1786 0.00010483
3833 0.00010482
3374 0.00010480
6463 0.00010479
2093 0.00010479
2043 0.00010478
9114 0.00010478
4411 0.00010478
2120 0.00010478
8258 0.00010477
5419 0.00010476
6845 0.00010474
2215 0.00010474
6931 0.00010473
9796 0.00010472
4896 0.00010472
8028 0.00010472
4918 0.00010472
3296 0.00010471
9302 0.00010471
5497 0.00010470
7111 0.00010470
2448 0.00010470
1556 0.00010470
3254 0.00010469
6667 0.00010469
5696 0.00010469
6800 0.00010468
7160 0.00010467
7383 0.00010467
7687 0.00010466
4792 0.00010465
8368 0.00010465
4369 0.00010465
5011 0.00010464
9085 0.00010464
3606 0.00010463
6755 0.00010463
125 0.00010463
645 0.00010462
5014 0.00010461
629 0.00010461
2121 0.00010460
6492 0.00010460
4765 0.00010460
2007 0.00010460
6081 0.00010459
7894 0.00010459
4266 0.00010455
8599 0.00010455
7525 0.00010455
7830 0.00010454
1379 0.00010454
5329 0.00010453
2874 0.00010451
7853 0.00010451
2223 0.00010451
4756 0.00010451
2267 0.00010451
8317 0.00010451
8752 0.00010450
4196 0.00010450
2365 0.00010449
7899 0.00010449
7216 0.00010448
9765 0.00010448
1097 0.00010448
166 0.00010447
8685 0.00010447
9762 0.00010446
3434 0.00010446
459 0.00010446
9821 0.00010445
1633 0.00010445
9426 0.00010445
2356 0.00010445
35 0.00010445
14 0.00010444
7196 0.00010444
6322 0.00010444
8366 0.00010443
3262 0.00010442
3624 0.00010441
5234 0.00010441
6166 0.00010441
6153 0.00010441
3113 0.00010441
185 0.00010439
7352 0.00010439
9202 0.00010438
544 0.00010437
6122 0.00010437
6720 0.00010437
8085 0.00010436
3315 0.00010436
9562 0.00010436
6377 0.00010436
1429 0.00010436
4239 0.00010436
8394 0.00010435
902 0.00010435
2705 0.00010434
7362 0.00010433
881 0.00010431
3165 0.00010430
7599 0.00010430
7245 0.00010429
4275 0.00010429
1352 0.00010428
1634 0.00010428
3218 0.00010427
9224 0.00010427
447 0.00010425
3853 0.00010424
366 0.00010424
4081 0.00010424
4273 0.00010423
9932 0.00010423
6727 0.00010421
2076 0.00010421
4768 0.00010421
4145 0.00010420
6287 0.00010419
2894 0.00010419
6260 0.00010418
3312 0.00010417
9809 0.00010417
4698 0.00010417
6210 0.00010417
5571 0.00010417
1675 0.00010416
9472 0.00010415
1192 0.00010415
7611 0.00010414
9649 0.00010414
5121 0.00010414
660 0.00010414
3649 0.00010413
6367 0.00010413
4170 0.00010413
5747 0.00010413
220 0.00010413
4158 0.00010413
2805 0.00010412
9297 0.00010412
3197 0.00010412
3491 0.00010412
5951 0.00010411
7096 0.00010410
9913 0.00010410
8801 0.00010409
8610 0.00010408
3544 0.00010408
646 0.00010408
138 0.00010407
7561 0.00010405
452 0.00010405
6542 0.00010405
7391 0.00010404
5775 0.00010403
7314 0.00010403
8356 0.00010403
5759 0.00010402
2004 0.00010402
1283 0.00010401
2230 0.00010401
6250 0.00010401
6546 0.00010401
7627 0.00010400
8023 0.00010400
9383 0.00010400
7983 0.00010400
5862 0.00010399
697 0.00010399
9737 0.00010398
8490 0.00010397
2534 0.00010397
4475 0.00010397
2548 0.00010396
3039 0.00010395
1181 0.00010394
606 0.00010394
2743 0.00010394
5131 0.00010394
4822 0.00010394
9632 0.00010393
314 0.00010393
9064 0.00010392
8898 0.00010392
5779 0.00010392
8635 0.00010390
2331 0.00010389
2655 0.00010389
8995 0.00010388
8811 0.00010388
5434 0.00010387
8558 0.00010387
1358 0.00010387
4152 0.00010387
1403 0.00010386
7086 0.00010385
6490 0.00010385
7345 0.00010384
3190 0.00010384
4740 0.00010384
4406 0.00010383
1704 0.00010383
9369 0.00010382
2399 0.00010382
3215 0.00010381
7932 0.00010381
9853 0.00010379
5652 0.00010379
1162 0.00010378
9851 0.00010377
6892 0.00010377
8280 0.00010377
5395 0.00010376
5923 0.00010375
2967 0.00010375
8032 0.00010375
7394 0.00010374
4300 0.00010372
9868 0.00010371
1445 0.00010371
799 0.00010371
8246 0.00010369
6207 0.00010369
1469 0.00010368
4201 0.00010368
3949 0.00010368
2904 0.00010366
8051 0.00010365
464 0.00010365
9525 0.00010365
728 0.00010365
8251 0.00010364
507 0.00010364
5985 0.00010364
5870 0.00010363
9503 0.00010363
135 0.00010363
3151 0.00010363
7325 0.00010362
4540 0.00010361
6966 0.00010361
9161 0.00010359
3407 0.00010358
1616 0.00010358
3740 0.00010358
6995 0.00010358
8417 0.00010358
1577 0.00010357
2363 0.00010357
17 0.00010356
4734 0.00010355
2825 0.00010355
4200 0.00010354
911 0.00010354
237 0.00010354
3625 0.00010353
6552 0.00010353
396 0.00010353
7785 0.00010352
7995 0.00010352
2311 0.00010350
4450 0.00010350
3810 0.00010350
2574 0.00010349
7420 0.00010349
4185 0.00010348
6626 0.00010348
8268 0.00010348
6097 0.00010348
8625 0.00010348
7402 0.00010347
9844 0.00010346
897 0.00010346
8142 0.00010345
8175 0.00010345
4907 0.00010345
4108 0.00010344
5878 0.00010343
8143 0.00010343
6729 0.00010343
7267 0.00010342
444 0.00010342
5712 0.00010342
1171 0.00010342
6722 0.00010342
3596 0.00010341
5873 0.00010341
3028 0.00010340
5594 0.00010340
4260 0.00010339
6190 0.00010338
9453 0.00010337
3278 0.00010336
7390 0.00010336
6083 0.00010335
9488 0.00010335
4190 0.00010334
4915 0.00010334
2508 0.00010333
1368 0.00010333
4680 0.00010332
1643 0.00010331
7230 0.00010331
3980 0.00010331
2396 0.00010331
8510 0.00010330
1136 0.00010329
2191 0.00010328
8323 0.00010327
6022 0.00010327
9033 0.00010326
5559 0.00010326
1007 0.00010326
6313 0.00010326
7209 0.00010325
1910 0.00010325
8567 0.00010323
9564 0.00010322
2274 0.00010322
5640 0.00010322
5863 0.00010321
5445 0.00010321
4264 0.00010318
3607 0.00010318
8896 0.00010318
3120 0.00010318
5788 0.00010317
569 0.00010316
9071 0.00010316
1207 0.00010316
6431 0.00010315
9216 0.00010314
7574 0.00010314
5408 0.00010314
3047 0.00010313
8038 0.00010312
6598 0.00010311
6321 0.00010311
2579 0.00010310
1578 0.00010309
3888 0.00010309
3142 0.00010309
5900 0.00010308
8127 0.00010308
9427 0.00010307
3468 0.00010306
5022 0.00010306
535 0.00010306
7505 0.00010306
8718 0.00010306
9473 0.00010306
7993 0.00010305
9734 0.00010305
8888 0.00010305
7723 0.00010304
657 0.00010303
8505 0.00010301
2187 0.00010300
5440 0.00010300
5272 0.00010300
7034 0.00010299
839 0.00010297
9556 0.00010296
4844 0.00010295
4354 0.00010294
9749 0.00010294
3509 0.00010292
6308 0.00010292
2920 0.00010292
4383 0.00010291
9211 0.00010291
4205 0.00010291
1472 0.00010290
176 0.00010290
1822 0.00010289
7349 0.00010288
454 0.00010287
2000 0.00010287
5350 0.00010286
5221 0.00010286
826 0.00010286
8117 0.00010286
5758 0.00010286
9493 0.00010286
6241 0.00010285
9859 0.00010283
3097 0.00010283
4899 0.00010283
9781 0.00010282
8971 0.00010281
9055 0.00010280
6825 0.00010280
7643 0.00010279
1236 0.00010279
7606 0.00010279
1404 0.00010276
7198 0.00010276
6002 0.00010274
7685 0.00010272
1072 0.00010272
8516 0.00010271
4363 0.00010270
714 0.00010270
3700 0.00010269
1241 0.00010266
7270 0.00010266
6794 0.00010265
4669 0.00010265
2709 0.00010263
1375 0.00010262
4102 0.00010261
6196 0.00010261
6883 0.00010261
6132 0.00010261
5644 0.00010260
3804 0.00010260
5437 0.00010259
705 0.00010258
7062 0.00010258
8547 0.00010258
6984 0.00010258
8543 0.00010257
9074 0.00010256
1115 0.00010255
5750 0.00010255
8822 0.00010254
4328 0.00010254
8526 0.00010253
8383 0.00010253
2418 0.00010252
7364 0.00010250
7084 0.00010250
1492 0.00010249
4360 0.00010248
9009 0.00010247
4397 0.00010247
2023 0.00010247
1342 0.00010246
5590 0.00010245
9354 0.00010244
2690 0.00010241
9976 0.00010241
704 0.00010240
3705 0.00010240
6326 0.00010240
8926 0.00010240
4032 0.00010239
6733 0.00010238
6830 0.00010238
818 0.00010238
6554 0.00010237
8152 0.00010236
1659 0.00010236
699 0.00010236
5731 0.00010235
9345 0.00010235
9423 0.00010234
1029 0.00010234
3343 0.00010234
2763 0.00010233
6234 0.00010233
2504 0.00010232
4895 0.00010231
7824 0.00010230
2722 0.00010229
2061 0.00010228
2734 0.00010228
4306 0.00010227
4462 0.00010227
6644 0.00010226
8469 0.00010226
777 0.00010225
2710 0.00010223
4366 0.00010222
9482 0.00010222
8700 0.00010222
7357 0.00010222
3858 0.00010222
3836 0.00010221
1960 0.00010221
948 0.00010220
9571 0.00010220
1673 0.00010220
905 0.00010220
7269 0.00010218
998 0.00010217
3429 0.00010217
6292 0.00010216
8061 0.00010214
4723 0.00010214
6382 0.00010214
7039 0.00010214
1951 0.00010213
2502 0.00010212
7884 0.00010212
1271 0.00010212
634 0.00010212
5881 0.00010211
5099 0.00010211
6103 0.00010211
4055 0.00010211
19 0.00010209
1220 0.00010209
5835 0.00010208
6683 0.00010208
3432 0.00010207
3447 0.00010207
681 0.00010207
4955 0.00010204
871 0.00010204
7164 0.00010204
4059 0.00010204
3776 0.00010204
6394 0.00010203
2839 0.00010203
3549 0.00010203
2507 0.00010203
4991 0.00010202
7787 0.00010200
1100 0.00010200
5024 0.00010200
6535 0.00010199
3306 0.00010198
131 0.00010196
3710 0.00010196
9467 0.00010195
3232 0.00010195
2275 0.00010195
9568 0.00010195
3423 0.00010195
8327 0.00010194
1370 0.00010194
1610 0.00010193
2852 0.00010191
140 0.00010190
2182 0.00010190
378 0.00010190
6406 0.00010189
4345 0.00010189
2932 0.00010188
8485 0.00010188
2348 0.00010188
547 0.00010187
3322 0.00010187
9228 0.00010187
2412 0.00010187
6381 0.00010185
5702 0.00010185
3369 0.00010183
8955 0.00010183
939 0.00010183
4898 0.00010183
2369 0.00010182
4854 0.00010181
4612 0.00010180
605 0.00010180
1810 0.00010180
7649 0.00010179
4194 0.00010179
595 0.00010179
3665 0.00010178
6555 0.00010177
3769 0.00010176
3150 0.00010176
4277 0.00010175
6212 0.00010175
3284 0.00010175
3516 0.00010170
5627 0.00010170
5377 0.00010169
2338 0.00010168
3961 0.00010168
1893 0.00010167
5426 0.00010167
8040 0.00010167
1691 0.00010166
9066 0.00010166
7475 0.00010164
7910 0.00010163
8089 0.00010163
6583 0.00010163
8571 0.00010163
5911 0.00010163
4954 0.00010161
7978 0.00010161
2990 0.00010161
2193 0.00010161
4675 0.00010161
9645 0.00010160
6162 0.00010160
3008 0.00010160
1233 0.00010160
3128 0.00010159
6337 0.00010158
3670 0.00010157
7211 0.00010157
4018 0.00010157
496 0.00010157
4075 0.00010156
9124 0.00010155
5153 0.00010155
639 0.00010154
1179 0.00010153
1834 0.00010152
3204 0.00010152
7408 0.00010152
1305 0.00010152
5451 0.00010152
8333 0.00010151
8804 0.00010151
1129 0.00010151
7244 0.00010150
5768 0.00010150
5654 0.00010149
6084 0.00010149
7718 0.00010148
6288 0.00010148
1545 0.00010148
7670 0.00010148
9349 0.00010148
1840 0.00010147
6054 0.00010147
1864 0.00010147
3024 0.00010147
1871 0.00010144
6673 0.00010144
668 0.00010144
8876 0.00010144
1411 0.00010143
4606 0.00010143
3722 0.00010141
297 0.00010140
3921 0.00010140
4033 0.00010140
8407 0.00010140
2172 0.00010139
2891 0.00010139
2349 0.00010139
9694 0.00010138
6004 0.00010136
9517 0.00010135
2122 0.00010134
7154 0.00010133
2005 0.00010133
8477 0.00010133
525 0.00010132
6789 0.00010132
1306 0.00010131
9557 0.00010130
400 0.00010130
9377 0.00010130
5797 0.00010130
1327 0.00010129
1273 0.00010128
966 0.00010128
1280 0.00010128
8164 0.00010128
2359 0.00010128
8003 0.00010127
9656 0.00010127
3007 0.00010127
2409 0.00010126
1696 0.00010126
6249 0.00010124
2524 0.00010123
1209 0.00010123
7952 0.00010122
6615 0.00010122
7058 0.00010122
3739 0.00010122
6678 0.00010122
7053 0.00010121
7080 0.00010121
9212 0.00010121
9760 0.00010121
2662 0.00010120
8512 0.00010120
2492 0.00010118
638 0.00010118
3709 0.00010118
649 0.00010117
1078 0.00010117
3485 0.00010115
4242 0.00010115
4887 0.00010115
1475 0.00010114
1604 0.00010113
3451 0.00010113
4773 0.00010113
2107 0.00010113
5691 0.00010113
6327 0.00010112
6543 0.00010112
1686 0.00010111
2746 0.00010110
3738 0.00010110
346 0.00010108
1070 0.00010108
5596 0.00010106
3753 0.00010106
6082 0.00010105
3805 0.00010105
9097 0.00010103
5050 0.00010103
5268 0.00010103
8825 0.00010103
937 0.00010103
8263 0.00010103
4068 0.00010103
3632 0.00010102
9315 0.00010102
5258 0.00010102
5771 0.00010101
3247 0.00010101
4229 0.00010100
3127 0.00010099
3291 0.00010099
2865 0.00010099
3917 0.00010098
6619 0.00010098
299 0.00010097
3290 0.00010097
9385 0.00010097
4539 0.00010096
8927 0.00010096
2819 0.00010096
6484 0.00010096
9309 0.00010095
1051 0.00010094
2555 0.00010094
3161 0.00010094
8302 0.00010093
5210 0.00010093
8298 0.00010091
4727 0.00010091
4510 0.00010090
2759 0.00010090
5623 0.00010089
5264 0.00010089
792 0.00010088
8239 0.00010087
8205 0.00010086
5926 0.00010085
137 0.00010085
1090 0.00010084
7238 0.00010083
6087 0.00010082
3122 0.00010082
7114 0.00010082
2673 0.00010081
6664 0.00010079
4538 0.00010079
5757 0.00010079
9659 0.00010078
7387 0.00010078
4206 0.00010078
1095 0.00010078
773 0.00010076
3221 0.00010075
1543 0.00010075
2312 0.00010075
6129 0.00010074
2447 0.00010073
3764 0.00010073
7046 0.00010073
6758 0.00010073
5146 0.00010072
8997 0.00010072
8693 0.00010071
6346 0.00010071
9489 0.00010071
4235 0.00010070
5267 0.00010070
9019 0.00010069
4832 0.00010069
8880 0.00010068
1164 0.00010068
303 0.00010068
7400 0.00010068
2554 0.00010068
7520 0.00010067
2618 0.00010066
121 0.00010066
687 0.00010066
4752 0.00010065
999 0.00010065
1163 0.00010063
6395 0.00010063
5343 0.00010062
2111 0.00010062
2302 0.00010062
1079 0.00010060
9439 0.00010060
4562 0.00010060
8042 0.00010060
9300 0.00010059
7336 0.00010059
6588 0.00010058
3364 0.00010058
8515 0.00010057
2070 0.00010057
9307 0.00010055
2791 0.00010054
1478 0.00010053
230 0.00010052
4037 0.00010051
4842 0.00010051
3022 0.00010050
6303 0.00010049
5207 0.00010049
7625 0.00010049
5561 0.00010049
8533 0.00010048
4314 0.00010048
3380 0.00010048
2414 0.00010048
1585 0.00010047
8706 0.00010046
3333 0.00010046
2259 0.00010046
9034 0.00010046
2516 0.00010045
604 0.00010044
5800 0.00010044
2417 0.00010044
6252 0.00010043
964 0.00010042
9107 0.00010041
1903 0.00010041
9870 0.00010040
7385 0.00010040
7773 0.00010039
9798 0.00010039
3206 0.00010038
12 0.00010038
3644 0.00010037
7138 0.00010037
7848 0.00010036
7386 0.00010035
9886 0.00010035
2299 0.00010033
2353 0.00010032
3944 0.00010031
1197 0.00010030
9654 0.00010029
4702 0.00010029
2290 0.00010029
3049 0.00010029
2042 0.00010029
2682 0.00010028
9899 0.00010028
5316 0.00010028
4853 0.00010028
5825 0.00010027
4148 0.00010027
80 0.00010027
5910 0.00010027
8139 0.00010026
5036 0.00010024
5597 0.00010024
1837 0.00010023
6549 0.00010023
4787 0.00010023
7372 0.00010021
8264 0.00010020
489 0.00010019
6156 0.00010017
1793 0.00010016
209 0.00010016
6919 0.00010016
6328 0.00010015
3052 0.00010015
2875 0.00010014
7690 0.00010013
2380 0.00010013
1797 0.00010013
6444 0.00010011
7849 0.00010009
9059 0.00010009
8140 0.00010009
8240 0.00010009
3697 0.00010009
4555 0.00010007
8112 0.00010007
8878 0.00010007
321 0.00010007
1580 0.00010006
2429 0.00010005
7272 0.00010005
1561 0.00010005
9387 0.00010005
4574 0.00010004
8138 0.00010003
2984 0.00010003
5915 0.00010002
2928 0.00010002
563 0.00010001
4041 0.00010001
3841 0.00010001
2489 0.00010000
2968 0.00009999
732 0.00009997
4337 0.00009997
7745 0.00009997
7301 0.00009996
6154 0.00009996
8528 0.00009994
4760 0.00009992
3310 0.00009992
5536 0.00009991
4225 0.00009991
5219 0.00009990
6232 0.00009990
1460 0.00009989
7461 0.00009988
4979 0.00009988
763 0.00009987
1940 0.00009987
8520 0.00009986
5096 0.00009986
9400 0.00009984
5411 0.00009984
7539 0.00009984
4223 0.00009983
8055 0.00009982
5955 0.00009982
7797 0.00009980
4909 0.00009980
2892 0.00009980
5729 0.00009979
4799 0.00009978
9102 0.00009978
3162 0.00009974
6964 0.00009974
8869 0.00009974
3852 0.00009974
6039 0.00009974
3646 0.00009973
7806 0.00009973
8837 0.00009972
8235 0.00009972
6192 0.00009971
8597 0.00009971
779 0.00009971
9916 0.00009971
2102 0.00009971
3856 0.00009970
9282 0.00009970
783 0.00009970
8815 0.00009969
5762 0.00009968
5474 0.00009968
4667 0.00009967
1225 0.00009967
4713 0.00009967
7110 0.00009966
694 0.00009965
6942 0.00009965
9616 0.00009965
2901 0.00009964
93 0.00009964
6208 0.00009964
3224 0.00009963
3038 0.00009963
3091 0.00009962
7715 0.00009962
8382 0.00009961
2451 0.00009960
4495 0.00009959
9954 0.00009958
9578 0.00009955
2265 0.00009955
4244 0.00009954
369 0.00009954
278 0.00009953
9630 0.00009952
6763 0.00009952
7629 0.00009951
1958 0.00009950
434 0.00009950
5919 0.00009950
4833 0.00009949
9408 0.00009949
3276 0.00009948
7684 0.00009947
2949 0.00009947
1252 0.00009947
9101 0.00009946
5512 0.00009945
625 0.00009945
7248 0.00009945
4336 0.00009945
637 0.00009944
8063 0.00009943
6187 0.00009943
9141 0.00009943
3479 0.00009942
2415 0.00009942
2058 0.00009940
3317 0.00009940
1756 0.00009939
7437 0.00009938
745 0.00009938
7022 0.00009938
9131 0.00009938
3868 0.00009938
5904 0.00009937
7766 0.00009937
9884 0.00009935
3834 0.00009934
8180 0.00009934
4348 0.00009934
2583 0.00009934
7283 0.00009934
1226 0.00009933
1363 0.00009932
3158 0.00009932
4054 0.00009931
9897 0.00009931
269 0.00009927
1883 0.00009926
9717 0.00009925
360 0.00009925
6204 0.00009924
9075 0.00009923
6254 0.00009921
9668 0.00009921
879 0.00009920
108 0.00009920
6808 0.00009920
5195 0.00009919
9926 0.00009919
7889 0.00009919
1337 0.00009919
1954 0.00009919
845 0.00009918
4175 0.00009917
7414 0.00009917
252 0.00009917
9588 0.00009916
1526 0.00009916
8484 0.00009916
339 0.00009916
2728 0.00009915
1466 0.00009914
7199 0.00009913
5493 0.00009913
782 0.00009912
6654 0.00009912
7508 0.00009911
4467 0.00009911
9993 0.00009911
344 0.00009910
3210 0.00009910
8201 0.00009910
9487 0.00009910
5939 0.00009910
2334 0.00009910
475 0.00009910
5844 0.00009909
6888 0.00009907
1744 0.00009907
5093 0.00009906
4809 0.00009906
7015 0.00009905
4100 0.00009905
4978 0.00009903
9598 0.00009902
9402 0.00009902
5046 0.00009901
5026 0.00009900
3337 0.00009899
8181 0.00009898
1256 0.00009897
2030 0.00009896
1710 0.00009896
2283 0.00009895
4935 0.00009893
2608 0.00009893
1059 0.00009892
2411 0.00009892
8535 0.00009892
4914 0.00009891
2957 0.00009890
7857 0.00009889
1589 0.00009888
549 0.00009888
8913 0.00009888
7368 0.00009888
6772 0.00009887
863 0.00009887
30 0.00009886
6534 0.00009886
7580 0.00009885
414 0.00009885
6222 0.00009884
3172 0.00009883
3264 0.00009882
5433 0.00009882
8035 0.00009880
5746 0.00009880
9061 0.00009879
3295 0.00009878
8650 0.00009878
546 0.00009877
5688 0.00009876
8445 0.00009875
6114 0.00009874
4858 0.00009873
6243 0.00009871
5090 0.00009871
1750 0.00009870
9404 0.00009869
6636 0.00009869
9029 0.00009868
1278 0.00009868
6146 0.00009868
4798 0.00009867
9629 0.00009865
4655 0.00009863
9388 0.00009862
8692 0.00009861
1688 0.00009861
8355 0.00009860
3686 0.00009859
9433 0.00009859
5953 0.00009858
5430 0.00009858
9813 0.00009858
2998 0.00009858
87 0.00009857
9628 0.00009857
4855 0.00009857
376 0.00009856
5100 0.00009856
7460 0.00009855
9655 0.00009855
9742 0.00009855
8223 0.00009855
7296 0.00009855
5059 0.00009855
3903 0.00009854
4647 0.00009852
4459 0.00009850
5098 0.00009849
2923 0.00009847
7686 0.00009847
3756 0.00009847
5495 0.00009846
8002 0.00009845
4657 0.00009845
7921 0.00009845
4261 0.00009844
712 0.00009844
9830 0.00009844
4819 0.00009844
162 0.00009843
6263 0.00009843
7888 0.00009843
2239 0.00009842
5051 0.00009841
1307 0.00009840
5344 0.00009839
3269 0.00009838
9677 0.00009838
9726 0.00009838
5782 0.00009837
9928 0.00009835
1726 0.00009834
1535 0.00009834
2983 0.00009833
1932 0.00009833
5909 0.00009832
2078 0.00009832
9963 0.00009832
4737 0.00009832
6880 0.00009832
8901 0.00009831
8135 0.00009829
3477 0.00009829
4331 0.00009829
4717 0.00009829
851 0.00009828
3837 0.00009828
3655 0.00009828
8549 0.00009828
9360 0.00009828
6685 0.00009828
2918 0.00009825
6826 0.00009825
8974 0.00009825
1684 0.00009824
8818 0.00009824
8755 0.00009823
3492 0.00009822
4161 0.00009821
5837 0.00009821
8831 0.00009819
298 0.00009818
7144 0.00009818
5365 0.00009816
2840 0.00009815
8930 0.00009815
5187 0.00009815
8457 0.00009815
5178 0.00009814
844 0.00009813
1795 0.00009812
5035 0.00009812
1711 0.00009811
3023 0.00009811
1318 0.00009811
6719 0.00009810
9140 0.00009809
2367 0.00009809
3956 0.00009808
9691 0.00009807
3406 0.00009807
5606 0.00009806
6843 0.00009805
5087 0.00009804
9534 0.00009804
2962 0.00009804
8494 0.00009803
6104 0.00009802
7260 0.00009801
3193 0.00009800
1339 0.00009800
3131 0.00009799
2323 0.00009799
1449 0.00009797
1981 0.00009796
8954 0.00009796
5192 0.00009796
2530 0.00009794
9172 0.00009794
5222 0.00009793
8606 0.00009793
1823 0.00009792
3063 0.00009792
1950 0.00009792
8432 0.00009790
3559 0.00009790
8862 0.00009789
9067 0.00009789
6531 0.00009789
5698 0.00009789
3554 0.00009788
86 0.00009787
4688 0.00009787
94 0.00009786
2753 0.00009785
8233 0.00009783
5557 0.00009782
1850 0.00009782
7037 0.00009781
8322 0.00009780
2558 0.00009780
2309 0.00009779
9270 0.00009779
5233 0.00009779
6556 0.00009779
1966 0.00009775
6933 0.00009775
5846 0.00009774
3617 0.00009774
2207 0.00009773
1904 0.00009770
9689 0.00009769
1039 0.00009769
1285 0.00009769
1915 0.00009769
596 0.00009769
8364 0.00009767
1983 0.00009767
9005 0.00009767
4961 0.00009766
5223 0.00009766
3026 0.00009765
8949 0.00009763
1506 0.00009763
6044 0.00009761
7741 0.00009761
8540 0.00009760
75 0.00009759
9609 0.00009759
3996 0.00009759
7427 0.00009758
1914 0.00009758
718 0.00009758
4894 0.00009758
4268 0.00009758
3553 0.00009757
6231 0.00009756
5280 0.00009756
7264 0.00009756
4831 0.00009755
5089 0.00009754
726 0.00009754
8989 0.00009753
5094 0.00009751
8743 0.00009750
5803 0.00009749
727 0.00009748
7596 0.00009748
5201 0.00009748
207 0.00009747
4576 0.00009747
1804 0.00009747
2486 0.00009746
1777 0.00009745
212 0.00009745
2423 0.00009744
5074 0.00009744
640 0.00009744
7764 0.00009743
174 0.00009743
1074 0.00009742
5856 0.00009742
2095 0.00009741
7926 0.00009741
9235 0.00009740
5358 0.00009738
8409 0.00009738
4803 0.00009738
8666 0.00009738
6309 0.00009737
7801 0.00009737
3799 0.00009737
5389 0.00009736
5401 0.00009736
4863 0.00009736
7547 0.00009735
9219 0.00009735
4025 0.00009734
477 0.00009731
3123 0.00009731
8868 0.00009731
5368 0.00009731
7457 0.00009730
317 0.00009729
1456 0.00009729
2561 0.00009728
9386 0.00009728
8816 0.00009727
9241 0.00009727
8336 0.00009726
3092 0.00009726
7516 0.00009726
6093 0.00009726
8329 0.00009725
5492 0.00009724
6776 0.00009724
4183 0.00009723
813 0.00009723
1650 0.00009722
6979 0.00009721
2313 0.00009721
2859 0.00009720
6807 0.00009719
7816 0.00009719
7139 0.00009719
6105 0.00009719
555 0.00009718
4232 0.00009718
4599 0.00009718
1447 0.00009717
5163 0.00009716
6623 0.00009714
4329 0.00009714
7847 0.00009713
6167 0.00009712
6959 0.00009712
636 0.00009711
2064 0.00009710
6603 0.00009710
7162 0.00009710
5085 0.00009710
3035 0.00009709
4486 0.00009709
7401 0.00009708
4177 0.00009708
8447 0.00009707
7593 0.00009707
6428 0.00009706
2517 0.00009705
4287 0.00009705
8271 0.00009705
9672 0.00009705
648 0.00009704
9714 0.00009703
5895 0.00009702
456 0.00009702
6547 0.00009702
5683 0.00009702
9430 0.00009702
8545 0.00009701
3698 0.00009700
8169 0.00009700
2022 0.00009699
8018 0.00009697
3510 0.00009696
49 0.00009696
5542 0.00009696
9391 0.00009696
3948 0.00009695
4368 0.00009695
7591 0.00009695
5246 0.00009695
6121 0.00009693
2443 0.00009692
7575 0.00009691
5614 0.00009691
5988 0.00009689
8210 0.00009689
7426 0.00009686
7042 0.00009686
3640 0.00009685
6632 0.00009685
429 0.00009685
9651 0.00009685
9445 0.00009684
9110 0.00009684
6032 0.00009683
6464 0.00009682
3629 0.00009682
742 0.00009680
2257 0.00009679
8730 0.00009679
6272 0.00009678
8185 0.00009678
3362 0.00009677
8828 0.00009674
7840 0.00009673
9132 0.00009672
2851 0.00009671
4021 0.00009671
7470 0.00009671
7688 0.00009671
7079 0.00009670
5867 0.00009669
3358 0.00009669
3359 0.00009669
4730 0.00009668
3040 0.00009668
2713 0.00009668
2886 0.00009668
4009 0.00009667
3959 0.00009664
8722 0.00009663
7090 0.00009663
9292 0.00009662
1511 0.00009662
2698 0.00009659
9719 0.00009658
7672 0.00009658
3177 0.00009658
9012 0.00009657
7666 0.00009656
9701 0.00009656
3970 0.00009656
493 0.00009656
5697 0.00009656
2041 0.00009655
1523 0.00009655
7409 0.00009655
2287 0.00009654
2767 0.00009654
7760 0.00009653
1211 0.00009653
9318 0.00009653
913 0.00009651
3345 0.00009651
4004 0.00009651
1228 0.00009650
4076 0.00009649
5741 0.00009648
6426 0.00009648
8727 0.00009648
4217 0.00009648
2643 0.00009647
9706 0.00009647
9861 0.00009645
4040 0.00009644
1035 0.00009644
8827 0.00009644
2718 0.00009643
3183 0.00009643
8109 0.00009643
2991 0.00009642
1219 0.00009642
23 0.00009641
8081 0.00009641
6489 0.00009640
3789 0.00009640
1000 0.00009639
9479 0.00009637
4484 0.00009636
9843 0.00009636
3508 0.00009634
8015 0.00009633
4296 0.00009633
3175 0.00009633
4872 0.00009632
163 0.00009632
8943 0.00009630
7711 0.00009630
4913 0.00009629
4441 0.00009629
129 0.00009629
1246 0.00009628
6859 0.00009625
2876 0.00009624
9966 0.00009623
3589 0.00009622
1338 0.00009622
1500 0.00009620
1887 0.00009618
855 0.00009618
1677 0.00009617
9862 0.00009615
5755 0.00009615
1295 0.00009615
399 0.00009614
1670 0.00009613
4925 0.00009613
4247 0.00009612
518 0.00009612
2756 0.00009612
9144 0.00009611
2157 0.00009611
8534 0.00009611
4987 0.00009610
4350 0.00009609
4813 0.00009609
1499 0.00009608
3702 0.00009608
811 0.00009606
7807 0.00009606
6736 0.00009605
6091 0.00009605
1576 0.00009605
1056 0.00009605
231 0.00009605
3835 0.00009604
6414 0.00009604
7992 0.00009604
2249 0.00009603
4927 0.00009603
2496 0.00009602
2362 0.00009602
9537 0.00009602
2432 0.00009602
27 0.00009601
2401 0.00009601
9740 0.00009599
6013 0.00009597
8415 0.00009596
68 0.00009595
3144 0.00009594
831 0.00009594
893 0.00009594
5031 0.00009594
4874 0.00009594
1901 0.00009593
249 0.00009593
3329 0.00009592
1935 0.00009592
8217 0.00009590
8646 0.00009589
3987 0.00009588
3308 0.00009588
9745 0.00009587
9424 0.00009587
1300 0.00009587
752 0.00009586
2914 0.00009586
7637 0.00009585
7329 0.00009585
6781 0.00009584
9518 0.00009583
5182 0.00009583
3189 0.00009583
9010 0.00009582
9558 0.00009582
2221 0.00009582
3418 0.00009581
5357 0.00009580
7742 0.00009579
5429 0.00009579
6056 0.00009579
2974 0.00009578
1170 0.00009577
6989 0.00009575
4745 0.00009575
3551 0.00009575
4349 0.00009574
2921 0.00009573
8509 0.00009573
9610 0.00009572
7112 0.00009572
6741 0.00009571
4953 0.00009571
4796 0.00009571
2201 0.00009570
9998 0.00009570
702 0.00009569
7839 0.00009569
7167 0.00009568
2526 0.00009568
3618 0.00009568
6648 0.00009567
3036 0.00009567
145 0.00009567
2241 0.00009567
6496 0.00009565
7014 0.00009564
958 0.00009563
336 0.00009563
9731 0.00009563
9062 0.00009562
3993 0.00009562
8370 0.00009561
7486 0.00009561
8281 0.00009560
2151 0.00009560
9340 0.00009560
721 0.00009560
4881 0.00009559
2676 0.00009559
4327 0.00009558
3400 0.00009558
8569 0.00009557
5637 0.00009556
1699 0.00009556
5107 0.00009556
8566 0.00009556
3622 0.00009556
4243 0.00009555
810 0.00009553
3900 0.00009553
7205 0.00009552
4716 0.00009552
2344 0.00009551
5555 0.00009548
5281 0.00009548
3791 0.00009546
364 0.00009545
3560 0.00009544
9013 0.00009544
9382 0.00009544
7699 0.00009543
315 0.00009543
9344 0.00009542
4551 0.00009542
4089 0.00009541
8173 0.00009541
6838 0.00009541
3867 0.00009540
723 0.00009540
5005 0.00009539
285 0.00009539
6333 0.00009539
3872 0.00009539
2590 0.00009538
5369 0.00009537
4310 0.00009535
3802 0.00009533
8207 0.00009533
8915 0.00009533
741 0.00009533
9000 0.00009532
5271 0.00009531
401 0.00009530
4172 0.00009530
1649 0.00009530
1431 0.00009529
492 0.00009529
9555 0.00009527
8760 0.00009527
2441 0.00009524
1843 0.00009524
7155 0.00009523
6905 0.00009522
9457 0.00009522
2953 0.00009520
9103 0.00009519
6876 0.00009518
7584 0.00009518
1298 0.00009518
7759 0.00009516
7552 0.00009515
5002 0.00009515
7140 0.00009515
3911 0.00009514
7318 0.00009514
3752 0.00009513
3258 0.00009512
5676 0.00009512
5418 0.00009510
5425 0.00009510
9256 0.00009510
3281 0.00009509
5501 0.00009506
8687 0.00009506
4307 0.00009506
6086 0.00009506
5657 0.00009506
9539 0.00009505
6672 0.00009505
7429 0.00009505
1235 0.00009504
6437 0.00009504
5554 0.00009499
1462 0.00009499
8043 0.00009499
9018 0.00009499
7788 0.00009499
1609 0.00009497
268 0.00009497
8216 0.00009497
6266 0.00009495
375 0.00009495
9927 0.00009494
2556 0.00009493
6007 0.00009493
302 0.00009492
2519 0.00009492
5576 0.00009491
8010 0.00009491
6355 0.00009491
5114 0.00009490
3770 0.00009489
3228 0.00009488
7530 0.00009488
6 0.00009487
8319 0.00009487
6609 0.00009487
7929 0.00009487
5188 0.00009484
4113 0.00009483
1508 0.00009483
2815 0.00009483
5964 0.00009483
405 0.00009482
2103 0.00009481
3725 0.00009481
2340 0.00009481
5477 0.00009480
5680 0.00009480
402 0.00009480
8632 0.00009480
7800 0.00009479
281 0.00009478
7217 0.00009477
9205 0.00009476
8950 0.00009475
5261 0.00009475
6055 0.00009474
5082 0.00009474
1941 0.00009473
9892 0.00009471
899 0.00009471
7219 0.00009471
3202 0.00009470
1720 0.00009470
8421 0.00009469
5917 0.00009469
8118 0.00009468
2379 0.00009467
397 0.00009466
8430 0.00009466
867 0.00009465
6565 0.00009465
4426 0.00009465
729 0.00009464
7683 0.00009464
1384 0.00009464
1687 0.00009463
6092 0.00009462
1270 0.00009462
1036 0.00009460
8254 0.00009460
9623 0.00009460
7249 0.00009459
5169 0.00009459
6043 0.00009459
1409 0.00009457
5257 0.00009457
8064 0.00009456
9994 0.00009456
3056 0.00009456
5822 0.00009455
4971 0.00009455
2386 0.00009454
3480 0.00009453
3199 0.00009453
804 0.00009453
7179 0.00009452
235 0.00009452
4893 0.00009452
5789 0.00009451
6533 0.00009451
3075 0.00009450
5352 0.00009450
4164 0.00009450
5947 0.00009450
1156 0.00009449
9811 0.00009447
7585 0.00009447
4958 0.00009444
9069 0.00009444
3041 0.00009444
1124 0.00009444
9791 0.00009444
2849 0.00009443
9190 0.00009442
7909 0.00009442
6295 0.00009441
2947 0.00009440
3982 0.00009440
6383 0.00009440
736 0.00009439
5242 0.00009439
774 0.00009439
1208 0.00009439
1669 0.00009437
7783 0.00009435
7281 0.00009435
4878 0.00009434
8403 0.00009434
5957 0.00009434
7527 0.00009433
9937 0.00009433
5587 0.00009433
8529 0.00009433
5458 0.00009433
5412 0.00009433
8681 0.00009432
9465 0.00009432
9509 0.00009431
1173 0.00009430
5323 0.00009430
3231 0.00009429
6602 0.00009428
8797 0.00009427
2911 0.00009425
3660 0.00009425
3397 0.00009424
6908 0.00009424
3955 0.00009423
7689 0.00009421
1989 0.00009421
1049 0.00009420
2242 0.00009420
8133 0.00009419
9709 0.00009419
4270 0.00009419
8005 0.00009418
4548 0.00009418
4823 0.00009418
6786 0.00009418
2020 0.00009417
7586 0.00009417
7778 0.00009416
8436 0.00009416
5001 0.00009415
2140 0.00009415
8256 0.00009414
4942 0.00009412
6370 0.00009412
2336 0.00009412
2751 0.00009409
6606 0.00009409
1060 0.00009407
4479 0.00009407
395 0.00009406
3901 0.00009405
5569 0.00009405
3763 0.00009404
3781 0.00009403
1667 0.00009402
5102 0.00009402
3933 0.00009399
4396 0.00009399
7255 0.00009397
2811 0.00009397
8617 0.00009396
1479 0.00009396
918 0.00009396
1004 0.00009396
7023 0.00009395
4827 0.00009395
4421 0.00009394
9839 0.00009393
3334 0.00009393
5850 0.00009393
7463 0.00009391
2327 0.00009389
7545 0.00009388
5018 0.00009388
2696 0.00009387
4666 0.00009386
3030 0.00009386
9679 0.00009385
8380 0.00009384
7939 0.00009384
1434 0.00009384
6447 0.00009384
6165 0.00009383
3892 0.00009383
6244 0.00009383
2472 0.00009382
3192 0.00009382
7243 0.00009382
4585 0.00009381
2056 0.00009381
7774 0.00009379
8508 0.00009378
7322 0.00009377
3272 0.00009377
4919 0.00009377
8670 0.00009376
9615 0.00009376
1076 0.00009375
5449 0.00009375
5631 0.00009375
8753 0.00009373
5618 0.00009373
6977 0.00009372
6897 0.00009369
261 0.00009369
385 0.00009368
9237 0.00009368
8146 0.00009367
9947 0.00009366
9154 0.00009366
3742 0.00009365
5409 0.00009364
9671 0.00009363
4609 0.00009361
6438 0.00009360
4630 0.00009358
6702 0.00009358
8144 0.00009357
5920 0.00009357
64 0.00009357
6629 0.00009356
4856 0.00009356
3719 0.00009356
8694 0.00009356
6089 0.00009355
8102 0.00009355
4110 0.00009354
3706 0.00009354
5471 0.00009354
3311 0.00009353
2114 0.00009353
7640 0.00009352
8155 0.00009352
8905 0.00009352
365 0.00009352
7550 0.00009352
1027 0.00009352
2652 0.00009351
8838 0.00009351
9339 0.00009351
3459 0.00009351
1549 0.00009350
8817 0.00009349
7056 0.00009349
2463 0.00009349
1530 0.00009348
4631 0.00009347
9908 0.00009347
2603 0.00009346
922 0.00009345
6594 0.00009345
3475 0.00009344
9920 0.00009344
1276 0.00009344
8802 0.00009344
7620 0.00009343
9215 0.00009343
985 0.00009343
1024 0.00009343
7996 0.00009343
5593 0.00009342
8765 0.00009341
870 0.00009341
8739 0.00009341
3140 0.00009341
6548 0.00009341
8938 0.00009341
7555 0.00009341
6163 0.00009341
3498 0.00009340
2742 0.00009339
9984 0.00009339
8619 0.00009339
9510 0.00009337
5279 0.00009337
5256 0.00009337
8553 0.00009336
6504 0.00009336
9181 0.00009336
2404 0.00009336
2731 0.00009335
3409 0.00009335
2180 0.00009335
9904 0.00009335
7761 0.00009335
7133 0.00009334
343 0.00009334
9021 0.00009334
105 0.00009333
8466 0.00009333
4351 0.00009333
5913 0.00009332
462 0.00009332
6277 0.00009332
9729 0.00009331
2227 0.00009330
8544 0.00009328
1529 0.00009328
6703 0.00009327
5982 0.00009327
5126 0.00009325
3651 0.00009324
4778 0.00009322
7820 0.00009322
5435 0.00009322
3536 0.00009321
623 0.00009321
9296 0.00009321
1770 0.00009320
853 0.00009318
5981 0.00009317
7369 0.00009316
81 0.00009316
4694 0.00009316
6815 0.00009316
1322 0.00009316
5185 0.00009315
6823 0.00009314
7452 0.00009314
5220 0.00009314
4501 0.00009313
4968 0.00009313
474 0.00009313
8236 0.00009312
5669 0.00009312
7311 0.00009311
6663 0.00009311
5106 0.00009311
251 0.00009311
7215 0.00009310
1099 0.00009309
7743 0.00009309
765 0.00009308
2726 0.00009308
9940 0.00009307
7965 0.00009306
4452 0.00009305
1930 0.00009304
8351 0.00009304
2979 0.00009304
8096 0.00009303
1624 0.00009303
275 0.00009303
3529 0.00009303
3248 0.00009303
2844 0.00009303
8218 0.00009303
1498 0.00009301
4566 0.00009301
8282 0.00009300
9924 0.00009299
1922 0.00009299
26 0.00009299
5160 0.00009298
6809 0.00009298
8604 0.00009297
6436 0.00009296
7624 0.00009295
8202 0.00009295
5549 0.00009295
8649 0.00009294
6801 0.00009294
7328 0.00009293
8577 0.00009292
1596 0.00009292
2263 0.00009292
6398 0.00009291
1709 0.00009291
9275 0.00009290
3689 0.00009290
4049 0.00009288
1631 0.00009288
3323 0.00009288
1865 0.00009286
5292 0.00009286
2604 0.00009286
106 0.00009286
2543 0.00009286
7677 0.00009285
2467 0.00009285
5938 0.00009284
8983 0.00009283
9320 0.00009283
856 0.00009283
143 0.00009282
9970 0.00009281
1450 0.00009281
4483 0.00009280
3164 0.00009279
2647 0.00009279
1919 0.00009279
3464 0.00009279
2858 0.00009278
74 0.00009278
2305 0.00009277
2165 0.00009277
4557 0.00009277
5765 0.00009277
3701 0.00009275
2664 0.00009273
9674 0.00009272
181 0.00009270
2018 0.00009269
1615 0.00009268
5728 0.00009267
2209 0.00009266
6488 0.00009266
7027 0.00009265
7367 0.00009265
9625 0.00009264
6341 0.00009264
123 0.00009263
8653 0.00009263
4156 0.00009262
6073 0.00009261
5063 0.00009260
1376 0.00009260
5444 0.00009260
1588 0.00009259
2326 0.00009258
9353 0.00009258
4283 0.00009258
6101 0.00009258
7257 0.00009258
2408 0.00009257
8149 0.00009257
9209 0.00009257
4470 0.00009256
7676 0.00009256
2727 0.00009255
2518 0.00009255
2044 0.00009254
7964 0.00009254
6024 0.00009253
2430 0.00009252
7453 0.00009252
9244 0.00009247
9759 0.00009244
8012 0.00009244
6029 0.00009244
334 0.00009243
8957 0.00009243
9698 0.00009243
5229 0.00009243
5795 0.00009241
9454 0.00009241
6332 0.00009241
9661 0.00009239
433 0.00009238
9955 0.00009238
3457 0.00009238
1454 0.00009237
8072 0.00009236
9867 0.00009236
9728 0.00009234
7714 0.00009234
5785 0.00009233
7186 0.00009233
2316 0.00009232
5110 0.00009232
1970 0.00009231
5193 0.00009231
7484 0.00009229
2532 0.00009229
6628 0.00009227
6647 0.00009227
253 0.00009226
3919 0.00009225
1623 0.00009225
9782 0.00009224
6090 0.00009222
7000 0.00009221
3387 0.00009220
8621 0.00009220
550 0.00009219
2611 0.00009217
4999 0.00009216
7913 0.00009216
5319 0.00009214
5994 0.00009214
5206 0.00009212
8717 0.00009212
7751 0.00009212
4804 0.00009212
7074 0.00009212
9234 0.00009211
1386 0.00009210
7805 0.00009210
313 0.00009210
2576 0.00009209
6202 0.00009209
2471 0.00009209
3876 0.00009209
3845 0.00009208
6384 0.00009207
1094 0.00009206
2588 0.00009206
6435 0.00009205
5152 0.00009202
5231 0.00009202
2200 0.00009201
8697 0.00009201
6323 0.00009200
3750 0.00009200
4521 0.00009200
7129 0.00009198
7253 0.00009198
9639 0.00009197
3777 0.00009197
1206 0.00009196
3732 0.00009195
3502 0.00009195
5517 0.00009194
2614 0.00009194
9341 0.00009194
4549 0.00009194
4506 0.00009193
3718 0.00009193
965 0.00009193
6891 0.00009191
4473 0.00009191
9775 0.00009190
3803 0.00009188
6608 0.00009188
1009 0.00009186
2091 0.00009186
307 0.00009185
7623 0.00009185
491 0.00009185
3376 0.00009183
1895 0.00009183
6765 0.00009182
6906 0.00009182
3681 0.00009182
802 0.00009181
8637 0.00009181
4964 0.00009180
7914 0.00009179
5875 0.00009179
9605 0.00009178
3194 0.00009177
1586 0.00009177
8968 0.00009177
4869 0.00009177
7945 0.00009176
2273 0.00009176
7425 0.00009176
1635 0.00009175
1605 0.00009174
4671 0.00009173
6693 0.00009173
3723 0.00009172
7710 0.00009172
3741 0.00009172
5273 0.00009171
8683 0.00009171
5713 0.00009170
4519 0.00009170
6707 0.00009169
478 0.00009168
1801 0.00009167
4090 0.00009166
1341 0.00009166
1144 0.00009166
1221 0.00009166
5327 0.00009165
7729 0.00009164
3667 0.00009164
5463 0.00009163
6358 0.00009163
3692 0.00009162
4285 0.00009161
5817 0.00009160
8877 0.00009160
8734 0.00009159
8884 0.00009159
6601 0.00009159
7796 0.00009159
1666 0.00009158
7950 0.00009157
530 0.00009155
3526 0.00009154
1195 0.00009154
2896 0.00009153
4015 0.00009153
4707 0.00009152
8121 0.00009152
3898 0.00009152
7845 0.00009151
957 0.00009151
570 0.00009150
837 0.00009150
5865 0.00009149
4095 0.00009149
3627 0.00009149
912 0.00009148
5309 0.00009148
2051 0.00009147
5326 0.00009146
7229 0.00009145
227 0.00009143
541 0.00009143
5485 0.00009142
7247 0.00009141
9049 0.00009141
5400 0.00009141
2253 0.00009140
9412 0.00009140
7509 0.00009140
6069 0.00009137
380 0.00009136
6997 0.00009135
9070 0.00009134
2133 0.00009133
8080 0.00009133
2124 0.00009133
4358 0.00009133
7930 0.00009129
1510 0.00009128
8779 0.00009127
7966 0.00009127
2929 0.00009127
2884 0.00009127
8941 0.00009127
4972 0.00009126
443 0.00009126
5521 0.00009125
8501 0.00009125
6770 0.00009125
8918 0.00009124
5902 0.00009124
6404 0.00009124
1568 0.00009123
7241 0.00009123
9650 0.00009121
5821 0.00009120
8325 0.00009120
7858 0.00009120
2802 0.00009119
7397 0.00009117
4291 0.00009116
2118 0.00009116
923 0.00009114
5371 0.00009113
8395 0.00009113
5333 0.00009112
548 0.00009111
8720 0.00009110
1780 0.00009108
9752 0.00009107
3277 0.00009107
7297 0.00009105
6872 0.00009104
2679 0.00009104
3914 0.00009104
4353 0.00009104
3575 0.00009104
6976 0.00009102
4572 0.00009100
5984 0.00009099
8492 0.00009099
7883 0.00009095
7739 0.00009094
6338 0.00009093
7085 0.00009092
5832 0.00009092
9690 0.00009092
6804 0.00009091
1701 0.00009091
4589 0.00009090
8120 0.00009089
9670 0.00009089
4101 0.00009089
7236 0.00009089
5341 0.00009089
6078 0.00009088
8062 0.00009088
5855 0.00009087
8973 0.00009087
2027 0.00009086
961 0.00009086
5398 0.00009085
1269 0.00009083
1613 0.00009082
5118 0.00009081
8195 0.00009081
6525 0.00009080
4695 0.00009080
2600 0.00009079
4402 0.00009079
6513 0.00009079
803 0.00009078
4797 0.00009078
8060 0.00009076
3196 0.00009075
4605 0.00009074
4811 0.00009074
8068 0.00009073
4017 0.00009073
7355 0.00009073
1875 0.00009073
5288 0.00009073
8629 0.00009072
391 0.00009072
4065 0.00009071
5588 0.00009071
1856 0.00009071
6217 0.00009071
4415 0.00009071
9953 0.00009070
4867 0.00009069
8698 0.00009068
685 0.00009067
9847 0.00009067
2881 0.00009067
1444 0.00009066
101 0.00009065
5851 0.00009065
4078 0.00009064
6545 0.00009064
868 0.00009064
830 0.00009064
7423 0.00009063
6551 0.00009063
2445 0.00009062
5109 0.00009061
8991 0.00009061
3411 0.00009060
1601 0.00009060
4703 0.00009060
8442 0.00009059
5897 0.00009059
9041 0.00009058
731 0.00009058
2335 0.00009057
5196 0.00009057
431 0.00009057
7554 0.00009056
8555 0.00009056
3176 0.00009056
250 0.00009056
5147 0.00009056
7822 0.00009055
1952 0.00009055
7319 0.00009054
527 0.00009054
6238 0.00009054
1528 0.00009054
5354 0.00009054
9153 0.00009054
4134 0.00009053
6635 0.00009052
3677 0.00009051
8497 0.00009051
2152 0.00009051
9863 0.00009051
9754 0.00009050
8982 0.00009050
1702 0.00009049
4928 0.00009048
2856 0.00009047
4934 0.00009046
2360 0.00009046
1081 0.00009045
820 0.00009044
7009 0.00009043
7560 0.00009042
8686 0.00009042
5515 0.00009040
6560 0.00009040
2636 0.00009039
5332 0.00009038
4870 0.00009037
4904 0.00009037
6397 0.00009037
7146 0.00009037
9631 0.00009037
7346 0.00009037
4463 0.00009036
2087 0.00009036
520 0.00009035
1991 0.00009035
4376 0.00009034
2229 0.00009033
1119 0.00009031
1536 0.00009030
2161 0.00009028
2846 0.00009028
7182 0.00009027
4304 0.00009027
5189 0.00009026
5436 0.00009025
5103 0.00009025
4023 0.00009024
9236 0.00009024
2783 0.00009023
4661 0.00009020
2370 0.00009020
8525 0.00009020
9002 0.00009019
785 0.00009018
1091 0.00009017
1288 0.00009017
3335 0.00009016
9150 0.00009016
1802 0.00009014
3637 0.00009011
63 0.00009008
6749 0.00009008
4045 0.00009007
7924 0.00009006
3934 0.00009006
2854 0.00009004
910 0.00009001
4817 0.00009000
392 0.00009000
4154 0.00008999
1705 0.00008998
7123 0.00008998
1839 0.00008998
6969 0.00008997
5967 0.00008996
3222 0.00008995
9722 0.00008995
2656 0.00008993
9575 0.00008993
7434 0.00008991
1030 0.00008991
1783 0.00008990
4905 0.00008989
9078 0.00008988
2238 0.00008987
5455 0.00008987
7589 0.00008987
9324 0.00008986
3992 0.00008985
8964 0.00008984
789 0.00008982
888 0.00008982
9420 0.00008982
5013 0.00008981
8582 0.00008981
245 0.00008981
4940 0.00008980
1573 0.00008980
6661 0.00008979
1443 0.00008979
1761 0.00008979
7143 0.00008978
9044 0.00008977
6820 0.00008977
3404 0.00008974
300 0.00008973
8020 0.00008972
1357 0.00008971
7021 0.00008970
4457 0.00008970
7071 0.00008969
1917 0.00008967
4937 0.00008965
5391 0.00008965
6748 0.00008965
9313 0.00008965
9242 0.00008963
4465 0.00008963
6814 0.00008963
213 0.00008962
1244 0.00008961
7935 0.00008959
6062 0.00008959
1267 0.00008958
1174 0.00008957
5608 0.00008957
6307 0.00008955
6256 0.00008955
5496 0.00008955
3302 0.00008955
3257 0.00008954
5942 0.00008954
5551 0.00008954
4617 0.00008954
2878 0.00008954
6160 0.00008953
5711 0.00008952
3691 0.00008952
3647 0.00008952
1594 0.00008952
7055 0.00008951
4642 0.00008950
9375 0.00008950
6148 0.00008949
9514 0.00008948
5751 0.00008947
4282 0.00008946
4460 0.00008946
5006 0.00008945
5892 0.00008945
3099 0.00008944
4989 0.00008944
5929 0.00008944
6305 0.00008944
1489 0.00008943
2115 0.00008942
5694 0.00008940
8844 0.00008940
809 0.00008939
5738 0.00008939
3532 0.00008939
7963 0.00008937
1668 0.00008937
194 0.00008937
8097 0.00008936
8128 0.00008935
1428 0.00008934
4973 0.00008934
3011 0.00008934
1066 0.00008933
1627 0.00008933
3338 0.00008932
3844 0.00008931
6283 0.00008931
7925 0.00008931
6063 0.00008931
8998 0.00008931
4886 0.00008930
6787 0.00008928
5431 0.00008927
3326 0.00008925
7361 0.00008925
770 0.00008923
5179 0.00008922
18 0.00008922
1821 0.00008922
9989 0.00008921
2324 0.00008920
8000 0.00008920
7295 0.00008919
3212 0.00008919
6037 0.00008919
2680 0.00008917
5367 0.00008916
7159 0.00008913
9513 0.00008912
6008 0.00008911
585 0.00008910
5586 0.00008910
5241 0.00008910
7076 0.00008909
7861 0.00008909
9253 0.00008908
8708 0.00008907
8047 0.00008906
982 0.00008906
6216 0.00008905
1537 0.00008904
8890 0.00008904
4998 0.00008904
3267 0.00008902
6391 0.00008902
9890 0.00008901
6828 0.00008900
8186 0.00008900
1146 0.00008899
8850 0.00008898
9393 0.00008896
6372 0.00008896
4014 0.00008896
5869 0.00008894
3381 0.00008892
8379 0.00008891
7166 0.00008887
4047 0.00008887
9346 0.00008884
3111 0.00008883
7356 0.00008883
7936 0.00008883
6689 0.00008883
3638 0.00008882
7266 0.00008882
4299 0.00008881
9898 0.00008881
6902 0.00008880
4215 0.00008880
7089 0.00008880
3460 0.00008880
2308 0.00008880
9060 0.00008879
6767 0.00008878
4212 0.00008877
7173 0.00008876
6028 0.00008875
5260 0.00008875
8377 0.00008874
8668 0.00008874
8554 0.00008873
9072 0.00008873
4474 0.00008872
4144 0.00008871
7458 0.00008871
7003 0.00008870
672 0.00008868
7919 0.00008867
244 0.00008867
791 0.00008866
8344 0.00008865
2573 0.00008865
3285 0.00008864
7794 0.00008864
3354 0.00008864
9243 0.00008863
940 0.00008863
3669 0.00008863
1422 0.00008863
8572 0.00008862
404 0.00008861
1768 0.00008861
5701 0.00008860
2247 0.00008860
2880 0.00008859
676 0.00008859
1833 0.00008858
9155 0.00008858
5840 0.00008858
2942 0.00008856
1333 0.00008855
4522 0.00008854
3673 0.00008854
3002 0.00008854
3780 0.00008854
3556 0.00008854
6934 0.00008854
6112 0.00008852
2764 0.00008850
8809 0.00008850
4930 0.00008850
6944 0.00008849
3352 0.00008849
6474 0.00008848
8967 0.00008848
9084 0.00008846
55 0.00008846
758 0.00008845
2203 0.00008845
8408 0.00008845
5420 0.00008844
8614 0.00008844
3908 0.00008842
5392 0.00008842
748 0.00008841
2464 0.00008840
9973 0.00008840
7093 0.00008838
3714 0.00008837
2980 0.00008837
5764 0.00008837
3861 0.00008837
8854 0.00008835
5372 0.00008835
3444 0.00008833
5889 0.00008833
4650 0.00008832
2607 0.00008832
9764 0.00008831
4389 0.00008830
6593 0.00008828
1159 0.00008824
9261 0.00008821
725 0.00008820
8586 0.00008820
9143 0.00008820
7363 0.00008819
8521 0.00008818
6793 0.00008816
5446 0.00008816
1109 0.00008814
5427 0.00008814
7147 0.00008812
4390 0.00008812
1841 0.00008811
3499 0.00008809
9979 0.00008808
9286 0.00008807
8704 0.00008807
5811 0.00008806
1381 0.00008805
6446 0.00008805
215 0.00008803
7258 0.00008803
5366 0.00008801
9573 0.00008800
9614 0.00008799
4410 0.00008798
4191 0.00008796
5465 0.00008796
1779 0.00008795
6368 0.00008793
5693 0.00008793
5686 0.00008791
1321 0.00008791
7885 0.00008790
8522 0.00008789
349 0.00008789
1520 0.00008788
2206 0.00008787
4253 0.00008787
141 0.00008787
7601 0.00008787
4851 0.00008786
5548 0.00008785
8301 0.00008783
8917 0.00008783
7254 0.00008782
5176 0.00008782
6065 0.00008780
8945 0.00008779
4136 0.00008777
5754 0.00008776
3588 0.00008775
3854 0.00008775
4577 0.00008775
7342 0.00008774
7537 0.00008774
4795 0.00008773
2809 0.00008773
6331 0.00008773
6142 0.00008770
3688 0.00008769
4036 0.00008769
3590 0.00008768
3864 0.00008768
4882 0.00008768
5518 0.00008767
1249 0.00008766
6858 0.00008766
4595 0.00008766
7654 0.00008765
247 0.00008764
2520 0.00008764
4311 0.00008763
277 0.00008763
9045 0.00008763
814 0.00008763
2449 0.00008762
3630 0.00008762
8658 0.00008760
4127 0.00008760
3910 0.00008759
3968 0.00008759
7954 0.00008758
1863 0.00008758
291 0.00008758
7938 0.00008757
4094 0.00008756
947 0.00008756
9584 0.00008756
2281 0.00008756
9164 0.00008755
8249 0.00008755
67 0.00008754
3680 0.00008754
5450 0.00008753
6477 0.00008753
2982 0.00008750
7194 0.00008749
7587 0.00008748
9541 0.00008747
6704 0.00008747
4939 0.00008747
3138 0.00008746
6768 0.00008745
5736 0.00008745
6466 0.00008745
1648 0.00008745
3829 0.00008744
9869 0.00008744
3595 0.00008743
5987 0.00008743
9125 0.00008743
5996 0.00008741
6721 0.00008740
7987 0.00008739
9392 0.00008739
8669 0.00008739
4701 0.00008739
4444 0.00008738
2981 0.00008737
701 0.00008736
8786 0.00008736
2954 0.00008735
7650 0.00008735
4063 0.00008734
1722 0.00008733
838 0.00008732
4983 0.00008730
8924 0.00008730
9173 0.00008729
2433 0.00008729
5500 0.00008729
3743 0.00008729
6253 0.00008725
1830 0.00008722
9914 0.00008722
4008 0.00008722
3058 0.00008721
5735 0.00008721
2867 0.00008718
6605 0.00008717
4903 0.00008716
8476 0.00008715
2589 0.00008713
2225 0.00008713
192 0.00008709
1564 0.00008708
3486 0.00008708
5077 0.00008707
104 0.00008706
5017 0.00008704
7440 0.00008703
2100 0.00008703
8638 0.00008702
8413 0.00008700
6918 0.00008697
5820 0.00008696
3755 0.00008696
4541 0.00008696
8056 0.00008695
319 0.00008695
9865 0.00008692
5651 0.00008691
5514 0.00008691
542 0.00008690
2725 0.00008690
938 0.00008689
5240 0.00008689
5613 0.00008689
3895 0.00008688
8865 0.00008688
8361 0.00008685
9880 0.00008682
9773 0.00008681
7971 0.00008681
7234 0.00008680
5781 0.00008677
5783 0.00008675
9900 0.00008674
6456 0.00008673
5443 0.00008672
374 0.00008672
1909 0.00008670
471 0.00008669
6161 0.00008669
6900 0.00008667
1390 0.00008667
9748 0.00008667
3931 0.00008665
7708 0.00008664
171 0.00008663
9334 0.00008663
2040 0.00008663
6956 0.00008662
9135 0.00008661
8819 0.00008661
4419 0.00008659
1398 0.00008659
6215 0.00008657
9526 0.00008657
4414 0.00008657
7828 0.00008657
1892 0.00008656
1114 0.00008656
3768 0.00008653
4238 0.00008653
1071 0.00008653
4147 0.00008652
5560 0.00008651
2339 0.00008649
8276 0.00008647
1938 0.00008645
2483 0.00008645
6340 0.00008645
3307 0.00008644
7898 0.00008643
7663 0.00008642
9184 0.00008642
2291 0.00008641
5164 0.00008641
8655 0.00008641
8627 0.00008640
8136 0.00008640
4524 0.00008638
778 0.00008638
8709 0.00008636
8675 0.00008636
5677 0.00008635
7265 0.00008635
9957 0.00008631
8523 0.00008631
5574 0.00008628
2760 0.00008627
7262 0.00008626
6596 0.00008626
4370 0.00008626
1776 0.00008624
808 0.00008623
3883 0.00008623
7498 0.00008623
8728 0.00008623
7813 0.00008622
7598 0.00008622
8244 0.00008620
5069 0.00008620
9163 0.00008620
6642 0.00008620
2014 0.00008618
8777 0.00008618
6224 0.00008618
4439 0.00008616
4990 0.00008616
3874 0.00008616
2748 0.00008615
8538 0.00008615
169 0.00008614
9366 0.00008612
5544 0.00008609
9547 0.00008606
5447 0.00008605
744 0.00008604
2015 0.00008604
7519 0.00008603
8493 0.00008601
184 0.00008601
4289 0.00008599
6939 0.00008596
1698 0.00008596
7660 0.00008595
4720 0.00008595
4627 0.00008595
2738 0.00008595
2616 0.00008595
4996 0.00008595
1323 0.00008594
7449 0.00008593
2531 0.00008593
5161 0.00008592
2329 0.00008592
331 0.00008590
1740 0.00008588
3102 0.00008588
5528 0.00008588
6077 0.00008588
7092 0.00008587
5874 0.00008586
2626 0.00008586
7203 0.00008586
2131 0.00008585
6653 0.00008583
3152 0.00008583
5591 0.00008582
9542 0.00008582
1746 0.00008581
8450 0.00008580
8495 0.00008580
5028 0.00008579
6411 0.00008578
8328 0.00008577
4385 0.00008576
3109 0.00008575
2917 0.00008575
2163 0.00008575
1110 0.00008573
9201 0.00008570
2214 0.00008570
5581 0.00008567
3304 0.00008566
8758 0.00008566
9050 0.00008565
4031 0.00008564
4785 0.00008563
8116 0.00008562
9911 0.00008562
6674 0.00008558
6106 0.00008558
4079 0.00008557
1846 0.00008554
6558 0.00008554
5244 0.00008554
4106 0.00008553
5143 0.00008552
6348 0.00008551
1527 0.00008549
2506 0.00008548
667 0.00008547
7151 0.00008547
1974 0.00008546
2599 0.00008546
8933 0.00008545
621 0.00008544
9497 0.00008543
1203 0.00008543
4324 0.00008542
4499 0.00008542
8312 0.00008541
1040 0.00008541
6291 0.00008540
3368 0.00008540
4781 0.00008539
7127 0.00008537
9572 0.00008537
8168 0.00008536
6960 0.00008534
4603 0.00008531
320 0.00008531
8832 0.00008530
3855 0.00008529
6155 0.00008528
6737 0.00008527
764 0.00008527
4167 0.00008526
4086 0.00008526
9894 0.00008525
9566 0.00008523
8537 0.00008521
7608 0.00008521
9883 0.00008520
3517 0.00008519
1959 0.00008518
3537 0.00008517
1555 0.00008517
7976 0.00008517
7767 0.00008516
7981 0.00008515
5638 0.00008514
428 0.00008514
895 0.00008513
4836 0.00008513
2474 0.00008513
9673 0.00008512
2853 0.00008512
9896 0.00008511
2057 0.00008510
6199 0.00008509
2552 0.00008507
8014 0.00008507
7791 0.00008507
3286 0.00008506
1525 0.00008506
2425 0.00008504
8388 0.00008504
859 0.00008503
1106 0.00008503
5115 0.00008500
3613 0.00008499
4762 0.00008498
715 0.00008498
6096 0.00008497
1923 0.00008496
2019 0.00008496
2317 0.00008494
6040 0.00008491
6452 0.00008491
8672 0.00008490
288 0.00008489
4157 0.00008489
151 0.00008489
6169 0.00008488
8285 0.00008487
4163 0.00008487
3564 0.00008486
2134 0.00008486
6282 0.00008485
3255 0.00008485
2322 0.00008485
1993 0.00008485
9934 0.00008485
290 0.00008482
3073 0.00008482
9082 0.00008479
8131 0.00008479
5380 0.00008477
1486 0.00008476
9804 0.00008476
2678 0.00008475
5101 0.00008475
515 0.00008475
566 0.00008473
1349 0.00008473
1118 0.00008472
5580 0.00008472
9080 0.00008470
1880 0.00008470
3907 0.00008469
1632 0.00008469
3766 0.00008469
2391 0.00008469
6127 0.00008469
1942 0.00008465
1894 0.00008465
5199 0.00008465
7184 0.00008464
7989 0.00008464
1165 0.00008463
4587 0.00008461
7961 0.00008460
147 0.00008460
655 0.00008459
2627 0.00008458
3398 0.00008458
3974 0.00008458
6731 0.00008457
665 0.00008455
7193 0.00008454
45 0.00008453
7212 0.00008453
6819 0.00008451
1943 0.00008450
7641 0.00008450
3168 0.00008450
6457 0.00008449
3521 0.00008449
7152 0.00008447
6591 0.00008445
9359 0.00008445
7396 0.00008445
3185 0.00008445
519 0.00008444
1972 0.00008443
9921 0.00008442
9727 0.00008442
8228 0.00008442
1150 0.00008441
3558 0.00008441
1646 0.00008440
7769 0.00008440
730 0.00008440
9620 0.00008440
1260 0.00008439
6622 0.00008438
8374 0.00008435
4739 0.00008435
9413 0.00008435
2175 0.00008434
3806 0.00008432
6360 0.00008431
6429 0.00008431
8129 0.00008429
3628 0.00008428
9027 0.00008428
6270 0.00008427
9554 0.00008427
6109 0.00008424
7674 0.00008423
5232 0.00008422
5203 0.00008421
1949 0.00008420
7645 0.00008419
6539 0.00008418
7374 0.00008417
4985 0.00008417
4313 0.00008417
7487 0.00008417
8756 0.00008416
960 0.00008416
8292 0.00008414
8248 0.00008413
2747 0.00008413
901 0.00008411
2392 0.00008411
7017 0.00008411
8511 0.00008410
6151 0.00008410
309 0.00008409
7707 0.00008409
6294 0.00008408
5213 0.00008408
5073 0.00008408
1689 0.00008405
2687 0.00008405
8502 0.00008405
827 0.00008404
5320 0.00008403
5068 0.00008402
5937 0.00008401
7662 0.00008399
2934 0.00008399
5769 0.00008397
2357 0.00008397
5239 0.00008396
8563 0.00008393
379 0.00008391
2578 0.00008390
1253 0.00008390
1064 0.00008390
3266 0.00008390
1769 0.00008389
3350 0.00008387
3155 0.00008387
6481 0.00008386
2260 0.00008386
934 0.00008385
9612 0.00008385
8908 0.00008385
817 0.00008383
6271 0.00008383
115 0.00008382
2246 0.00008381
1873 0.00008380
4339 0.00008378
4815 0.00008377
9364 0.00008377
8123 0.00008377
4693 0.00008377
3999 0.00008376
9815 0.00008374
6211 0.00008374
5932 0.00008373
2889 0.00008373
3746 0.00008371
7735 0.00008371
4810 0.00008371
1437 0.00008370
446 0.00008367
8389 0.00008367
674 0.00008366
8198 0.00008364
9761 0.00008363
2689 0.00008360
9262 0.00008360
9077 0.00008359
1359 0.00008359
7664 0.00008359
1504 0.00008358
6633 0.00008358
287 0.00008357
4789 0.00008357
5724 0.00008356
7823 0.00008353
4279 0.00008353
7566 0.00008352
6128 0.00008352
9319 0.00008351
5632 0.00008351
2213 0.00008349
6777 0.00008347
9314 0.00008346
6706 0.00008346
8427 0.00008344
9834 0.00008344
173 0.00008343
2999 0.00008342
6713 0.00008342
6016 0.00008342
7354 0.00008341
1697 0.00008341
3032 0.00008340
5494 0.00008339
3017 0.00008339
4997 0.00008339
4176 0.00008337
177 0.00008337
822 0.00008336
7768 0.00008335
8077 0.00008334
5502 0.00008334
8016 0.00008331
6319 0.00008330
2099 0.00008330
7276 0.00008329
8272 0.00008328
357 0.00008326
4714 0.00008325
6149 0.00008325
4708 0.00008325
3904 0.00008324
1712 0.00008323
6285 0.00008322
4508 0.00008320
2088 0.00008319
102 0.00008315
1805 0.00008314
8852 0.00008314
6045 0.00008313
4401 0.00008313
4843 0.00008312
4050 0.00008310
9178 0.00008309
8673 0.00008309
2850 0.00008307
272 0.00008306
1147 0.00008306
790 0.00008305
5097 0.00008305
2155 0.00008304
1157 0.00008304
484 0.00008304
4060 0.00008303
6364 0.00008302
6589 0.00008302
8807 0.00008302
582 0.00008301
4399 0.00008300
1254 0.00008299
5191 0.00008298
4865 0.00008298
6441 0.00008297
2888 0.00008297
5901 0.00008296
5522 0.00008294
3540 0.00008293
5809 0.00008290
8227 0.00008289
6875 0.00008289
2541 0.00008288
990 0.00008288
5236 0.00008288
5269 0.00008288
8932 0.00008288
3566 0.00008287
8321 0.00008286
1886 0.00008284
8782 0.00008282
574 0.00008281
1259 0.00008281
5733 0.00008280
9544 0.00008280
7984 0.00008280
6903 0.00008277
4936 0.00008277
1693 0.00008276
3173 0.00008276
9421 0.00008271
4121 0.00008271
3245 0.00008271
7228 0.00008270
3519 0.00008270
7324 0.00008269
4133 0.00008266
4137 0.00008265
3014 0.00008265
165 0.00008264
373 0.00008263
7375 0.00008262
5498 0.00008260
2570 0.00008258
1406 0.00008257
2593 0.00008256
7051 0.00008255
4683 0.00008255
4588 0.00008254
8560 0.00008253
9396 0.00008252
5906 0.00008252
4159 0.00008251
4820 0.00008251
5860 0.00008251
6509 0.00008249
9151 0.00008249
3511 0.00008248
6134 0.00008248
327 0.00008247
1098 0.00008247
1495 0.00008247
6759 0.00008245
6739 0.00008244
9686 0.00008244
7430 0.00008243
2318 0.00008243
6317 0.00008242
6907 0.00008242
9139 0.00008241
3942 0.00008238
8771 0.00008237
1111 0.00008237
8021 0.00008235
4761 0.00008235
4830 0.00008235
7628 0.00008234
6304 0.00008232
5139 0.00008232
9711 0.00008232
4119 0.00008232
2936 0.00008231
6730 0.00008230
6671 0.00008230
1394 0.00008228
7049 0.00008227
3332 0.00008226
4581 0.00008225
8213 0.00008224
5816 0.00008224
584 0.00008223
2796 0.00008223
643 0.00008222
4800 0.00008221
9118 0.00008221
9856 0.00008221
2946 0.00008218
5386 0.00008218
1378 0.00008218
1735 0.00008218
3899 0.00008217
6618 0.00008216
6992 0.00008216
6240 0.00008215
9440 0.00008214
1803 0.00008214
8465 0.00008214
8842 0.00008213
4956 0.00008211
6646 0.00008208
4231 0.00008208
6126 0.00008207
4620 0.00008206
9777 0.00008199
5796 0.00008199
2989 0.00008197
7837 0.00008197
7968 0.00008196
8575 0.00008193
2774 0.00008192
9996 0.00008190
7563 0.00008189
240 0.00008188
4027 0.00008187
5057 0.00008185
9871 0.00008183
631 0.00008182
5601 0.00008182
6041 0.00008181
7478 0.00008177
1025 0.00008177
6257 0.00008176
7503 0.00008175
5276 0.00008175
3237 0.00008175
9370 0.00008175
1487 0.00008174
1274 0.00008174
8270 0.00008173
3163 0.00008173
5312 0.00008173
1948 0.00008172
5579 0.00008172
1882 0.00008171
7097 0.00008171
4910 0.00008170
6723 0.00008170
1853 0.00008170
666 0.00008169
7250 0.00008169
7469 0.00008168
6562 0.00008168
8222 0.00008168
5175 0.00008167
1719 0.00008166
1851 0.00008166
6790 0.00008164
1282 0.00008164
3371 0.00008163
3303 0.00008162
9268 0.00008162
2602 0.00008161
6523 0.00008161
1660 0.00008161
6048 0.00008160
6399 0.00008160
1828 0.00008158
7887 0.00008158
5582 0.00008154
8657 0.00008153
2535 0.00008152
99 0.00008152
2205 0.00008151
6050 0.00008150
864 0.00008149
903 0.00008148
6236 0.00008148
8360 0.00008147
1032 0.00008147
3757 0.00008144
740 0.00008143
3167 0.00008143
7937 0.00008142
9875 0.00008142
318 0.00008140
3500 0.00008140
7380 0.00008139
9642 0.00008136
1826 0.00008135
5547 0.00008134
7142 0.00008133
5083 0.00008133
2551 0.00008131
4583 0.00008131
1182 0.00008131
3716 0.00008131
6226 0.00008127
1558 0.00008126
1082 0.00008125
7907 0.00008125
4322 0.00008124
9090 0.00008124
7507 0.00008124
1674 0.00008123
6735 0.00008123
2798 0.00008123
2127 0.00008122
2596 0.00008122
1471 0.00008120
4248 0.00008119
2469 0.00008118
5720 0.00008115
470 0.00008114
9165 0.00008114
1187 0.00008113
4241 0.00008113
8024 0.00008112
8467 0.00008112
746 0.00008111
4071 0.00008110
6658 0.00008110
9137 0.00008107
4868 0.00008107
4912 0.00008107
3203 0.00008107
7529 0.00008107
8536 0.00008106
3488 0.00008106
1945 0.00008103
3561 0.00008103
7655 0.00008102
743 0.00008102
8919 0.00008102
9549 0.00008101
5833 0.00008100
5861 0.00008100
3580 0.00008099
8349 0.00008098
5037 0.00008098
2024 0.00008096
3079 0.00008096
6185 0.00008095
4318 0.00008095
3568 0.00008094
4388 0.00008094
7868 0.00008093
1112 0.00008091
7528 0.00008090
5417 0.00008090
4500 0.00008089
2234 0.00008088
1077 0.00008086
7002 0.00008083
1135 0.00008078
6559 0.00008077
2644 0.00008076
3994 0.00008076
5064 0.00008075
3289 0.00008075
2494 0.00008075
4446 0.00008073
8200 0.00008073
9372 0.00008070
4213 0.00008068
536 0.00008067
7694 0.00008065
5291 0.00008065
4837 0.00008064
1421 0.00008064
9490 0.00008058
9553 0.00008057
2745 0.00008057
556 0.00008056
7638 0.00008055
4648 0.00008055
5756 0.00008055
8011 0.00008052
2168 0.00008051
4323 0.00008050
9233 0.00008049
5155 0.00008049
9255 0.00008049
11 0.00008049
2062 0.00008046
5941 0.00008045
2622 0.00008045
5484 0.00008042
2723 0.00008041
4676 0.00008041
7370 0.00008041
4442 0.00008039
3442 0.00008038
2777 0.00008038
8438 0.00008036
8310 0.00008034
3880 0.00008034
4335 0.00008033
3966 0.00008032
8124 0.00008031
1799 0.00008030
5136 0.00008030
7335 0.00008028
2654 0.00008028
2420 0.00008027
2681 0.00008025
7679 0.00008025
6311 0.00008025
2671 0.00008024
1057 0.00008024
9197 0.00008023
1739 0.00008023
8645 0.00008022
9969 0.00008022
4387 0.00008022
5007 0.00008022
1718 0.00008020
9363 0.00008020
2387 0.00008015
3174 0.00008014
2160 0.00008014
1902 0.00008012
7757 0.00008012
2028 0.00008011
6088 0.00008011
9204 0.00008010
5543 0.00008010
7864 0.00008009
8564 0.00008007
6375 0.00008004
2761 0.00008001
1812 0.00008001
8161 0.00008001
190 0.00007995
2775 0.00007995
6380 0.00007994
6922 0.00007993
2261 0.00007993
5295 0.00007992
301 0.00007992
2958 0.00007991
8289 0.00007991
9585 0.00007988
5308 0.00007988
3431 0.00007987
6001 0.00007986
7697 0.00007986
8203 0.00007986
6009 0.00007985
2912 0.00007983
1073 0.00007983
1391 0.00007981
2468 0.00007981
9501 0.00007981
6035 0.00007978
5845 0.00007977
3425 0.00007974
1947 0.00007972
9252 0.00007971
4186 0.00007970
7012 0.00007970
1708 0.00007970
8616 0.00007966
7351 0.00007966
9858 0.00007965
254 0.00007965
3367 0.00007965
8029 0.00007964
7590 0.00007964
5384 0.00007964
7310 0.00007963
7233 0.00007962
4103 0.00007962
5526 0.00007961
2476 0.00007960
6206 0.00007960
4365 0.00007958
6369 0.00007958
6168 0.00007955
1152 0.00007954
2384 0.00007952
5442 0.00007950
9481 0.00007948
8775 0.00007948
2500 0.00007947
1584 0.00007947
8174 0.00007947
1277 0.00007945
9985 0.00007945
4153 0.00007943
3912 0.00007942
8048 0.00007941
9448 0.00007938
6336 0.00007938
8391 0.00007936
4888 0.00007936
9056 0.00007931
4615 0.00007931
7755 0.00007929
6680 0.00007929
9474 0.00007925
7466 0.00007925
1513 0.00007925
4292 0.00007924
967 0.00007924
6949 0.00007921
9265 0.00007921
5647 0.00007920
3650 0.00007919
5208 0.00007919
5857 0.00007918
5546 0.00007918
3261 0.00007917
9569 0.00007916
4303 0.00007915
8488 0.00007915
4325 0.00007915
8392 0.00007915
3481 0.00007911
2749 0.00007909
7115 0.00007907
8265 0.00007904
6641 0.00007903
8608 0.00007902
5538 0.00007901
3388 0.00007901
3223 0.00007900
5029 0.00007899
8326 0.00007899
2788 0.00007898
7958 0.00007897
4478 0.00007896
1052 0.00007895
3866 0.00007894
4357 0.00007893
9076 0.00007891
3403 0.00007890
5173 0.00007890
6499 0.00007889
2071 0.00007889
4435 0.00007889
195 0.00007888
242 0.00007887
7698 0.00007886
1222 0.00007885
3684 0.00007885
2598 0.00007884
9938 0.00007884
793 0.00007884
1263 0.00007883
1737 0.00007883
8459 0.00007881
3896 0.00007880
1755 0.00007880
4085 0.00007878
3347 0.00007875
2029 0.00007874
7512 0.00007872
5198 0.00007871
8970 0.00007869
1315 0.00007868
4771 0.00007867
9918 0.00007867
2567 0.00007866
3443 0.00007864
8736 0.00007862
9104 0.00007859
8607 0.00007859
2388 0.00007858
8860 0.00007858
4602 0.00007856
6834 0.00007853
3937 0.00007853
7464 0.00007852
3494 0.00007849
1502 0.00007848
6407 0.00007848
412 0.00007846
9825 0.00007845
2232 0.00007843
1044 0.00007842
4687 0.00007842
1855 0.00007841
3863 0.00007840
44 0.00007840
1593 0.00007840
7703 0.00007840
9789 0.00007836
4596 0.00007836
9145 0.00007834
3227 0.00007834
5053 0.00007832
1089 0.00007832
7045 0.00007831
6135 0.00007829
6813 0.00007826
1435 0.00007825
4533 0.00007824
2294 0.00007821
1463 0.00007819
2897 0.00007818
8130 0.00007817
6345 0.00007815
2922 0.00007813
3762 0.00007813
8446 0.00007813
204 0.00007813
9787 0.00007811
3299 0.00007810
9174 0.00007809
4199 0.00007807
229 0.00007805
4080 0.00007804
4022 0.00007803
488 0.00007802
2101 0.00007802
2501 0.00007798
4204 0.00007797
4077 0.00007796
5876 0.00007794
5299 0.00007791
3066 0.00007791
3801 0.00007789
3569 0.00007789
8931 0.00007787
8641 0.00007787
5015 0.00007786
4653 0.00007785
6802 0.00007783
7197 0.00007782
3116 0.00007780
4364 0.00007779
9801 0.00007779
5630 0.00007778
6576 0.00007776
4721 0.00007776
9708 0.00007774
6246 0.00007773
8307 0.00007773
4492 0.00007772
1101 0.00007772
1245 0.00007767
1541 0.00007766
7719 0.00007763
2480 0.00007763
3731 0.00007763
5340 0.00007760
4208 0.00007759
5481 0.00007756
4280 0.00007755
4969 0.00007755
5534 0.00007754
1045 0.00007753
1690 0.00007753
2037 0.00007753
3951 0.00007750
1574 0.00007749
3050 0.00007748
8841 0.00007747
8661 0.00007746
576 0.00007746
1470 0.00007745
4536 0.00007745
6133 0.00007744
2437 0.00007744
8393 0.00007744
9818 0.00007743
4494 0.00007743
2634 0.00007742
4087 0.00007742
4259 0.00007741
7481 0.00007740
5903 0.00007740
6805 0.00007738
7494 0.00007738
7456 0.00007731
9171 0.00007731
2975 0.00007730
6946 0.00007729
9951 0.00007726
1661 0.00007725
8468 0.00007724
9519 0.00007722
4715 0.00007721
766 0.00007720
4977 0.00007720
858 0.00007719
460 0.00007717
7789 0.00007716
6371 0.00007715
6750 0.00007714
1778 0.00007714
5060 0.00007712
2667 0.00007710
7126 0.00007710
661 0.00007709
8907 0.00007708
7744 0.00007707
3263 0.00007706
2117 0.00007705
2256 0.00007704
5247 0.00007703
7942 0.00007703
2439 0.00007698
4098 0.00007698
6131 0.00007697
1934 0.00007697
7031 0.00007696
3633 0.00007693
3135 0.00007692
353 0.00007692
2808 0.00007691
2250 0.00007690
6145 0.00007686
2485 0.00007684
7872 0.00007682
172 0.00007682
970 0.00007682
9522 0.00007679
5488 0.00007677
2186 0.00007676
4482 0.00007673
9390 0.00007673
500 0.00007670
6743 0.00007669
6393 0.00007668
9381 0.00007668
7819 0.00007666
9550 0.00007665
5145 0.00007660
6264 0.00007652
5829 0.00007652
3034 0.00007651
644 0.00007651
5388 0.00007650
5406 0.00007647
3256 0.00007647
6361 0.00007646
7955 0.00007645
3416 0.00007644
1969 0.00007642
635 0.00007642
1088 0.00007641
1911 0.00007640
510 0.00007638
3201 0.00007637
2008 0.00007636
9480 0.00007636
8596 0.00007636
8041 0.00007634
2067 0.00007634
7462 0.00007633
8092 0.00007633
3671 0.00007633
7644 0.00007632
7706 0.00007630
6599 0.00007629
5868 0.00007629
8659 0.00007628
6184 0.00007627
2670 0.00007623
7691 0.00007623
9001 0.00007623
2540 0.00007623
8184 0.00007619
8871 0.00007617
9312 0.00007612
8247 0.00007611
9922 0.00007610
7044 0.00007605
1382 0.00007603
7752 0.00007601
3378 0.00007600
9263 0.00007600
5885 0.00007597
2025 0.00007593
4198 0.00007593
3453 0.00007593
7991 0.00007588
9995 0.00007586
2661 0.00007586
9990 0.00007585
1872 0.00007581
593 0.00007579
2082 0.00007576
9330 0.00007574
465 0.00007573
1939 0.00007573
8853 0.00007572
5165 0.00007572
5959 0.00007571
8478 0.00007571
9617 0.00007570
6076 0.00007570
7564 0.00007569
6329 0.00007569
3941 0.00007565
7588 0.00007564
8691 0.00007564
8677 0.00007564
1013 0.00007562
6396 0.00007558
4197 0.00007558
6600 0.00007557
1540 0.00007557
5872 0.00007553
2258 0.00007553
4814 0.00007552
7489 0.00007551
9011 0.00007551
610 0.00007546
9254 0.00007546
4670 0.00007544
7315 0.00007544
432 0.00007542
860 0.00007540
5891 0.00007540
3754 0.00007538
3213 0.00007532
4315 0.00007525
1973 0.00007516
4864 0.00007516
2361 0.00007515
6745 0.00007515
9378 0.00007513
4974 0.00007512
9462 0.00007512
8630 0.00007511
942 0.00007508
4590 0.00007506
2428 0.00007506
6392 0.00007506
8454 0.00007506
5003 0.00007505
3117 0.00007505
8151 0.00007505
4735 0.00007504
7717 0.00007504
273 0.00007502
9664 0.00007499
6929 0.00007499
6701 0.00007495
1003 0.00007493
9073 0.00007493
5673 0.00007487
6614 0.00007486
2935 0.00007485
7410 0.00007483
7240 0.00007481
7616 0.00007480
8147 0.00007480
3467 0.00007480
6320 0.00007479
9716 0.00007477
9368 0.00007476
915 0.00007475
1128 0.00007474
3130 0.00007474
3531 0.00007474
7960 0.00007473
1924 0.00007472
4965 0.00007472
6485 0.00007471
1420 0.00007470
3759 0.00007467
1629 0.00007467
4412 0.00007463
1316 0.00007463
7559 0.00007459
7454 0.00007457
3953 0.00007457
3211 0.00007456
3548 0.00007456
8352 0.00007456
5186 0.00007451
9599 0.00007450
8125 0.00007450
671 0.00007450
5237 0.00007449
84 0.00007448
502 0.00007446
5038 0.00007446
6754 0.00007444
9483 0.00007443
1562 0.00007436
3891 0.00007435
4793 0.00007435
8813 0.00007433
2164 0.00007432
6803 0.00007430
3321 0.00007429
6930 0.00007428
1852 0.00007426
9876 0.00007425
6585 0.00007424
5249 0.00007422
3414 0.00007421
6999 0.00007417
3384 0.00007417
7799 0.00007414
4344 0.00007414
8643 0.00007413
9805 0.00007413
7977 0.00007411
815 0.00007410
5540 0.00007409
7636 0.00007406
6935 0.00007406
4456 0.00007405
4432 0.00007403
1734 0.00007403
5646 0.00007400
9142 0.00007399
283 0.00007398
6856 0.00007395
370 0.00007393
1053 0.00007390
3663 0.00007388
4634 0.00007378
2397 0.00007377
5335 0.00007375
2538 0.00007373
9274 0.00007372
1625 0.00007367
6682 0.00007366
9755 0.00007365
2285 0.00007365
1641 0.00007365
1452 0.00007364
8230 0.00007364
495 0.00007355
9238 0.00007355
3355 0.00007352
5033 0.00007350
3379 0.00007347
3940 0.00007346
2829 0.00007344
9177 0.00007340
3105 0.00007340
4294 0.00007340
1473 0.00007336
6677 0.00007335
2406 0.00007334
9577 0.00007332
6116 0.00007331
3724 0.00007330
9284 0.00007330
4777 0.00007330
8906 0.00007328
916 0.00007323
1455 0.00007323
9744 0.00007321
8603 0.00007319
3656 0.00007315
3659 0.00007315
6699 0.00007314
1747 0.00007313
6094 0.00007311
6947 0.00007310
3275 0.00007307
4637 0.00007305
7553 0.00007297
7307 0.00007293
807 0.00007292
6440 0.00007290
5058 0.00007289
9887 0.00007289
5205 0.00007289
2827 0.00007288
6230 0.00007287
5778 0.00007285
2083 0.00007282
9179 0.00007281
9822 0.00007279
6958 0.00007276
4267 0.00007275
1835 0.00007273
504 0.00007272
2582 0.00007272
7776 0.00007272
7782 0.00007269
2658 0.00007269
4600 0.00007268
7063 0.00007266
8126 0.00007263
7273 0.00007258
3674 0.00007256
2212 0.00007252
6228 0.00007249
2780 0.00007249
5678 0.00007248
2933 0.00007242
6102 0.00007238
4125 0.00007237
7871 0.00007235
4082 0.00007234
3542 0.00007234
1496 0.00007234
1551 0.00007232
4272 0.00007231
2633 0.00007231
2832 0.00007230
6726 0.00007230
4929 0.00007228
4764 0.00007225
7562 0.00007224
3143 0.00007224
2055 0.00007221
963 0.00007217
5467 0.00007215
7091 0.00007212
3571 0.00007211
5254 0.00007207
7891 0.00007206
4624 0.00007206
2861 0.00007205
2075 0.00007204
7812 0.00007201
4575 0.00007200
2785 0.00007199
4860 0.00007196
362 0.00007194
9943 0.00007192
8679 0.00007191
9788 0.00007189
2868 0.00007187
7793 0.00007185
1343 0.00007182
9895 0.00007181
3214 0.00007180
7974 0.00007178
8703 0.00007176
1172 0.00007174
461 0.00007173
891 0.00007169
5936 0.00007167
6343 0.00007165
3972 0.00007164
7659 0.00007163
9266 0.00007163
8714 0.00007159
6584 0.00007157
8903 0.00007157
8778 0.00007155
8557 0.00007155
9939 0.00007155
5918 0.00007153
8793 0.00007150
2218 0.00007150
5138 0.00007143
1858 0.00007139
1186 0.00007138
124 0.00007137
1423 0.00007136
7609 0.00007134
1482 0.00007132
6225 0.00007130
6686 0.00007130
6189 0.00007130
6848 0.00007129
7927 0.00007125
6785 0.00007122
5432 0.00007121
2208 0.00007117
7098 0.00007116
6205 0.00007115
3562 0.00007112
6290 0.00007110
8705 0.00007108
9476 0.00007107
8978 0.00007107
9797 0.00007103
7100 0.00007094
1234 0.00007090
3998 0.00007089
6344 0.00007085
8359 0.00007082
3587 0.00007080
5119 0.00007078
2346 0.00007078
3584 0.00007077
4312 0.00007077
2831 0.00007076
4709 0.00007076
1459 0.00007076
9357 0.00007075
3259 0.00007073
3086 0.00007069
862 0.00007066
1728 0.00007061
6179 0.00007060
7790 0.00007059
3004 0.00007057
1194 0.00007056
9494 0.00007055
788 0.00007053
4420 0.00007052
1355 0.00007049
7802 0.00007049
8057 0.00007048
9756 0.00007046
2314 0.00007044
784 0.00007041
7201 0.00007040
4002 0.00007033
2801 0.00007032
236 0.00007029
1982 0.00007028
7756 0.00007027
95 0.00007020
4621 0.00007020
1514 0.00007017
3599 0.00007016
9199 0.00007013
2637 0.00007013
225 0.00007012
38 0.00007009
3339 0.00007008
8513 0.00007005
1006 0.00007002
363 0.00007001
6795 0.00006997
5248 0.00006992
1658 0.00006990
6123 0.00006986
2843 0.00006985
2092 0.00006981
4029 0.00006972
7758 0.00006972
1741 0.00006971
4742 0.00006971
9126 0.00006970
2650 0.00006968
6975 0.00006968
5349 0.00006966
3794 0.00006964
8821 0.00006963
9025 0.00006962
1155 0.00006961
1083 0.00006959
7817 0.00006951
5479 0.00006944
5294 0.00006938
2459 0.00006933
4626 0.00006932
8948 0.00006930
3798 0.00006929
6015 0.00006929
13 0.00006928
612 0.00006928
4341 0.00006924
3084 0.00006923
2434 0.00006922
9293 0.00006920
1304 0.00006918
78 0.00006917
1878 0.00006913
8902 0.00006910
6791 0.00006907
4380 0.00006904
6638 0.00006900
5277 0.00006900
800 0.00006899
3530 0.00006897
7404 0.00006896
1842 0.00006895
9879 0.00006891
1345 0.00006891
1534 0.00006890
9306 0.00006890
3594 0.00006890
2779 0.00006888
935 0.00006885
9968 0.00006885
1401 0.00006880
3179 0.00006876
1832 0.00006874
2045 0.00006874
6239 0.00006872
6613 0.00006869
3963 0.00006868
5946 0.00006866
4302 0.00006863
6147 0.00006863
5301 0.00006848
3114 0.00006848
997 0.00006842
6563 0.00006836
2513 0.00006834
6581 0.00006833
1946 0.00006831
8294 0.00006829
560 0.00006829
1538 0.00006826
4469 0.00006824
521 0.00006822
4947 0.00006817
710 0.00006808
4517 0.00006805
9207 0.00006801
3952 0.00006798
7842 0.00006795
2364 0.00006794
6771 0.00006791
9227 0.00006786
5690 0.00006782
594 0.00006779
7381 0.00006777
1238 0.00006775
4409 0.00006774
6075 0.00006774
7482 0.00006772
1581 0.00006771
3076 0.00006761
4751 0.00006760
3623 0.00006753
2177 0.00006752
9595 0.00006744
586 0.00006744
4586 0.00006734
7035 0.00006734
2204 0.00006732
4920 0.00006726
4228 0.00006707
8150 0.00006700
4995 0.00006699
3370 0.00006699
1255 0.00006695
409 0.00006692
4377 0.00006691
3812 0.00006691
1758 0.00006689
5491 0.00006688
2199 0.00006687
3415 0.00006684
9240 0.00006684
410 0.00006681
8463 0.00006680
6574 0.00006677
4706 0.00006676
3080 0.00006675
3664 0.00006673
1762 0.00006671
554 0.00006666
6597 0.00006661
6454 0.00006657
4561 0.00006656
133 0.00006654
1591 0.00006654
1085 0.00006649
722 0.00006648
5954 0.00006645
3184 0.00006641
2325 0.00006634
6432 0.00006629
1730 0.00006628
2855 0.00006626
9840 0.00006617
7407 0.00006616
696 0.00006608
7578 0.00006605
6347 0.00006604
9771 0.00006596
5740 0.00006592
6881 0.00006590
1380 0.00006588
4902 0.00006588
1068 0.00006588
6983 0.00006578
1796 0.00006573
996 0.00006571
2321 0.00006567
4952 0.00006559
5511 0.00006545
6780 0.00006543
2461 0.00006543
7347 0.00006537
8864 0.00006536
423 0.00006535
3327 0.00006522
2799 0.00006514
1491 0.00006509
1275 0.00006508
1507 0.00006507
1494 0.00006506
3591 0.00006500
7626 0.00006498
326 0.00006493
943 0.00006492
6532 0.00006491
9361 0.00006488
5321 0.00006488
4181 0.00006485
3938 0.00006483
2597 0.00006482
717 0.00006474
130 0.00006472
4750 0.00006468
4663 0.00006465
9763 0.00006465
4662 0.00006457
342 0.00006457
7104 0.00006457
650 0.00006455
8969 0.00006444
6816 0.00006435
5337 0.00006431
7399 0.00006429
9502 0.00006425
2031 0.00006425
1063 0.00006420
292 0.00006403
5202 0.00006397
9464 0.00006397
1012 0.00006394
3372 0.00006381
8863 0.00006379
7809 0.00006377
6670 0.00006375
7855 0.00006361
9565 0.00006356
1807 0.00006355
5752 0.00006354
795 0.00006351
7122 0.00006349
2104 0.00006346
8769 0.00006344
7125 0.00006341
5564 0.00006340
3119 0.00006330
8257 0.00006321
4220 0.00006309
5424 0.00006309
6571 0.00006308
1815 0.00006305
3582 0.00006304
1729 0.00006302
7221 0.00006290
5714 0.00006284
5289 0.00006281
9563 0.00006269
5387 0.00006265
4476 0.00006264
7583 0.00006256
920 0.00006244
3309 0.00006231
2987 0.00006222
4526 0.00006221
7517 0.00006221
9703 0.00006219
3807 0.00006218
1353 0.00006218
9854 0.00006218
2245 0.00006204
6219 0.00006199
7605 0.00006186
2640 0.00006186
3497 0.00006184
3870 0.00006175
9774 0.00006166
5836 0.00006165
6194 0.00006159
7795 0.00006157
2350 0.00006155
1742 0.00006149
9279 0.00006140
6512 0.00006138
415 0.00006134
7206 0.00006126
6968 0.00006111
4150 0.00006111
1167 0.00006110
9434 0.00006110
8189 0.00006107
3019 0.00006106
9941 0.00006105
7973 0.00006100
4073 0.00006092
9325 0.00006089
4141 0.00006075
9308 0.00006075
463 0.00006070
2374 0.00006059
3430 0.00006052
5209 0.00006046
7288 0.00006035
5170 0.00006024
8715 0.00006018
1626 0.00006002
5871 0.00005998
6300 0.00005988
8334 0.00005984
7492 0.00005962
2863 0.00005951
3146 0.00005940
8846 0.00005929
2873 0.00005920
8250 0.00005909
6775 0.00005908
8255 0.00005898
5524 0.00005897
406 0.00005880
5347 0.00005855
9218 0.00005846
2470 0.00005837
6125 0.00005828
7500 0.00005826
6508 0.00005814
6586 0.00005794
1782 0.00005789
4135 0.00005779
7165 0.00005779
5441 0.00005773
6853 0.00005768
337 0.00005755
1563 0.00005751
624 0.00005747
1680 0.00005746
8574 0.00005736
8283 0.00005735
9158 0.00005730
3932 0.00005726
2715 0.00005712
5880 0.00005710
1402 0.00005703
1913 0.00005701
4859 0.00005698
1227 0.00005694
7432 0.00005684
6681 0.00005681
4184 0.00005678
6996 0.00005672
2632 0.00005671
9935 0.00005658
5070 0.00005657
9269 0.00005656
4391 0.00005655
3294 0.00005654
8977 0.00005637
1509 0.00005633
8925 0.00005630
2610 0.00005624
9299 0.00005612
1016 0.00005609
3527 0.00005607
481 0.00005601
1230 0.00005589
5414 0.00005584
5742 0.00005576
6213 0.00005575
2426 0.00005574
6465 0.00005553
3708 0.00005525
2571 0.00005517
2389 0.00005463
178 0.00005462
3808 0.00005459
3795 0.00005401
9245 0.00005351
5991 0.00005300
7313 0.00005298
1636 0.00005284
9824 0.00005253
5533 0.00005230
739 0.00005210
5718 0.00005192
4069 0.00005187
6980 0.00005178
5944 0.00005165
1297 0.00005115
4048 0.00005107
7025 0.00005079
4067 0.00005061
7108 0.00005032
6575 0.00004935
7263 0.00004933
4226 0.00004914
4658 0.00004801
7511 0.00004789
9885 0.00004686
352 0.00004673
270 0.00004622
8745 0.00004382
7970 0.00004343
5858 0.00004255
3426 0.00004221
5808 0.00004213
898 0.00004053
1346 0.00003620
2422 0.00003264
